{"rf(k)": 0.6614869467712724, "xgb(k)": 0.6586673069956597, "lgb(k)": 0.6790296400668229, "cat(k)": 0.46294434171874393, "lr(k)": 8.133096661663311, "ridgelr(k)": 2.962090609824465, "mlp(k)": 2.1527649287525703, "svr(k)": 1.504270678086056, "gsr(k)": 3.1555340920991664}