{"rf(k)": 0.6315956563060331, "xgb(k)": 0.5465932551910008, "lgb(k)": 0.6135416227895151, "cat(k)": 0.5101948882368513, "lr(k)": 1.561706686021221, "ridgelr(k)": 1.373526604370383, "mlp(k)": 1.2170671382140104, "svr(k)": 0.8605988658539351, "gsr(k)": 1.079501901964437}