{"rf(k)": 0.6472922811456084, "xgb(k)": 0.6487957253452282, "lgb(k)": 0.6379384407334328, "cat(k)": 0.7531560622304674, "lr(k)": -3.3366025357858407, "ridgelr(k)": -0.5793996043771563, "mlp(k)": -0.14786362898949834, "svr(k)": 0.19791632775674373, "gsr(k)": -0.6825445110051502}