pred,true
0.18225073144912537,0.17
0.1821428571428571,0.28
0.1819240750268562,0.06
0.18605337484397683,0.31
0.18214285752126627,0.21
0.16485367537698425,0.05
0.1821428571428571,0.3
0.1821428571428571,0.28
0.36112010420187934,0.34
0.3619902522534701,0.31
0.1821428571428571,0.35
0.18211484024911154,0.03
0.18214285486300202,0.15
0.17811321721212672,0.12
0.17795148487309506,0.01
0.1821428571428571,0.07
0.18214285714285763,0.35
0.23738427842745258,0.2
