{"rf(k)": 2.7929538593356265, "xgb(k)": 4.122536698894724, "lgb(k)": 3.576104782252893, "cat(k)": 1.7308357329180253, "lr(k)": 0.9578705480468075, "ridgelr(k)": 1.7336644611760357, "mlp(k)": 3.6298942655518176, "svr(k)": 0.8694797721694204, "gsr(k)": 0.9206587059907043}