{"rf(k)": -2.384942998885632, "xgb(k)": -3.99634166526912, "lgb(k)": -3.334089088334532, "cat(k)": -1.0977003529000684, "lr(k)": -0.16089895098412232, "ridgelr(k)": -1.1011286529705102, "mlp(k)": -3.3992796872761417, "svr(k)": -0.05377303589886484, "gsr(k)": -0.11579975830594202}