{"rf(k)": 0.7471787475403776, "xgb(k)": 0.7613655253829668, "lgb(k)": 0.9781693934584528, "cat(k)": 0.7011508293002028, "lr(k)": 0.7829065403620874, "ridgelr(k)": 1.0710745613391723, "mlp(k)": 1.2182980701365302, "svr(k)": 0.4905855705720848, "gsr(k)": 0.6175259757926848}