{"rf": 5.628980201050118, "xgb": 5.276554446847098, "lgb": 4.9339438648897636, "cat": 5.064313265939967, "lr": 8.961049211506264, "ridgelr": 9.087470151720327, "svr": 7.2781602995392465, "gsr": 8.45449507624841}