{"rf": 53.63762200909663, "xgb": 45.28119836835731, "lgb": 43.57677639018506, "cat": 42.289934339131705, "lr": 121.59043172943954, "ridgelr": 121.48677212323891, "svr": 105.43887253731796, "gsr": 104.21239239814815}