{"rf": 0.6771274500545919, "xgb": 0.7274290799227472, "lgb": 0.7376888761191955, "cat": 0.745435043060193, "lr": 0.26808439168333675, "ridgelr": 0.2687083723917779, "svr": 0.36530896851245265, "gsr": 0.3726917859297497}