pred,true
51.998123837995664,35.76
64.70638514777494,50.0
58.483338201938594,64.1
54.12970706629234,42.9
66.0773756776743,32.0312
61.045428164097615,68.4
48.70155003805115,55.0
89.12625307459888,61.6828
92.3724928827166,64.9
49.03975304930429,43.6
58.81182526114817,56.55
66.30021150243844,68.5241
53.9496874939,58.9643
51.34003734276943,49.66
59.224644584588376,52.993
59.17336061627305,57.625
