pred,true
1.84402576823934,4.484824281
1.736645691535776,0.18
1.5564720428521182,0.6
2.658329767367582,3.306709265
0.1100979034956622,1.12
-2.5669834479791342,0.17571885
-0.6945373613308803,0.008
0.10527399866399659,0.03
0.04740411005248871,1.7
1.936341119936053,0.4
2.07827459775925,1.1
0.18488255166598935,0.08
