{"rf": 5.959573329673081, "xgb": 4.984556745256789, "lgb": 5.387355050196966, "cat": 5.174510942363976, "lr": 8.619205954181632, "ridgelr": 8.409099481882688, "mlp": 6.6828021597416125, "svr": 8.078366583474153, "gsr": 10.271949168172425}