{"rf": 5.628547332382069, "xgb": 5.172913695397286, "lgb": 5.598347485301145, "cat": 5.573623250136243, "lr": 8.148976385240474, "ridgelr": 7.919606847791181, "mlp": 6.7684185829035926, "svr": 8.873212867739133, "gsr": 13.68530308617684}