{"rf": 0.4102307936665156, "xgb": 0.44801366447837865, "lgb": 0.3127610308432609, "cat": 0.45380854802101, "lr": -0.16821861751785305, "ridgelr": -0.0919536418380138, "mlp": 0.09642956403889047, "svr": 0.0007842796895318749, "gsr": -1.6572942194480649}