{"rf": 0.41596257387504176, "xgb": 0.5591629200948987, "lgb": 0.4959243445948369, "cat": 0.488945826417431, "lr": -0.03447821108430693, "ridgelr": 0.013024284969885502, "mlp": 0.11825368941955716, "svr": 0.026631754206910996, "gsr": -0.7404345067777176}