{"rf": 55.86426965207437, "xgb": 44.847138058253, "lgb": 72.94821365581926, "cat": 52.60727257626393, "lr": 98.67513823263721, "ridgelr": 101.17747899892449, "mlp": 90.8246561208065, "svr": 142.24512037331473, "gsr": 326.41582619755104}