{"rf": 6.3203867653556625, "xgb": 5.549949198509557, "lgb": 5.842928657649224, "cat": 5.395569562468986, "lr": 9.487366509451267, "ridgelr": 9.181528716160342, "mlp": 6.37592217824254, "svr": 8.814683953285428, "gsr": 13.864209317603727}