{"rf": 0.5992690498040709, "xgb": 0.67829819740632, "lgb": 0.47672086012303894, "cat": 0.6226324543756085, "lr": 0.2921740112069816, "ridgelr": 0.27422397983212266, "mlp": 0.3484878442842435, "svr": -0.020366373765276613, "gsr": -1.3414773880656425}