{"rf": 72.90728860225639, "xgb": 68.23656887508118, "lgb": 84.95650387466293, "cat": 67.52020518175503, "lr": 144.4152237574487, "ridgelr": 134.98734496618124, "mlp": 111.6994068860103, "svr": 123.52308006972099, "gsr": 328.4947984362205}