{"rf": 67.35587162685913, "xgb": 50.84086127743201, "lgb": 58.13404007508025, "cat": 58.938858659433244, "lr": 119.30430905581964, "ridgelr": 113.82594091867736, "mlp": 101.69004355930772, "svr": 112.25661862853457, "gsr": 200.72084077090312}