{"rf": 6.061660872414316, "xgb": 4.879925355817794, "lgb": 5.263210588139702, "cat": 5.322654361063192, "lr": 9.012852202592931, "ridgelr": 9.039191104898439, "svr": 8.65938087317459, "gsr": 7.62169066054091}