{"rf": 0.49886608544447353, "xgb": 0.6683887216416724, "lgb": 0.5995838367560922, "cat": 0.5703708978428726, "lr": 0.0016173271059388705, "ridgelr": 0.009012031290295042, "svr": 0.060880990765902254, "gsr": 0.22430465463681737}