{"rf": 65.99635109904702, "xgb": 43.67122982357063, "lgb": 52.732423265778046, "cat": 56.57959328791038, "lr": 131.48105026968952, "ridgelr": 130.5072117817133, "svr": 123.67637882216287, "gsr": 102.15445586812875}