{"rf": 17.278575635143692, "xgb": 21.325618848472168, "lgb": 48.72322659160961, "cat": 26.700295787692493, "lr": 39.61164989668328, "ridgelr": 91.20475241630102, "svr": 164.84533825165227, "gsr": 163.02685636803906}