{"rf": 0.9203680425515948, "xgb": 0.9017163909478514, "lgb": 0.775448741341821, "cat": 0.8769460595061557, "lr": 0.8174413628969496, "ridgelr": 0.5796636761692877, "svr": 0.24027551585189644, "gsr": 0.2486563728759007}