{"rf": 3.4850960019775457, "xgb": 4.119460429229736, "lgb": 5.821123560231335, "cat": 4.074617492334848, "lr": 5.43276814069651, "ridgelr": 7.399498693002958, "svr": 7.769527396165454, "gsr": 11.972750801580274}