pred,true
-1.363565,59.987736
123604.28,132000.0
16.384558,12.2
69.638695,50.772096
1652.9211,2157.394
1374.158,1586.59
1246.7798,1080.537203
2480.5476,213.82
1149.7141,416.95
494.3166,282.1082
-148.20192,13.16755653
56.85644,6.8
237.86314,228.2318182
1361.5312,1335.777739
663.8955,749.2
1715.0128,1499.8185
-256.04272,12.1
583.28094,612.080829
58.823647,6.8
790.4026,1997.671248
1480.4036,1874.82
