{"rf": 0.0038598479560617988, "xgb": 0.0033320632073801644, "lgb": 0.007826885899418932, "cat": 0.005051120571365436, "lr": 0.006818892618476739, "ridgelr": 0.006379934608686982, "svr": 0.008420170630991035, "gsr": 0.01147887145059473}