{"rf": 0.048045345703847, "xgb": 0.04226595170795918, "lgb": 0.0748215597598187, "cat": 0.05264741610705515, "lr": 0.06194475754277625, "ridgelr": 0.05945013854627143, "svr": 0.0697022809935802, "gsr": 0.0935043251664684}