{"rf": 0.7169904868261281, "xgb": 0.7556884113260827, "lgb": 0.4261216521279654, "cat": 0.6296446932217518, "lr": 0.5000291456275401, "ridgelr": 0.5322141679570522, "svr": 0.38262117621102654, "gsr": 0.1583529045706641}