pred,true
437.78513,200.0
440.24057,170.0
13.6397,3.969924812
4.509583,2.706
-3.4336088,0.368384545
-10.163435,0.774
15.2239,2.177509091
-9.067011,0.527
-1.4626032,1.042185455
20.801134,14.66
