{"rf": 0.12376166060805394, "xgb": 0.10704428643192858, "lgb": 0.161929704401219, "cat": 0.11579941042199936, "lr": 0.3442767523002648, "ridgelr": 0.31694268744500187, "svr": 0.31783734454105933, "gsr": 0.3215938875765922}