{"rf": 0.6731203738570413, "xgb": 0.7172743468559152, "lgb": 0.5723108353907647, "cat": 0.694150290159771, "lr": 0.09069532899998045, "ridgelr": 0.16289013356996918, "svr": 0.16052716287574453, "gsr": 0.15060537145009678}