{"rf": 0.2697696536273095, "xgb": 0.23337064117313394, "lgb": 0.2916251578428306, "cat": 0.2548791965745359, "lr": 0.47266991529861885, "ridgelr": 0.45343758959620034, "svr": 0.41868136671508566, "gsr": 0.4704381440111348}