pred,true
0.2138888751164916,0.17
0.20799470384137428,0.28
0.13598118993378117,0.06
0.2598083951415641,0.31
0.1825941223765267,0.21
0.15079426578933042,0.05
0.2315518118743441,0.3
0.2131979184656821,0.28
0.24055114795738786,0.34
0.24055114795738786,0.31
0.1902560821152707,0.36
0.2610677846168339,0.03
0.10861751165086392,0.15
0.175332617234578,0.12
0.08936332575755959,0.01
0.10691208252869687,0.07
0.2524974218079538,0.36
0.17460385697651085,0.2
