pred,true
0.2859782686583046,0.27
0.06930351751997413,0.05
0.17582790331347903,0.24
0.24291618041381238,0.21
0.05692868505725727,0.03
0.060295537622877225,0.04
0.19432780883456094,0.25
0.026153672635463858,0.14782
0.1270242922045092,0.12
0.00045159830582104914,0.04746
0.04092031143857329,0.06
0.21336704214727417,0.28012
0.025246549469380375,0.20367
0.04267898708296226,0.05
