pred,true
40.94715789473668,40.7
35.022084210526046,30.39
34.79492631578926,37.2
20.9196000000001,30.98
12.448589473684185,26.7
14.098484210526246,12.09
36.26772631578949,42.3
12.995242105263205,12.94
15.66823157894736,14.64
34.57479999999972,35.42
18.988652631578987,13.65
9.74597894736844,7.15
15.517747368421007,16.95
22.42067368421058,13.35
