pred,true
1.1294818,0.77
0.2591982,0.32
0.19387613,0.08
0.062258452,0.06
0.947093,0.07
0.50339776,0.0
1.6201748,1.5
1.3384688,1.29
1.5614392,1.5
1.8259622,2.06
1.5887773,0.75
0.21453886,0.2
0.6422025,0.4
1.4543284,1.53
-0.010484816,0.07
0.88178915,0.57
0.8440934,0.9
0.9274942,1.0
0.90623134,0.71
0.9575012,1.2
1.3910631,1.28
0.099499226,0.11
0.18393649,0.22
0.7996296,1.2
0.63058203,0.35
1.5887773,1.42
1.3572114,1.97
1.294632,0.73
0.15650484,0.07
0.28868914,0.14
1.197118,1.5
