{"rf": 0.9010172944569804, "xgb": 0.7951852797099523, "lgb": 0.8645702746919385, "cat": 0.8360602271348986, "lr": 1.2487944925077015, "ridgelr": 1.2437526833408084, "svr": 1.1962832579876033, "gsr": 1.0925116737949314}