{"rf": 1.608460459257469, "xgb": 1.263548692437482, "lgb": 1.4235044187919192, "cat": 1.3545443845281007, "lr": 2.179214348369097, "ridgelr": 2.1371834246448946, "svr": 2.2600054712290736, "gsr": 1.9271690439385087}