{"rf": 0.3164349117911579, "xgb": 0.4630158494533825, "lgb": 0.39503770950864536, "cat": 0.4243444118482185, "lr": 0.07387536964597041, "ridgelr": 0.0917377124332448, "svr": 0.039540679783736654, "gsr": 0.18098982792445084}