{"rf": 0.004962640060397828, "xgb": 0.002661122751148968, "lgb": 0.007911676778530528, "cat": 0.004241147050272942, "lr": 0.007610066655344947, "ridgelr": 0.006193066449579149, "svr": 0.008934946395180911, "gsr": 0.011107329833924172}