{"rf": 6.485864839327147, "xgb": 5.916476482244637, "lgb": 5.757425583605374, "cat": 6.273958660597218, "lr": 9.306589739546322, "ridgelr": 9.212629739101793, "svr": 9.388546318410183, "gsr": 9.055424374747105}