{"rf": 2.3502709155770387, "xgb": 2.204439292576002, "lgb": 2.5780619675343006, "cat": 2.454885245457284, "lr": 5.1711473714424026, "ridgelr": 5.651806763051371, "svr": 5.8245735913058425, "gsr": 5.521203947993703}