{"rf": 0.8594371906692743, "xgb": 0.8586506467797157, "lgb": 0.8378907440134531, "cat": 0.8337740237172138, "lr": 0.3824043288279977, "ridgelr": 0.3468475431391672, "svr": 0.3094616478299922, "gsr": 0.3320680897864866}