{"rf": 9.508004850515851, "xgb": 9.561208561744122, "lgb": 10.965458072248998, "cat": 11.243922886172617, "lr": 41.77564937070025, "ridgelr": 44.180795457405935, "svr": 46.709666896679394, "gsr": 45.180513055783095}