{"rf": 0.5745365396434814, "xgb": 0.6075064197665003, "lgb": 0.5512766598006562, "cat": 0.5550790509240333, "lr": 0.4795807839524523, "ridgelr": 0.4928864834051305, "svr": 0.3945924584383348, "gsr": 0.09712966162756043}