{"rf": 61.876734597282095, "xgb": 57.08180221844333, "lgb": 65.25950549514755, "cat": 64.70650960173025, "lr": 75.6865035688754, "ridgelr": 73.75140617420212, "svr": 88.04667207147214, "gsr": 131.30779375605147}