{"rf": 6.008124532966607, "xgb": 5.735957284109932, "lgb": 5.901692141056465, "cat": 6.088289498179145, "lr": 6.934831097835799, "ridgelr": 6.764830846655183, "svr": 7.019913711378616, "gsr": 9.263931270154643}