{"rf": 6.037493605009976, "xgb": 5.735957284109932, "lgb": 5.901692141056465, "cat": 6.088289498179145, "lr": 6.934831097835799, "ridgelr": 6.780592346602027, "svr": 7.019913711378616, "gsr": 9.263931270154643}