pred,true
15.163665620616275,32.1
14.1616475456519,21.8343
14.757524204682964,12.07359141
15.162709093149182,24.52
15.093424876617641,30.39
14.757524204682964,11.37670302
14.062286163489974,19.2604
14.757524204682964,23.66981428
15.255299918451252,12.09027942
14.193694129095345,14.645
14.179342167294484,26.7
14.941208454335067,42.5
15.05604303289565,35.42
14.193643249877265,16.9527
15.16672548158431,37.2
