pred,true
53.59941783751704,35.76
53.763973148434886,50.0
54.27844829344964,64.1
54.02160523077806,42.9
53.609719677154594,32.0312
54.34318252085666,68.4
53.64259831066329,55.0
56.28726560612906,61.6828
54.17298147104824,64.9
54.20702826449917,43.6
54.09576560543865,56.55
56.088838306199484,68.5241
55.04937359691783,58.9643
53.512084077550156,49.66
53.55744183903143,52.993
55.09698399379458,57.625
