pred,true
44.56754483131826,50.3
88.27141569930097,32.42727273
25.382689846523988,3.172581818
26.147548991103832,4.066472727
69.54840390900583,57.35448
43.1464483511497,57.1375
320.43052653457124,873.77
93.12518857787825,27.6
44.109882956397286,43.75
190.20048073473865,13.16755653
39.697433096539555,18.42655855
1189.529545765961,1464.37
69.54840390900583,50.772096
46.37000121345028,6.8
59.78899993618862,29.9307
1142.1354820387241,1304.756602
