pred,true
21.802615339422278,40.7
22.981290150819678,30.39
21.3841984140066,37.2
22.158767536032332,30.98
20.475169109187448,26.7
16.277684578195167,12.09
21.132500040468067,42.3
21.1325,12.94
16.175628184481432,14.64
21.132556240774043,35.42
21.1325,13.65
14.422213485529765,7.15
15.259774720205655,16.95
21.132349475490177,13.35
