pred,true
0.20004556,0.17
0.24369751,0.28
0.026423585,0.06
0.30421287,0.31
0.22907294,0.21
0.034725428,0.05
0.23420449,0.3
0.2054043,0.28
0.35075164,0.34
0.3813802,0.31
0.24225624,0.35
0.15252505,0.03
0.13115986,0.15
0.13283367,0.12
0.023425112,0.01
0.09266773,0.07
0.3613967,0.35
0.17079996,0.2
