pred,true
40.57803012497218,40.7
33.19835645759605,30.39
41.88153529494227,37.2
23.22565584574886,30.98
8.679411158955968,26.7
24.379318674329614,12.09
38.828965051989705,42.3
16.276898990709547,12.94
13.09503403678605,14.64
32.07198021330915,35.42
11.092605646851071,13.65
8.694401487645646,7.15
19.055406549529156,16.95
18.167151652650446,13.35
