pred,true
8.113071433330951,92.790225
5.7861969879460755,1.3885725
5.564192731336604,0.555048
5.557948355713272,0.035175
5.7861969879460755,3.549015
5.609775601512078,4.8047535
21.42164385213868,2480.0
22.40482681882399,13280.0
22.186026543609437,2830.0
5.678316878293279,0.0776
8.131408705836062,19.284
5.612025113316562,0.076138178
5.564192731336604,0.405612
8.120283214769119,15.1692
5.705334660948804,0.1535
5.9789616897062,0.099
