pred,true
2.459416730300589,16.545
1.9512119871927034,0.594
2.700070438108141,98.76
1.6377910282526713,0.00765957
4.080757581238718,59.1108
4.0777989228469815,15.1692
2.3912863301661513,43.017
1.9488031901332992,0.132
1.805894151397787,3.549015
9.542238851555425,770.0
15.453452131490312,2830.0
15.857353997474243,13280.0
11.989022790150006,10947.075
4.07195287351854,92.790225
1.6719394044693843,4.8047535
1.7263091260104666,0.0776
