pred,true
5.636968118237288,92.790225
3.5859661397294484,1.3885725
3.3840059298676284,0.555048
3.3744303793720896,0.035175
3.5859661397294484,3.549015
3.4253968780376916,4.8047535
17.505085164621786,2480.0
18.598959044402385,13280.0
18.396271809702995,2830.0
3.4959661023391266,0.0776
5.654571046986583,19.284
3.4290380653521257,0.076138178
3.3840059298676284,0.405612
5.6438880720817535,15.1692
3.5197532005669565,0.1535
3.7831191186468818,0.099
