pred,true
0.18674250372366002,0.17
0.2526617012542444,0.28
0.05387336583683883,0.06
0.23159706335097335,0.31
0.18546110856669162,0.21
0.05201950837360286,0.05
0.3189019604378502,0.3
0.25084724147792853,0.28
0.24428412633233615,0.34
0.2476379507928011,0.31
0.22062469617626762,0.35
0.24369424086501262,0.03
0.13398383775425737,0.15
0.1657762489496929,0.12
0.08295853213715815,0.01
0.08983635424649461,0.07
0.24460563646117,0.35
0.09425012689707657,0.2
