pred,true
42.867172333356166,40.7
31.771492624428163,30.39
42.49011783966783,37.2
27.361638503144867,30.98
8.237163356525983,26.7
18.055444167879287,12.09
35.789495790479265,42.3
18.478255400784157,12.94
13.750088697495528,14.64
30.685650985214252,35.42
2.675966972801241,13.65
7.953090297532334,7.15
17.98877945717583,16.95
16.18769752575195,13.35
