pred,true
0.31331439414422013,0.27
0.16921902279428758,0.05
0.14341369539197574,0.24
0.3107051832360209,0.21
0.07550708215005231,0.03
0.15449096936217033,0.04
0.21384883936241594,0.25
0.15520830960840476,0.14782
0.10675842890737997,0.12
0.1919516223925729,0.04746
0.2108697041697123,0.06
0.1676445631108337,0.28012
0.017056062904643676,0.20367
0.17851367867957063,0.05
