{"rf": 1.4985314010232194, "xgb": 1.4284145733226428, "lgb": 1.478431184119317, "cat": 1.2873082063605883, "lr": 3.0962298371055295, "ridgelr": 3.068073878994226, "svr": 2.463253144458577, "gsr": 3.3343518211850216}