{"rf": 4.1272269803871975, "xgb": 4.541896834757556, "lgb": 3.8967986478119907, "cat": 3.6437100673617273, "lr": 14.24338357138755, "ridgelr": 14.139971311772332, "svr": 11.50065970370085, "gsr": 17.873757885383174}