{"rf": 0.8102909259314433, "xgb": 0.7912305169714873, "lgb": 0.8208826248662817, "cat": 0.8325159080568371, "lr": 0.34529912656324824, "ridgelr": 0.3500524982852705, "svr": 0.47136915077978914, "gsr": 0.1784280160323295}