pred,true
5.030283914413423,4.484824281
0.42392613016487735,0.18
1.0387673292692974,0.6
4.425714709285163,3.306709265
0.5840373883133032,1.12
0.8866091403180228,0.17571885
0.2628287404472185,0.008
0.19921050885507663,0.03
1.7962247039999881,1.7
2.073579503931634,0.4
0.9067012020952447,1.1
0.2211849645660614,0.08
