pred,true
36.79174312057518,37.1
36.9979564081046,42.3
34.37692476037547,36.4
13.828448251444149,8.07692
38.00935322193948,45.38
36.76536159195301,40.7
10.974792519049771,16.9527
13.77773331686975,13.4
19.496550477944755,10.9172
14.882654231710191,6.19
38.55473137006389,38.8
12.626293377889269,12.9586
