{"rf": 68.01370394936471, "xgb": 69.76559909005513, "lgb": 72.69922790789924, "cat": 72.88690483173217, "lr": 137.73991832245179, "ridgelr": 136.60442552435788, "svr": 139.56677742105433, "gsr": 92.61236164651295}