{"rf": 0.4835476032241126, "xgb": 0.470244836402544, "lgb": 0.44796874281772225, "cat": 0.4465436447638771, "lr": -0.04590849812127673, "ridgelr": -0.037286294902732164, "svr": -0.05978049310551614, "gsr": 0.29676119125896183}