{"rf": 5.777413316601309, "xgb": 6.34607794926834, "lgb": 6.5391736870313615, "cat": 6.5389676846558125, "lr": 10.027876510453247, "ridgelr": 9.971006778456958, "svr": 10.025835622729687, "gsr": 7.09336451812996}