pred,true
0.20531218816034402,0.17
0.22789313814888035,0.28
0.032009752433225236,0.06
0.25297600907199946,0.31
0.17677358732440085,0.21
0.07077877812377509,0.05
0.4585056747369053,0.3
0.41038428356978507,0.28
0.2924501684110873,0.34
0.2965659218375102,0.31
0.2004226205946037,0.36
0.22867364569431914,0.03
0.18368535771991168,0.15
0.14292240089888075,0.12
0.07693306280941126,0.01
0.10958576792626307,0.07
0.27214306319449366,0.36
0.022351067656251056,0.2
