pred,true
25.812604770737046,32.1
11.565279963022727,21.8343
11.063479316097878,12.07359141
30.862060900807336,24.52
18.439375627734673,30.39
11.063479316097878,11.37670302
-6.679798739431007,19.2604
11.063479316097878,23.66981428
21.817953411511724,12.09027942
12.201971545194251,14.645
12.122261480721292,26.7
32.99333161412065,42.5
15.604836736893462,35.42
12.753874571191579,16.9527
31.445464530584786,37.2
