Material_Main,Turning times,V2_Ventilation Interval (min),M1_is Enclosed, Composting Method,Additive_4,Additive_2,Additive_1,Material_3,Material_2,Additive_3,Period (d),V1_Ventilation Type,V4_Ventilation Day,V3_Ventilation Duration (min),Application Rate (%DW),Compost volume (m3),V5_Ventilation rate (L/min/kg iniDW),Initial Moisture Content (%),Initial TN (%),Initial C/N (%),Initial pH
-2.427569978316403,-1.1474327744180346,0.01657314884685229,0.008468539056462429,0.08803359782879344,0.0,0.15729512081264974,-0.6355600144879427,0.0,0.4938033283595185,0.0,-0.5572706340086044,0.8907906122135231,1.5474359330968201,-0.0952461938135224,-1.3420197634380682,-0.687349104950213,0.4321971539257596,0.3185625358444373,1.145000512267411,0.4467639419789773,1.3694136458816837
0.6714207018805577,1.3124015734641035,0.006484136428631527,0.001992442015439827,0.20968046901712636,0.0,0.1393255833540801,-1.2449419295431825,0.0,1.1711370243686172,0.0,0.023371105004403106,-0.7863108866831297,3.3541163773761107,-0.12694199208280224,-4.376735681457301,-0.16922253751935482,-1.403996818999089,0.1234139327826867,0.770471025114913,1.2267732037574592,-0.47883537552515404
2.2116653246564035,0.4926138269168586,0.05625173953200111,-0.0033380144725987633,0.04952720117564751,0.0,0.11203010732916278,0.9821759631532264,0.0,0.36806985013112437,0.0,-0.2579152485594328,0.22733876812288356,-3.0555886495764892,-0.10839286751382059,1.0242858780641297,1.5706107539186924,-2.0259642575561583,1.2199509828620554,0.4298594073625235,-0.4423565513503463,0.12572903349435474
-0.9597801534177146,0.58189234936541,0.16100471219368576,0.0021091754188357287,0.12096297841687043,0.0,0.13265458051744675,0.6881384951974641,0.0,-4.302028290138931,0.0,-0.22062935654708046,0.7367851758792056,0.5428800869337039,-0.11966013531397908,1.807219385539546,1.5601477720470462,1.181462326954125,-0.3070479582360856,-1.9467216028396304,-0.6320645690136347,-0.5740725128708352
0.5472714360103886,-0.9545196392425787,0.009632046101012991,0.004062466751034427,0.05223597707000757,0.0,0.06881373764955359,-1.8339603149848438,0.0,0.167156265940584,0.0,0.17383765330305176,-0.5572197947154329,-3.2527329471200903,-0.17543315091177467,0.7378768996362426,-2.7430277264367984,-0.17953681945364502,-5.358820702738347,-0.5621802768404408,0.20943193576314834,0.06587266610812609
1.421222973184013,-0.4734788396408765,-0.5136770598745216,-0.005532333910908323,0.08157318371726056,0.0,0.15435429414352195,1.254790527671768,0.0,-2.0595573743681093,0.0,0.07511827649818072,-1.0682849724314123,0.12311415119261772,-0.11061286715103157,-1.4408411886493064,-0.8000684037600433,0.6266052842866506,-0.3030098899194794,0.5664177753462516,0.05707523691064922,-1.1748702731251077
-4.95366740167803,-3.074675359692867,0.06246104608931214,0.07046964022941646,-0.6357045070990226,0.0,0.09783999108411048,0.4704041824778078,0.0,-0.8871929116114573,0.0,0.49098804886985564,-1.9918575989979852,0.6423076693869989,-0.06458113180641141,0.6850070747777876,0.3473489143005423,-3.589595397163706,-0.08528749704834505,-0.5325806548815436,-0.6671811896447336,-1.0696647753157105
0.5133850993098034,-1.070363657448411,0.023485296622074343,0.004384038803947319,0.04934713451245003,0.0,0.07578882534905183,-1.9607260099248514,0.0,0.3111865286542499,0.0,0.12897790154366529,-0.48387553821665463,-1.8799437977293743,-0.12942042833818848,-1.286422655072767,-2.858206203739927,0.11667071870680222,-4.172019572877165,-0.1295415002975062,0.06484559674554836,0.5938116136737837
-0.34865868902588276,1.083788661668931,0.03220974393468624,0.001992442015439827,0.11527375652736592,0.0,0.133973607067632,-1.5479347827302348,0.0,0.6925669442386807,0.0,0.24013105952086347,-0.33845976333960504,-2.499803384205257,-0.13445768571077024,-1.86348966023088,-2.2851712490416842,-2.8452787541333544,-0.6186090971304382,0.5535566671052194,0.825800120886405,0.46601246804083135
-0.06873716365320341,0.24272639852704597,-0.24489322898876945,-0.0010602874413003884,0.09218457297336492,0.0,0.14620930738777996,-1.3259292214054426,0.0,1.1614556585165243,0.0,0.16199876634551547,-1.270256608915426,0.45486970877181465,-0.1297293838501024,-1.2478464473735418,-0.3504436623033994,0.4785579327347235,-0.30179434859249077,0.36843146538494687,0.18133726842177905,-1.109074234004287
-3.0391856483741453,-0.6706361424248259,0.0502027869189722,-0.006044784001416927,0.1119475722126209,0.0,0.10087489633743497,0.5529227877362688,0.0,-0.8903873855649916,0.0,-0.09641726865142412,0.20989390105959357,-0.956447880983774,-0.09568095488216825,0.54142671294177,-0.8563049629106425,-3.4635601181139473,-5.025483985866128,0.27622514957888217,-1.2044037995486068,-0.5627848317970364
-5.543794980189095,-2.574078087319484,0.019365532006526874,0.014779742521744615,-0.3871073793770464,0.0,0.061090942935434926,0.42680391456260497,0.0,0.3499107879173567,0.0,0.6822891238787516,-1.5983776026972156,0.9951683460006174,-0.12422540056256998,0.651001546219953,0.513910938893699,-2.3220351130744663,2.1080440436523875,-0.26887978925786715,0.9130080284897913,-0.39251371726622347
-4.03305565023191,-1.7809467130615624,0.03251719342005647,-0.0032655937746906404,0.082167083197708,0.0,0.13802456854149608,0.43153603129267615,0.0,0.20607303038072122,0.0,-0.5915191808239095,1.0535708121556338,1.2765121146407836,-0.10148396714025051,1.2961997494201765,-0.6475040203680412,0.315700468621515,0.6370768393205809,0.5715878875935528,-0.31316201152374507,-0.007867058999570381
-1.8386677337652793,-0.26363648760126024,0.026099358551068135,-0.0038615628720742833,0.11583894636380104,0.0,0.20491172447335299,0.7159291470722512,0.0,-0.34999715825780486,0.0,0.0491802989626009,0.4438889875356018,-1.0132805793765043,-0.1358997311645764,1.5704994033018582,-0.7058698177730713,1.6341963407561744,0.22485409452741226,-0.26270671457171535,-0.4543421410401359,0.5210164986505607
1.65314317784234,0.16467709842787115,0.0067271791947462745,-0.042812741615407296,-0.3700130949968408,0.0,0.08946403499820839,0.7023795155750305,0.0,-6.285212472669622,0.0,0.5454711912628833,-0.9069032350149696,1.6908534060449552,-0.12090092687503459,1.4553569700716775,0.43335340757457563,-1.1472804176828524,2.1794562860471496,0.5378533839178075,1.083722621348691,-0.5099554637929828
-1.682950326087046,-0.08273452736960851,0.061854556105003095,0.06479556854095264,-0.530623266023312,0.0,0.13235757004899187,0.664170987855118,0.0,0.9116065163879055,0.0,0.07079135229240002,-0.959822837274087,0.17872936762452094,-0.10682797013713626,-0.6174669725751171,-0.6032885814520057,1.0449403157057193,-0.6588796222520928,0.39940982503977757,0.1161475541456342,-1.1013736089012318
0.000957227536928452,0.13653762962870766,0.03856394915604876,0.00807701889195877,0.1204898108186244,0.0,0.22130304631889683,-0.5456822120576843,0.0,-0.1854332464326988,0.0,0.09399919213747508,0.535365158993258,-0.8617550466376974,-0.11067224610671324,1.414206406893834,2.2322543191984145,2.3293339320721516,0.42298181713882566,0.8797156822250612,1.6080631548758313,2.954949950079005
1.6959395820001157,1.1247244961725975,0.0666848325039245,-0.0006726805806734676,0.07921213500840037,0.0,-1.4290250540272411,-2.5767072929820505,0.0,0.5916640863772418,0.0,0.10852505396360126,0.2605678421286639,0.07053257975986825,-0.09311397273216884,-0.6228259079940156,0.9491048512618524,0.24779365992339517,0.9648619338327907,0.5688598051674081,-0.054847536582232646,1.4667952998068117
1.7404691442112463,0.18627382158588304,0.037148066221125535,-0.001749031246123656,0.05402748847976874,0.0,0.09421943388269088,0.8256771331934508,0.0,0.21979315214598524,0.0,-0.25708445361200205,0.1649613079459767,-3.1667070272753524,-0.1508124038207168,0.5734055991581753,1.5730828147694749,-1.6847571017796032,1.8445915828317268,-2.3587484675014276,-1.3435145613250694,0.484042935847039
2.9209635605863067,0.3271886289023927,0.04488916783380901,-7.93193081566378e-05,0.1755243876489682,0.0,0.12777405109438078,0.9051136012292819,0.0,1.3368998443263462,0.0,0.4279423736249475,-0.50130385550015,2.3446878605046635,-0.11232349049128632,1.344971673706027,0.78221563139991,-2.6452766827208425,-0.23484005451255963,0.6558517054895724,-0.48920586712136305,-0.24592098565765608
-0.23360574869862302,0.07143145900150673,0.022452234141169935,-0.0024690968122574614,0.1130497376974883,0.0,-1.68930103939244,-0.6517137963085105,0.0,-0.3835019597620317,0.0,0.065606038258903,0.21982965631074974,-1.0791417768728209,-0.12954848036403427,0.23423405312241424,2.100418604385983,1.8802010561258966,0.3873808593951535,0.20673997931049862,1.4944508586865888,2.6467740699856805
-5.214410763076056,-0.09420833715647213,-0.00201490377907711,-0.06681196031648284,-0.782345054284627,0.0,0.1416664800619749,0.5321265145864503,0.0,0.751951464018009,0.0,-0.21577873167437706,-1.1125250671618236,1.7360039357050498,-0.1575693598145011,1.3259042385318915,-0.46527545988141833,-1.9356152813185055,-0.3713491933533972,1.09362007719846,0.5224907267011771,-0.5556866382171018
1.5181674483282896,0.8949809294296136,0.12527859748879525,-0.0033380144725987633,0.0508023254257287,0.0,-2.230906092757279,2.01882511252909,0.0,0.494971732645348,0.0,0.07043170394354031,0.2981954552620213,-0.4941540540141687,-0.07793031069168253,-0.5216386889338945,1.9995911605290364,0.3024425186729698,0.5889995536672449,0.10439755088675542,-0.5996487876604812,0.8993341118096891
1.687821438439341,1.0349483681512206,0.09191741825684402,-0.00038946268996378655,0.08912596742121448,0.0,-1.415586571965235,-2.429013989689133,0.0,0.579572603124987,0.0,0.15261548756352628,0.2761144352478185,0.07273550591332581,-0.10703057011583225,-0.7108321896869173,0.9601992395613087,0.30868874446570127,0.9772688663695748,1.4516953449631504,-0.5329336143467907,1.7409513841152668
0.7018696152602916,-0.8928920467991383,0.0596611805719743,-0.00518939638316946,0.09324191791463346,0.0,0.15227944332830962,-1.5526096830986877,0.0,-0.018717695534401238,0.0,-0.2732272558250788,0.905616236266327,0.8794487554225753,-0.06884462465132954,1.6279448804955021,0.25122058077480386,0.74025618034971,0.29219557633265064,-3.1013405631378665,-1.1415915381970976,-0.5800686168383102
-0.4542213514014114,-0.25276760514739555,0.048592326563109335,0.0033047524960871178,-0.73598340349015,0.0,0.07925874549501363,-1.199242138324657,0.0,0.809006635380939,0.0,0.1562955311058658,-0.37025381996824464,1.3731535985628287,-0.06130320604793126,-3.100288602633436,-0.5891241214526924,-1.9160924455814536,-1.2357441465171537,-1.4082958284342901,-2.36479148664229,-1.4205620756311979
-1.0499877348782436,0.7330377639145842,0.018824974475976183,-0.0038615628720742833,0.034624461906010394,0.0,0.10891826452404728,0.5038428569338442,0.0,-0.5773921198808823,0.0,-0.6439892491117702,0.7063273511764266,2.5380787369397257,-0.126190942525883,2.919772272566946,-1.765504298478078,0.43497215948868984,0.43004263143455224,0.14391342478090108,0.7253883040083328,-0.14548019759013336
0.8175875622329569,-1.7269990595200324,0.03610240579160451,-0.0041347190989284585,0.08773752292767575,0.0,0.17723660129882263,1.093995337583784,0.0,0.4082546833332015,0.0,-0.36337959437423867,0.2021304149553918,-2.631064696405571,-0.12347937055115492,-2.622910043647036,-3.29521294410678,-0.407129480582387,-0.14249471138495667,-2.977825901214584,-0.41921340498720144,-0.7456162261713221
1.4746183039136869,1.1959733050676877,0.09427629599076043,-0.0010148332558447635,0.11946308941729593,0.0,-1.529424045307565,-0.6808868399666027,0.0,0.5480273447909816,0.0,0.19560481670420987,0.20878578423289948,0.36306727101219105,-0.06108453655224195,0.3592370192228978,0.8740808006404451,0.2919865443494525,-4.877211686898672,1.0002413350678903,1.8884083651581804,1.6610643936829839
-3.2791183306313134,-1.3157363320590028,0.033392338262399596,0.008468539056462429,0.12746814055503772,0.0,0.16324482981546634,0.9339840539202845,0.0,0.6130425581331597,0.0,-0.6137290688311257,0.8503929732058721,1.5408010836992174,-0.08967088085280561,0.22438808491774553,-0.6927298144479305,0.747585986702697,0.5706840168076165,1.1069166492349052,-0.07868330441598592,0.708931807232635
-1.4648333736914225,1.5018928231927056,0.04587913184281687,-0.0006238039891011925,0.1660891787900121,0.0,0.19288690209390283,1.1365013247549214,0.0,0.3001009930732528,0.0,0.5061647277000174,0.20471830986051368,-0.6191250720094121,-0.0987825356691339,1.568250168045633,2.334641637208109,-1.5087813797279854,0.35653761619634816,0.254348998065669,-0.008795720443259854,0.07968835566077724
-0.595200226229134,-0.04706504687902987,0.03451504723195946,0.0033047524960871178,-0.7374607344514466,0.0,0.07507650408329147,-1.3110385532128541,0.0,0.8823052656301481,0.0,0.11330506429406537,-0.36352400837082954,1.4655996842385888,-0.068371630151626,-2.3702177828737665,-0.5934512760321187,-1.9225685502621905,-0.24809836304896463,-1.3608603282357061,-2.3627905776303963,-0.6870894185581718
-3.3343307002723903,0.02414575601166284,0.06363980536921826,0.04272099102302931,-0.5287082825444163,0.0,0.15192483263901632,0.8340624272744068,0.0,0.7664600318976131,0.0,0.03527675493549117,-0.9494501337878823,0.4229670078369616,-0.10727834902621534,-0.474908439791041,-0.2956567300186262,1.0115130873378333,-0.4425457357763343,0.4908134443484344,0.32366839820138077,-1.1270112900684397
1.5530458841235533,-0.4892507247133451,0.08160942271023128,0.05745480190844422,-0.34475163295212624,0.0,0.14791753037730512,1.3211228440295488,0.0,-1.957568521041811,0.0,0.06512545418547207,-0.9676697584003752,0.14694081315423255,-0.11061286715103157,-1.4040519271478604,-0.7118798642727421,0.7339269447057267,-0.35145873695919394,0.7099824104193808,0.12207598737470464,-1.174097127296015
1.0323501058230093,-0.8306505781231327,0.14051089445422993,-0.00518939638316946,0.10796966733711945,0.0,0.19077968348298818,-1.9288313543908477,0.0,0.18443545845752812,0.0,-0.1748968707620278,0.9220845744313323,1.1631594657798097,-0.08388607434578375,2.115482142940466,0.7054470618072138,1.768895127644434,0.482511545037281,0.7261128865540534,-0.7177991772058113,-0.1288369597136743
-3.532141203099356,-1.3421814627838042,0.033392338262399596,0.008352216713654796,0.1215624994601133,0.0,0.13540657985166138,0.8828417662368828,0.0,0.580965697780793,0.0,-0.7271347358857105,0.8573202191355425,1.481718584852121,-0.0877615546911264,0.35237809152063815,-0.6191725257187579,0.7909082500480787,0.7086985228819183,1.0726983542938988,0.17590126330880818,0.3440029082927501
-3.758335276659186,-0.6212395984907121,0.11464021901808594,-0.0025996059488193586,0.114922819598663,0.0,0.13222814570948163,0.5503243698529328,0.0,2.0640810695904848,0.0,-0.04849763321735229,0.6865461858605624,0.17308792453345337,-0.04467866890450784,1.6541606744603292,0.4745737502425349,0.6190990970657546,0.28693482788739877,-1.4908832025844918,-0.3506148141142916,0.7543820882087854
-3.3343307002723903,0.02414575601166284,0.06363980536921826,0.04272099102302931,-0.5287082825444163,0.0,0.15192483263901632,0.8340624272744068,0.0,0.7664600318976131,0.0,0.03527675493549117,-0.9494501337878823,0.4229670078369616,-0.10727834902621534,-0.474908439791041,-0.2956567300186262,1.0115130873378333,-0.4425457357763343,0.4908134443484344,0.32366839820138077,-1.1270112900684397
-1.078169737793642,0.3270080572354298,-0.007454779890442902,0.0023687072495091792,0.08059008903905643,0.0,0.12969132454111307,-2.23031222632945,0.0,0.4566860593388898,0.0,0.5316602645015374,0.23098813671696083,-2.148936658827003,-0.1852499919110712,-2.398722774883244,-0.9012005561038592,0.6863986322445923,-1.10107663489235,-0.1918341852589807,-0.46772188502739537,-1.6686645555676212
1.5282477168923219,1.9136471230745709,0.045488759701998484,-0.00276367808087233,0.10728160772003256,0.0,-1.9159120025710294,-2.97999601425478,0.0,0.4832713408708614,0.0,0.20148338323560577,0.32772101797305997,-0.7676351313383836,-0.08515904534449484,-0.6889701506631555,1.7594507182932877,0.2966327769899321,0.1638126510378427,0.21953277491498907,-0.19900624830911245,1.006581469309715
-2.8277025692162145,-2.8612505837133138,0.03699420085811496,-0.012082662635917656,-0.12495280863763208,0.0,0.062126471412977634,0.4106604275626395,0.0,0.8046354548052738,0.0,-0.06261069698769178,-1.8675978343126498,0.12272374353876765,-0.0867612334246947,1.0244248762044994,-0.7559616449751345,-3.4167209866816504,0.5466024827505263,0.413194397166719,-0.5407206606925163,-0.7887470434077296
-3.4659208378911552,-1.386832521415549,0.02944160878965364,0.008468539056462429,0.0840756709694251,0.0,0.09181545858549696,0.9836025704096265,0.0,0.5290569865719554,0.0,-0.7122901936717445,0.8047001050568131,1.1553663758411548,-0.061667291677709325,0.40521194295393614,-0.928207159317034,0.720349899075607,0.8598397617256766,1.0148417564885777,1.4717363182602656,0.5280845754305985
-2.500366503373748,-1.0797430632489982,0.01587964536072367,0.008352216713654796,0.0774241713265318,0.0,0.10872415113075524,-0.6362626199989972,0.0,0.4768969157882806,0.0,-0.6930508258544272,0.7980662767167277,1.3716641217024053,-0.1078897113415048,-2.205462002476676,-0.5128545514138729,0.624921474970874,0.4842128114028051,1.1099786929614428,0.3771064301003829,0.7992286362959636
0.4283959043361526,0.30816028543696533,0.021161244189627053,-0.0005282592351734566,0.11548306780168298,0.0,0.2165583190012516,-1.045838370963697,0.0,-0.4637229948417911,0.0,-0.5681264797902211,0.9712589178929415,1.786036533248653,-0.10374127637539585,-3.268251111887991,1.5534579640629653,2.0643495402266505,0.06235575627354926,0.24838012675804824,1.2648239400017387,1.5689519526228122
1.1131557168281678,2.9766267648158826,-0.07930592748750992,-0.024450706114529507,-0.2102623025908463,0.0,0.17202049120402382,1.068661617948981,0.0,-3.7717474971616034,0.0,0.06418908867790522,-0.46242245264686904,-1.7537945324186768,0.8110418336108857,0.9382039872901394,0.4791736602188969,1.463426043257623,0.1730977425099045,0.8433523352419635,1.6634883851849434,0.5129652939145941
0.9425064333793466,-1.4551842699880055,0.01351859966197387,0.00807701889195877,0.10201504315956123,0.0,0.12557368063743365,-1.0598256205791357,0.0,-1.079063114141543,0.0,0.03305492033455004,0.22571768766122793,-1.0570894468472796,-0.13433683040243666,-2.2511024401690465,0.49074295288718883,-2.9932575915770623,-0.34677028644844105,-0.019142656944514995,0.26120204048996215,1.838913018319068
-3.694771254887309,1.8595982164386922,0.04655681327896004,0.000550140999697247,0.041233942600021646,0.0,0.0849200321810988,0.798125487882276,0.0,1.9021774723041975,0.0,0.6069851279492918,0.19803753626830933,0.12254891850011781,-0.04385457630567725,1.1957948544027726,1.5887852552606483,1.534265145211323,1.7719228776925326,0.5549472810924488,-0.5619176357039142,0.9543291808052606
1.5982855248677095,1.278464124586457,0.22090421054920292,-0.006044784001416927,0.08513569312988965,0.0,0.17565950256864427,1.2746108284223119,0.0,-0.07551681447102251,0.0,0.15979823623889763,0.6928213639301023,1.2785997095801738,-0.0436062577770085,2.3817358760073577,1.9712145938333587,1.9152856370725642,0.8494798016147931,1.4996648613938035,-0.40899819583595776,2.459199579170613
-0.41148079983989355,1.0576031099749048,0.12955139045720598,-0.0025996059488193586,0.1201995434323931,0.0,0.17432850119467566,-0.6087634271458697,0.0,1.725339185557129,0.0,-0.2533245698535267,1.1301524553879487,1.2037199495190831,-0.04854661535833941,0.819750686727861,2.3131914094219486,1.1556826206337567,0.1889920855101627,0.11400331627677758,-0.875938513501571,-0.7933340564007598
2.4500162746512335,1.2145372949538746,0.18878645464583307,-0.0029376667848082043,0.10004061408780349,0.0,0.24698882058517396,1.6183235299317127,0.0,0.5460089846102248,0.0,-0.22919699238533306,0.3857757257099106,0.74541768031127,-0.06823820098561335,1.669038966419666,2.1890511288229564,1.8258536470852837,0.3330956238918786,0.4271001215289043,-1.1230827391277738,2.2848481091074153
-2.422416993592907,-0.32676915644007504,0.062199191808465976,-0.0066616826236019205,0.11322138991143495,0.0,0.1724161464544665,0.49784263853948085,0.0,-1.4445047499375392,0.0,-0.011308259149071945,0.5287055275536785,0.2856408401660564,-0.10940686387851616,-0.6670231120195447,-0.6594917337993847,1.268889680738596,-0.28867125580464226,0.3710656542825891,0.09377553773571026,-1.2195528271503007
-1.0128886099983485,-1.5509964434810468,0.0681522317973689,-0.0025996059488193586,0.11433589361087511,0.0,0.14049796371187576,0.562212397472769,0.0,0.3074166305365175,0.0,0.03525292200803661,0.1939633059216045,-0.79772949660113,-0.049801069836462104,1.0462717274241384,-1.120092338069351,-3.3592255018321944,0.47064397337445596,-1.9690513331582629,-1.0206719540622842,-0.014440831863004837
-1.0565537734867558,-1.4737188817891607,0.01491365047507537,0.008675823558906757,0.11146336288386795,0.0,0.0952070726694327,0.6073264108478684,0.0,0.6637887804181578,0.0,-0.09796101774435562,0.14782599534640883,-1.541485769209389,-0.10789444854648064,0.5960140752465182,-0.7598192524924473,-3.089134815609507,-5.876720431758829,0.5881946666368941,-0.6208341351371408,-0.46488302044674285
-0.8943256972861761,0.3347956646964181,-0.0014763984955740847,0.005280379918446973,0.0455692890231856,0.0,-1.033956399885076,-1.888612120965367,0.0,0.24520590641097412,0.0,0.4060898162542939,0.2228021379180627,-1.0733037268855496,-0.16299848877855636,-2.5538501363437764,-0.6936453319198929,0.5313496449785151,-1.031351891394674,0.21574557662506605,-0.20110424342846567,-1.490083757165816
2.3942081571048384,0.7093376634752123,0.08590138717510701,0.0029258624240913597,0.046322570821957856,0.0,0.1934855898110598,1.0907793622526851,0.0,0.4877245681340457,0.0,0.645223371571868,0.27758115956789436,-0.4380020920505604,-0.108810448970561,1.7992485722463596,0.8206130503284296,0.8654400705756731,-0.1049509648269746,0.7473311832715609,-0.38334093282201104,0.4354105426874715
2.447999768169584,1.1136442646658538,0.05911621921385311,0.00015336215093795006,0.23112368912613326,0.0,0.159698721061701,-1.7083508892548847,0.0,1.4405586839679545,0.0,0.698905960721504,-0.5360858461966195,2.9086079210565856,-0.09164881563650158,0.4048032588505764,1.2402542355577215,-0.9750166609843861,0.32389939789481514,0.2613630049244916,0.21007060157236607,2.207080966925896
0.26140174179250736,0.46335289404538466,0.02503061643679962,-0.0005282592351734566,0.11548306780168298,0.0,0.18002618586449187,-1.0483532131359607,0.0,-0.5364837132260818,0.0,-0.46067549828311644,0.7597959534338224,1.8140192820719994,-0.07502566747120112,-2.9508260455865813,1.522280070708981,2.0763179683123743,1.0079222283148057,0.2564722427410669,0.862651902448985,1.3235319315503118
-3.2234567842062476,-0.24209471233576213,0.07138111513827583,-0.0032655937746906404,0.14017698593593952,0.0,0.17653494216111626,1.4915608802821683,0.0,0.7535946136273102,0.0,0.08248940565618812,0.4808640655344252,0.610939966710835,-0.07136436457782884,-0.21039387239315954,-0.3714607894968992,1.112376348613572,-0.14780600904932256,0.5316714263857434,0.295331564140672,-1.049711502239333
1.2661468661084159,-0.6020015988877815,-0.007499920931871603,-0.005949409801957925,-0.7554644568509875,0.0,0.11483112271290696,-1.4650404285658343,0.0,0.972618297090874,0.0,-0.03733490829335097,-1.0299343743558318,1.7260345028677702,-0.12611241568769416,-3.0152320780789297,0.44464887188802477,-1.4890632096530725,-0.5470788888128465,0.6168418768575182,1.0514137029194697,0.4833178695119905
0.5620462519086494,-1.011039203115686,0.015165218026145056,0.004062466751034427,0.05223597707000757,0.0,0.07562004350257415,-1.94128847834027,0.0,0.2975085086887896,0.0,0.10337989241465638,-0.48904252323104547,-2.0399103204777407,-0.18215105904546455,-1.8305080267582603,-2.8730745243291156,0.006560066522245616,-4.136505505539861,0.12203789794263124,-0.05640117421356946,0.6344605599620305
1.6971802791392407,0.7972721765540485,0.11856395349971494,0.005298857964622483,0.06374546191267623,0.0,0.2309559789891059,1.0837801669197449,0.0,0.26992180158974605,0.0,-0.12607454505229235,0.2440042182962446,-3.0844749895761217,-0.13859103347534912,1.0891995112487534,2.0195341723174396,2.1004606656934612,0.22331944248725072,-1.063593011154368,-0.5778142563773091,1.4710275894535743
-3.7210538474833914,-1.3359616505092673,0.03158204985643323,0.008468539056462429,0.08497169065870425,0.0,0.1237877894982643,0.511474240010004,0.0,0.35613500574554025,0.0,-0.601949001530804,1.0257032316290178,1.3033357507734054,-0.08888611472085368,1.2532123782194324,-0.9880981802397567,0.8903924274567254,0.7710310944450979,1.7316136336600374,0.9318802605078024,0.2966779384712003
0.8571904329251426,-1.143366323701993,0.031111176494635077,0.0033564175942680623,0.0624554509237851,0.0,0.13927786484008592,-1.694876917913488,0.0,0.4656856309084149,0.0,-0.01085007598843791,0.3625387061993409,-6.071676958333361,-0.1097129477532994,-2.798855906922799,-2.6958506484981797,0.20904593476799543,-0.4829132559106154,0.6386487020541186,-0.0625627920211142,-0.015749438128058187
-0.9643317201632757,0.10584460100927406,0.00935709825938258,0.018791992781273227,0.05306940302202558,0.0,0.09500448005056872,-0.7525937756863511,0.0,0.2011628574542451,0.0,0.5778408575091741,-0.5572821562235495,-0.44332972309055974,-0.13422944859176816,-1.773305983250515,1.204721573188636,0.9972015650261565,0.5309891820161419,0.35630278892683037,-0.1391469471936099,0.07064028905693666
2.115590001842441,1.7363613171500687,-0.444290273423434,-0.0012470169723999033,0.10472105480617513,0.0,0.19735131603230865,1.5796332601067715,0.0,0.4434652577235838,0.0,-0.1471443538615351,-0.5700896617604952,0.22959501210347322,0.3290039113613685,1.6012123659026087,1.6420840451764596,1.2107522470339387,-0.8044984656375701,-0.0016706771301344611,-1.3020357270205978,-1.9498791743745152
-2.6065275691227456,-1.405707244003438,0.014246276612343673,0.008352216713654796,0.0774241713265318,0.0,0.0899585537776682,-0.6336723738254276,0.0,0.46901237279750296,0.0,-0.7255051883571308,0.7614805307879864,1.3564065709262425,-0.0774591904130771,-1.9888866786584636,-0.49150708089610157,0.45446223475653164,1.0222170403593696,0.7959242108675512,-0.21844606734967714,0.898017025851323
0.5685910331034415,-0.0629387367166125,0.20240908634762392,-0.00172213811448937,0.06953672682111947,0.0,0.18078724889068,0.9367228407716652,0.0,0.3581691406638707,0.0,0.2218121598778601,0.677648866921996,-0.29984022634545193,-0.016697813266808047,1.5501838787267819,1.0908658490261427,1.2428630308886752,1.8142226444465372,-0.4491139611119628,-0.293521694452888,-0.06953846269846387
0.6729902012951147,-0.041535959037835544,0.13354013188059116,-0.00172213811448937,0.09056075130546976,0.0,0.1534711197346266,0.7703009645907075,0.0,0.4320282661064158,0.0,0.18788513180973618,0.6002592763961281,-0.5310595815422092,-0.012433691656338066,1.233989447633357,0.6457838823515301,-1.442925903293774,1.841399620520508,-0.5955792393294664,-0.24792311057515695,0.3076821446477258
-5.704546029035021,0.285093852942892,0.03179878644982779,-0.04720953501906161,-0.34553833338954854,0.0,0.06863012410279068,0.49089711207910663,0.0,0.40010027917604446,0.0,0.5771213430422373,-0.6302523324905681,1.254654941693613,-0.09205912252158154,0.8605846455850031,0.5122291814207347,-2.5604916928474037,2.1735152991797806,-0.4528225222443792,0.8878802193397236,-0.2481756142262142
-5.710151126408516,0.285093852942892,0.03179878644982779,0.014949505888830168,-0.34553833338954854,0.0,0.06863012410279068,0.5104482279760696,0.0,0.4021042942599243,0.0,0.6456350456227454,-0.6302523324905681,1.2538572961008627,-0.09205912252158154,0.8605846455850031,0.5122291814207347,-2.5604916928474037,2.1699655388086563,-0.4543293569950462,0.9447152621381847,-0.2481756142262142
0.7659149682870021,2.5087687621531782,0.08742741525357864,-0.00295596070557721,-0.2131389154265347,0.0,0.16834026264865581,-1.873269688953024,0.0,-2.6275139301705117,0.0,0.2625818502436224,-0.4800087703234798,-0.9824930989086675,0.8171057359758543,-1.9317374519844146,1.335570271260641,0.8691576721372539,0.04233737038305381,0.6937062324759947,1.563744327636953,-1.1878665949185274
-2.6144828995671077,-0.8659763155848043,0.10199020297034576,-0.0031570818748883687,0.131854916454129,0.0,0.13562156024462846,0.678950895030034,0.0,1.8807539668571411,0.0,0.047685147222949656,0.6998649485473861,0.439226580410897,-0.01723371031953786,0.9787501600240852,1.683096743656042,-1.3999183049827026,-4.595306978098038,0.10168507978041849,-0.7464609558081009,-0.5536465133116961
-5.11018535367531,-1.7119134494769161,0.051789714298770814,-0.008286226099215817,0.05443661391381237,0.0,0.08032199131095884,0.4443528809821527,0.0,0.020470870462304586,0.0,0.015272493689086638,0.7264165821223012,-1.082461811505836,-0.07051034559216081,0.30154258784801025,-0.040979978006745105,-2.246923084042403,1.1924471824320917,-1.2537361287773017,-1.1123200530947035,-0.12942186689446125
1.1649213239565643,2.074799139146416,0.10504289183583351,-0.009234085982289609,0.11270292894982127,0.0,-1.8749226263893106,-2.163582874384758,0.0,0.3899361361884818,0.0,0.26491441494220197,0.29645540808076204,-0.08829985933328764,-0.06023830988233684,-1.9998196225446838,2.378198865210611,0.4375697721168346,-0.28527130829784664,1.447250888611269,-0.43538249497402604,1.514201121184844
0.8748875822988094,-0.2236307804055218,-0.3987171178565232,-0.010378977531497621,0.07812876037197258,0.0,0.12768407036210713,-2.456604840281596,0.0,-1.9405680184671332,0.0,0.03702756289127543,-1.249956464883857,0.06477401932717089,-0.1318072849264959,-1.5043837586566624,-0.687319967359026,0.3637182452025692,-0.4365412828922512,0.2770515108128389,-0.0295734595472242,-1.3775437722740211
0.8935165214135973,-1.2550227108254939,0.016841583800095823,0.00807701889195877,0.12220757631091976,0.0,0.15392669674032053,-1.5021094826159471,0.0,-1.0381266118944616,0.0,-0.016932171931562833,0.264090561587467,-1.6059391141929595,-0.13524048830585905,-1.8995525455197722,-0.004217904358674541,-2.390361873127091,-0.16160256889694669,0.11757546452460099,0.3101030577402359,-0.8865323886947682
1.7037049282199843,1.1247244961725975,0.0666848325039245,-0.0006726805806734676,0.07921213500840037,0.0,-1.4290250540272411,-2.571175078104957,0.0,0.5916640863772418,0.0,0.09511032262036224,0.2605678421286639,0.07696865162513061,-0.09311397273216884,-0.6034942675706371,0.9491048512618524,0.24779365992339517,0.9648619338327907,0.62401382564461,-0.04766332568383959,1.4667952998068117
-5.085745342522568,-2.357589433746934,0.019493049161456253,-0.04610607313300552,-0.3871073793770464,0.0,0.0591838802628157,0.3625641430945133,0.0,0.3424857685551335,0.0,0.4242802909834095,-1.5805940907928462,1.0621171677316334,-0.1362767658536553,0.5556806749460512,0.7765342935249401,-2.040982500309632,2.217735789522357,-2.311173096574887,-0.32900450935744624,-0.45937562632298773
0.8710764973215807,1.362606102812104,0.14290394026022368,-0.006992643884490718,0.09192388421526278,0.0,0.14078408557376249,-1.965242923812765,0.0,-0.36705859087520354,0.0,-0.04478729023975142,0.4891364047173666,1.2175906668367116,-0.08936038281558988,0.7628307603569414,0.6977899952835548,0.7828155013687744,0.4543561437199308,0.6851045316936271,-0.7929984118812259,-1.2762133028103766
1.5574893046256852,-3.299363998283024,0.05481399026482835,0.06573113356754666,-0.6306866002613,0.0,0.07743876456084631,0.7379200569464403,0.0,-6.24960583432906,0.0,0.12753992333845385,-1.9987189396901324,1.0118230557736196,-0.09719302312616974,1.459448564677028,-1.081647791064911,-1.997735049256087,-0.07807680260082753,0.7362815549446877,-1.65363919277224,-0.7689463395851177
1.7763982461911783,2.46138398292662,0.007149159118533227,0.0037527276733923367,0.1972883141731785,0.0,0.12515017689762056,-2.2532542974611847,0.0,1.3517290886466162,0.0,0.3521819792781951,-0.5078847684248178,3.1234211755473793,-0.09817158428717401,-2.5383753562913807,-0.5571597944557449,-1.3554197800251113,0.129236398082345,0.32211797246387364,1.6711067388956797,0.5024000433241328
-2.5643082687376335,-1.407668055482427,0.08197378285347749,-0.0012187472187469646,0.08443452717252424,0.0,0.11514236550860711,-0.9603007924972868,0.0,1.3746191998764625,0.0,-0.0627008722968781,0.6182890847049505,-0.05268825629338965,-0.06893258235222081,-1.7600652616417811,1.1406322243315634,0.22851338247958755,-0.09391926972144884,-1.146591813149768,-0.811401300303095,2.0801598384944957
-1.7126269694269398,-1.1450861831345913,0.07600413746390407,-0.0010580095677772752,0.10883650581957416,0.0,0.11776741942461334,0.4661717183848309,0.0,-0.7089848036237568,0.0,0.014816862722651291,0.16441043670863034,-0.5216955110261351,-0.062313416270112824,0.46018282670814364,-1.1628353752456142,-3.3444788725396473,-5.040241632869791,-1.009049512056689,-1.3463645303139324,-0.3959027023953046
0.33298429160105075,0.5762465134123433,0.03151712338582566,-0.0005282592351734566,0.11548306780168298,0.0,0.17989523315305306,-0.8910581355124493,0.0,-0.5165074082128951,0.0,-0.47454202856511757,0.7597959534338224,1.9262102131492616,-0.0738676883508795,-2.9389431119563065,1.516281894575824,1.912582103278105,1.0579614938186503,0.22836553869111323,0.6539200319697492,2.644878989614837
1.6708824600147714,1.1822030090509112,-0.15134491052713298,0.00907645936540661,0.14100259875049825,0.0,0.22560617117194098,1.3066680157557382,0.0,0.4018784247614509,0.0,-0.023462798233508282,-0.3439059877638365,0.32377029170900173,0.6372662075908028,2.0991978628566477,1.2572938695139564,2.038437522812672,-0.5746179974913052,0.3924782896322114,1.7274696344638047,-0.7051219638634968
1.0136288114690282,-1.2465171943359494,-0.44727692167584804,0.009526993668368958,0.05040957651333879,0.0,0.13799139232704408,1.1661549762811871,0.0,0.3837206616656469,0.0,0.09473894137468357,-0.49001098511571717,-5.892797556766075,0.5597094018369059,0.5574378843972368,-2.871210482836192,-0.0871785664488129,-0.6295233930622401,0.8041318622108601,-0.47855825847343053,-0.45286186739006534
-5.169870364458092,0.2199912768341168,0.011975952209860783,-0.05886946513940843,-0.7454664040846196,0.0,0.10091598967988585,0.45477035534414584,0.0,0.8113592169057179,0.0,-0.24316753378598527,-1.0847061676969167,1.6197204503379887,-0.12443540069960964,1.0194308588624033,-0.45817935466228027,-2.5571776640083805,-0.6185836426622829,0.9032067446832774,0.15184443957868754,-0.6536374889256092
1.058896588180085,0.1963767156257392,0.07018084210241089,-0.0029376667848082043,0.0974372359781376,0.0,-1.8836197400258157,-2.3229966836373594,0.0,0.3795972528209585,0.0,-0.36480312017034167,0.24208323978284998,0.2567080368683058,-0.07186088385128159,-3.256433817410005,1.314379744677964,0.24375315156068647,-0.45188924140468556,0.12488175916231961,-0.9073586582041862,-2.2612721366014106
2.0143494672845277,1.5776566575223707,0.0416940149313354,-0.06561245756970303,-0.17450716205370304,0.0,0.2093226902517419,1.2483952126629023,0.0,-0.36395834221734935,0.0,1.00624377517667,0.20399448228524117,-2.2745578727434226,-0.11888572607319407,2.0710131414703574,-0.5340728799685713,0.9408215506200063,0.346911679027626,0.45927455768616793,1.5079619502166777,-0.5763284929330948
1.2399843353137676,0.6920087487332983,0.09714382240077085,-0.001749031246123656,0.05750696748170087,0.0,-1.8404290989993932,1.4906973651321995,0.0,0.2652041510611099,0.0,-0.18489218208397903,0.1954084833367302,-4.130386234628697,-0.11691174190622933,-0.5351923244572692,1.8742434860993622,1.3758858237095037,0.11334999964872701,-1.5628731756766394,-0.9559555660897158,1.0051189774006577
1.9627642204722253,2.2471631541315022,0.13140115697279456,-0.008286226099215817,0.07242928232222817,0.0,0.15192860583213114,1.5365684094307088,0.0,0.2717611397259538,0.0,0.11397542754219671,0.29727057038531685,-0.7654958907795837,-0.05703038444039884,1.0571828347071413,2.875042891895568,0.34537381075047613,1.648589209961021,-0.16885911944680063,-0.6432342379139961,-0.2601169249852224
1.6030746888523917,-2.8928678406547834,0.0678378036151875,0.06312887359690804,-0.6300592039934307,0.0,0.08528205020488853,0.7084966185607211,0.0,-6.356250441070782,0.0,0.15194029959842018,-2.038360182800703,1.0533079886572605,-0.06113320855741232,1.330142010661367,-1.0635737103582807,-2.4970347840789366,-0.05493302303325083,0.3174486489423483,-1.4408245392518604,0.35135670215915
0.7975915090331556,-1.0313472417422007,0.04194370169492732,0.003238465807347395,0.06273366257514319,0.0,0.13766549849683896,-1.8131399638899233,0.0,0.4455550863743569,0.0,0.004701282572653174,0.3863339624868262,-6.149870666088488,-0.14853376894453432,-2.6014411512758255,-2.6515840733722458,0.199475452885035,-0.7608377770680917,0.2330855350281495,0.08061908670544558,0.6319455786915648
-0.31962273748417275,-0.07301822157767798,0.05310311400087475,-0.002104565939525449,0.08653517269960743,0.0,0.15870639603328598,-0.8774253836186025,0.0,-1.7184396763379919,0.0,0.06551489511538564,0.7153601761533557,0.1324615532888299,-0.1315125222738675,-1.1379139008236818,-0.9615894268599927,0.7570356517343149,-0.2080071339932575,0.5018189811867619,-0.018328841512455667,-1.325881233331491
2.6748558016260393,0.5636576026311563,0.00784717731393797,-0.05372092614132114,-0.4134527050667137,0.0,0.10877016404304292,0.7728945036754498,0.0,1.1253410451270134,0.0,1.020849288801262,-0.9256396679611272,3.0317511720617474,-0.09218901018628907,1.9894802382394199,0.8900748936849356,-0.876084946470596,2.10058009190657,0.4640455621085963,0.3712475836202145,-0.21165029410621725
-3.811612884105681,1.8456139598830408,0.03136573055649958,0.000550140999697247,0.043545746104305144,0.0,0.0701495164673924,0.6834892027449022,0.0,1.9124146701123645,0.0,0.5740515599697467,0.17976150713008812,0.4139133445446722,-0.06779012453181332,0.8271230763548444,1.2784857211395357,-1.7748179239035904,2.600925099380234,0.5091388869327407,-0.583810946339651,0.062408566055198685
2.1769835153805173,1.4150092303277682,0.05911621921385311,0.00015336215093795006,0.21151957521440315,0.0,0.13384670558006284,-1.4513883691861575,0.0,1.2585645417087399,0.0,0.6997307200441246,-0.5284810965412754,2.4233580921185713,-0.09244241439044745,-1.3596150253954182,1.0035112798638366,-1.2669582250785936,0.19375797604729394,0.2537969777496232,0.2639273588933273,2.181418015010454
1.3497930456346827,3.369214406350821,-0.20670551805596252,0.0003210283796339212,0.13574358908810086,0.0,0.24862808528877325,-0.00590764438195536,0.0,0.6203733138068843,0.0,0.35111677695399673,-0.5588763616193319,-1.878863132634407,0.6049207950378387,0.40697008484711333,-2.254548238252881,0.6328995667293881,0.05882065230170086,0.09524953701708114,-1.5487488577870265,-1.2065762549316268
2.0459861408588376,1.2792824283974549,0.12527859748879525,-0.0033380144725987633,0.08678007950773405,0.0,0.3054718523838883,1.5229859110449158,0.0,0.4730235833183417,0.0,0.19373005786313002,0.3303761909729568,-0.47623922398514995,-0.08470813814850585,1.740018243378155,2.3201027316559566,0.9513264946423396,1.2724969246824926,0.5815057849661686,-0.3580656877723075,1.4111673243054286
-1.4787810401392876,1.0503241452919696,0.06706907483865081,-0.011107978556400661,0.16710406144943535,0.0,0.18390481488248187,-1.6707391587440925,0.0,-0.15365207023667074,0.0,0.14131642438735198,0.2852786953176227,-0.7341177013270008,-0.08144251252194509,0.16629570724185036,1.866510609103842,-1.197789391939557,-0.05250070669439401,-0.08045652383401893,-0.38097660280410517,-0.6553781320222478
2.2349887060002374,2.244965586564177,0.06476866703620911,-0.008286226099215817,0.00659289690045159,0.0,0.09078501827117563,1.16513637451771,0.0,0.3749343350515078,0.0,-0.03131218597998756,0.2708524256054879,-0.96635081821918,-0.044693882332323305,0.7516681486279988,2.475831360645836,-3.168821945032429,2.4052442483371275,-0.2243189878684765,-0.5463862758199679,-0.43904993910367646
2.2243162133349474,1.4745635953255374,-0.5770973074552431,-0.002937666784808204,0.1332152183507611,0.0,0.2901748337811833,1.1999994697889853,0.0,0.46376198308240585,0.0,0.23793945177026463,-0.5680742651846657,-0.35280937296277015,0.5529848716291365,1.4438091071148422,2.544600138423524,1.98873482789518,0.8727249834741043,1.739965348454901,-0.2895862014598473,1.3318919480985036
-3.6733465406742254,-2.848074852095188,0.04723260179948527,-0.012082662635917656,-0.08840768966035792,0.0,0.05281374276625636,0.4157380517372359,0.0,1.2700435980067495,0.0,-0.10078392318452017,-1.7954801718811064,0.42504188349845134,-0.0787065270922907,0.8507293342366987,-1.5539956032363693,-2.7346077063982532,2.4962463740179452,0.15779559586596512,-0.6398654995777767,-0.7162862763819837
-4.8909772785628824,-0.8044714271467018,0.11503294897848271,-0.00172213811448937,0.09928455481153292,0.0,0.12497481303022787,0.5665096769280752,0.0,-0.1426404011735388,0.0,-0.09199810644412966,0.6624145994345829,0.14266103617772444,-0.06330767285428977,1.2205528256364082,0.1678759979558548,0.21328273918541685,-0.2081237702656463,-1.1293760335737046,-0.9316354661544581,0.12392880818682339
1.2617935511675302,-1.2431418624527035,0.0325005786241856,0.00807701889195877,0.12306934683463407,0.0,0.15118820492787113,0.8669443058162108,0.0,-0.7610319513079423,0.0,0.006827705484513762,0.17938169646390925,-1.8961178349789398,-0.13725502604762427,1.7746238643355043,0.05049298910163405,-3.4011143375246893,0.014217158821252709,0.3194145980236705,0.41392205970536206,-0.3289163300885408
1.475777700260322,2.522681692795783,-0.4213819402093577,-0.0012470169723999033,0.14315940130326799,0.0,0.21697266492320047,1.8482014474873807,0.0,0.424706707710134,0.0,0.3728441759147873,-0.40017878741711144,-0.04234823244431975,0.4693577225299908,-2.5882888857486916,2.661304668080231,0.76560096577878,0.5455583599343905,0.4989120789099278,-0.7498506733285428,-1.395281178187691
-1.121250098828511,0.47220854342112706,0.00023260678534240352,0.0023687072495091792,0.08059008903905643,0.0,0.16083822100149456,-2.17584224555795,0.0,0.4085694975249028,0.0,0.5316602645015374,0.2539364547157992,-1.7393098041542896,-0.15524256391793617,-1.9455549081508332,-0.8708000886320789,0.8196768868876552,-1.085104199743919,-0.15614546303314944,0.8222024886925831,-1.6561369758009936
-0.379525538997386,-2.157752815126465,-0.45989998703872487,0.00311928575567483,0.11051647865146648,0.0,0.11548226741187805,0.6021208509229885,0.0,0.6234058344073055,0.0,-0.195543109777611,-1.688707120371114,0.12032241817731781,0.24545103692520545,1.0800829633659739,0.4801440363026457,-3.579032180974633,-1.0907173453039034,-0.32128458897578793,-0.5182227938171826,-0.44095488685204176
-5.538807937650999,-0.2732820963015179,0.022355929966417835,-0.04610607313300552,-0.3871073793770464,0.0,0.0699632829430277,0.48491550349309237,0.0,0.4228536985902269,0.0,0.46519193707069856,-0.37353240194123427,1.1155111291024278,-0.15746355447940832,0.4207952178398392,0.582858906684257,-2.365017584957234,2.04411911280288,-2.259073301021647,-0.6639136852144988,-0.2669223534939343
-0.12362596185665277,-0.09202737959095471,0.03856394915604876,0.00807701889195877,0.1130497376974883,0.0,-1.6565825322698233,-0.6454584657872474,0.0,-0.3964365901706009,0.0,0.0892767915026401,0.5535410040737047,-0.9225284323534759,-0.10791555537660763,0.12593952839336855,2.1223383052608003,2.0777389448260313,0.18024473063106686,0.9537705984759861,1.6889107938157764,2.89100706337991
-3.1591322186999253,-0.9271670704078925,0.025552614676828966,0.00887885158079395,0.1595453007862929,0.0,0.1599256099956636,0.6333981770446437,0.0,0.1269693329621477,0.0,-0.41524631781326965,0.8488117486577441,0.991239974850599,-0.08817453193899248,1.365106749718332,1.2298631192057523,-1.2415935020511137,0.08819752533605678,1.0871255974806784,0.8487162873993972,0.5692820984466841
1.996085909057416,1.3864107421425398,0.05537343613727602,0.00015336215093795006,0.21151957521440315,0.0,0.13384670558006284,-1.7000853243086922,0.0,1.1917081364855528,0.0,0.6610031289776996,-0.505763781050909,1.928769327467154,-0.09244241439044745,-3.2039655598391823,0.8067277500608093,-1.276601268333645,0.16639876690287322,0.25955140011887307,0.2567139309317661,2.343190568613234
-0.35865762254292705,-2.273052362610997,-0.5369433717478982,0.00311928575567483,0.1055286180865122,0.0,0.15173163006876486,0.8316647922230321,0.0,0.24530258533067045,0.0,-0.22481489623296635,-1.9541172954770616,0.3662310429811367,0.25636455930579716,1.5216830514020463,0.8268900435434801,1.0955859754372534,-0.578872367082969,0.2035986559990243,0.08279701334592707,-1.5897877823059268
1.9576790312621437,-0.8622983690647746,0.13239690223050773,0.006130904819457679,0.04697183898255443,0.0,0.08201941323624307,0.9851901517196138,0.0,-0.2316852674632182,0.0,0.20252797835586975,0.7778975066606876,-3.6129796540991164,-0.02604056186702273,2.0018109038501857,1.4154507852954985,-0.9496560539746592,2.497246693803072,1.3683132825399573,-0.26880077754565396,0.1849258846765161
-0.9566444630515775,-0.05821573949786264,0.012494058855991069,0.00807701889195877,0.02718647619241523,0.0,-0.9968225001924924,-0.046532707863046086,0.0,-0.1602676411802343,0.0,-0.7734734783708135,0.5019777386334748,0.9836739890965189,-0.12579883899766367,-4.240047223844118,-1.6593170491020053,0.14910176588719573,-0.08797575814352392,0.44412383808894584,0.7931012831017877,-1.165364328879005
-1.9246073150962815,0.8720210400391001,0.038342352425482285,-0.0007190145539532726,0.08533894382489483,0.0,0.1194670049226557,1.622965921609708,0.0,0.29181834025876136,0.0,0.06612009153022755,0.150172855738763,0.11439133481381378,-0.07762356132078342,-1.9009105287129802,1.4914021222819802,-1.0889800026492071,-0.8622202530512132,-1.6815835865589563,-0.44677793449094055,-0.9439852779618447
-4.855789059380026,-1.7740684268230789,0.0722275582177737,-0.008286226099215817,0.05340988347597363,0.0,0.098769694790564,0.6068337785508661,0.0,-0.0030050036815511463,0.0,0.07311148101377751,0.7872796766414485,-1.0097552317209741,-0.06756190556102623,0.5623439153714269,0.2620554665492331,1.3682531897668029,0.7307778278560001,-1.0767721850105645,-1.0732414114444342,0.37433808692853027
-3.854755829949862,1.871110847434706,0.022637741359306043,0.019222648411277514,0.07063976286479776,0.0,0.11455485052033851,0.7676536569938324,0.0,-0.5722262865961528,0.0,0.43601799252430407,0.21876381122555574,-0.5035537270202238,-0.13117562692614856,0.9430552663031601,1.3370929882118125,-2.7391563115546385,0.1983460478417224,1.2343274933223574,0.5858180162055195,0.09045367703933281
0.5052370905302255,-0.836240255347679,-0.0035793394936334223,0.0015338199077294906,0.05283198248831416,0.0,0.11369588349700156,-1.9715568678150532,0.0,0.2763654838981108,0.0,0.09794167597735408,-0.536566558193846,-5.954928327132049,1.1329817749663735,-0.35199981258135454,-2.8592463823990206,-0.21281423473762437,-0.5063930128385685,-0.39538946982661477,-0.2783837261668911,-0.6074561259665335
-4.062772101574329,-3.062362992986286,0.06246104608931214,0.07046964022941646,-0.6423252896460867,0.0,0.08401318451019443,0.46324873706841807,0.0,1.364892655215806,0.0,0.396097903577935,-1.9918575989979852,0.6163272198913705,-0.04463937269096068,0.6793981791125407,0.3366438457621818,-3.4483147576542006,-0.04625577202927019,-0.5814600547905712,-0.6192633629981227,-1.0644309237798861
-0.6516260966460844,-0.41860763481464197,0.0691628795291272,-0.0066616826236019205,0.08667357109115068,0.0,0.14718534759833654,-0.38582713877282704,0.0,-2.1972893628978345,0.0,0.032495009201503784,0.5626919555206602,0.004180258190349881,-0.13727328015808302,-1.191629440528842,-1.218211572441366,0.7538570445570205,-0.4492175441062897,0.4316793399624016,-0.07143053888431551,-1.3574776946926366
2.1182827125329573,0.22919532603168288,0.1321596331770654,0.0020829655397169695,0.08619960549750827,0.0,0.2437788708611613,1.789350865197567,0.0,0.4666169382253889,0.0,0.14484458740363312,0.30557619776737166,-0.7817952276932115,-0.11450440570522291,1.729724249318615,2.1010483107324873,1.0949127918743016,1.2916767556226256,0.513240697442202,0.03287660964257778,-1.5833117161559176
-1.1021944412167113,-0.17600455538983287,0.010684483077055346,0.008675823558906757,0.1078845629656006,0.0,-2.0196850210954387,-1.1157205261921348,0.0,-0.3663264442278312,0.0,-0.2398816964151209,0.4176722742488359,-2.0657499354235704,-0.16212394670523705,0.11858061903706243,0.8921904544665151,0.7835311841019487,-0.9016107506844925,0.00982080570505087,0.4315590926495936,-1.911801430404515
0.6125742264216867,0.5930694473994702,0.00661810532881512,0.0023687072495091792,0.17327265415637982,0.0,0.19659510224889973,-1.2053114597201926,0.0,0.8992126940337063,0.0,0.18672190299221145,0.4480695035336819,3.4543390896755444,-0.1513275698061335,-4.496428764488319,-0.05898825829116117,0.5568681161176936,0.27293222017500823,0.08067470913479624,0.8490377208000697,-0.6692280005375627
3.1238243959439753,1.5938628523885516,0.059857590209602775,0.013629427167843593,-0.6256554255758228,0.0,0.15154459059097053,1.1835567110744498,0.0,1.4177641011559616,0.0,0.8069325371046142,-0.4984692253448091,2.284376740918039,-0.06792527921287947,1.679543099938509,1.2054668062844023,-2.048851752519127,0.23631005423412443,1.4547310563417593,-0.18139318684986705,-0.36869368794892926
-1.4736691010265965,1.9744290888591527,-0.06328114426960653,0.00807701889195877,0.1399223512116949,0.0,0.20447895966290222,1.1995780867620314,0.0,2.2267644847195163,0.0,0.027113716280227393,-0.42730095679160385,0.6599298679326735,1.0344395242703117,2.5253762882077035,2.6805425669812513,1.6985401981095105,0.9213676465033412,1.302992835647859,1.6150404819649864,-0.09859455479894821
1.870450621611956,2.908828734574549,0.18107078204482774,-0.008286226099215817,0.1323416874755545,0.0,0.2986735254378421,2.0426722041330767,0.0,0.42793302130060634,0.0,0.4177698355918492,0.4339508787508937,-0.1752932701663846,-0.031606188266523116,1.7308429899779585,2.9095629515835477,0.9921278658289017,0.5155800589198536,0.4358804416736164,-0.4846501211819988,-0.26130142181319027
-3.552168527209442,-0.6510301314572959,0.10745134003373696,-0.0025996059488193586,0.114922819598663,0.0,0.10755356671325766,0.501855759437018,0.0,-3.092487005987038,0.0,-0.03889886486627522,0.6734977470315568,0.00937590359367137,-0.0729765871949577,1.361222845420706,0.6757203779446194,0.36851889807038163,-0.20126102072934657,-1.2477060706116856,-0.49726996473435825,0.23090118198645368
1.1619832271416413,0.5922423220422621,0.04461529947792426,-0.004285874355672557,0.06255024400780407,0.0,-2.1853919364691046,-2.227480589389314,0.0,0.42696272317145456,0.0,0.1319703968586946,0.330578311451314,-0.582120085585254,-0.11153178844981454,-0.5705444283830136,1.7399776834929324,0.21819731890330338,0.4150976084787848,-0.08051727783486616,-0.6388540304071183,1.7589872446288717
-4.95366740167803,-3.074675359692867,0.06246104608931214,0.07046964022941646,-0.6357045070990226,0.0,0.09783999108411048,0.4704041824778078,0.0,-0.8871929116114573,0.0,0.49098804886985564,-1.9918575989979852,0.6423076693869989,-0.06458113180641141,0.6850070747777876,0.3473489143005423,-3.589595397163706,-0.08528749704834505,-0.5325806548815436,-0.6671811896447336,-1.0696647753157105
1.3357869051030569,0.7110463471449316,0.02917903205844329,0.031233305568265698,-0.7326461834505017,0.0,0.07627961232990674,0.7965316890970788,0.0,-5.5774275756907095,0.0,0.16418171726372002,-0.43557781535122403,1.2837847479175872,-0.10244937355064337,1.3092302029052487,-0.27526510490057776,-2.6127220371219764,-1.1777940449478324,-2.3283917435099943,-2.5366769729267444,-0.24541736412464313
1.0906402196357354,1.168808850537944,0.013403815915783653,0.0023687072495091792,0.1641970965789138,0.0,0.23816987936916872,-0.8694632691834936,0.0,1.2623492499017208,0.0,0.25224207481129773,0.5091575782481925,4.923169002241009,-0.15748917935972295,2.93184085003556,0.6145111153235925,0.986057309266421,0.2151212287373803,0.3401546726827709,1.8255076729457953,0.042155124276488654
-1.6027920735418217,1.4727946943781771,-0.09406519461771849,-0.0020856597517771355,0.15873416985186645,0.0,0.2319771294485481,1.1428779529998496,0.0,0.0037203435550919456,0.0,0.1489770671053318,-0.34786668886261646,-0.8696688430025484,1.0424137481318128,1.367594419726396,2.4849403380307056,1.524617781277776,-0.4831791260308411,0.002658464661442925,-0.38017399357292675,-0.8135344640124563
1.3849979652881965,3.1689196065482568,-0.08670159645194149,0.0020829655397169695,0.16240386132636772,0.0,0.2547708109087658,2.035588681363257,0.0,0.5492637587761157,0.0,0.07318157522160541,-0.4421402399740322,-0.16797083594898385,0.46280072453771826,-1.5507051066514248,2.449795933124914,1.714830333446312,0.5174906499092953,-2.6910847624930336,-0.3490312539579379,1.2755942270048855
1.9765686417009645,-0.2505735004402947,-0.24973073102714927,0.0020829655397169695,0.08722258399101805,0.0,0.1635761420059833,1.427587330187005,0.0,1.5310600901153562,0.0,0.13383057298099127,-1.0579122689452076,0.6787988351308389,-0.09052154155148547,-1.334679985577029,-0.22711881046619564,0.5084590458736703,-0.1488241417538371,0.7523214230870913,0.40621613852306365,-0.8363476282017976
-0.018413463531716055,2.2376520614838222,0.022170277415425557,-0.06681196031648284,0.13376199472948697,0.0,0.12872717700595682,0.8027398353318532,0.0,0.6462650625502061,0.0,0.17889505004158224,-0.40365382963581536,2.602891684719439,-0.14003837692357665,1.5130447736152646,1.8016577759646843,-2.630713395480953,1.996424805561293,0.9538150860462269,0.6445772933212822,-0.2090546755944743
-3.811612884105681,1.8456139598830408,0.03136573055649958,0.000550140999697247,0.043545746104305144,0.0,0.0701495164673924,0.6834892027449022,0.0,1.9124146701123645,0.0,0.5740515599697467,0.17976150713008812,0.4139133445446722,-0.06779012453181332,0.8271230763548444,1.2784857211395357,-1.7748179239035904,2.600925099380234,0.5091388869327407,-0.583810946339651,0.062408566055198685
-0.8766821796414095,0.18817119624422995,0.007208124698291322,0.00807701889195877,0.026244519813502138,0.0,-0.9968225001924924,-0.9422147637649954,0.0,-0.3742635587140996,0.0,-0.7556953963347928,0.5629443446618084,1.4133360151253507,-0.12579883899766367,-2.43527914110535,-1.310241255981906,0.18035458198465834,-0.07692192154033846,0.31562574945094873,0.6747417997577766,-0.7540649472821791
-3.7376510175076856,-1.5467771332955726,0.04974291764765543,-0.0010580095677772752,0.11150546510453953,0.0,0.1393281212346376,0.4964578199688659,0.0,0.9105588455591361,0.0,-0.04274052824029421,0.16845922733239996,-0.4469464378832796,-0.061471486582770976,0.3337618049475982,-0.9587827792855472,-3.530053711565873,-0.09401127802772848,-2.0058555699055067,-1.1318080775007477,-0.1488435165933575
-0.5550348190403488,-0.3998810795073814,0.010282271000071907,-0.0024690968122574614,0.1130497376974883,0.0,-1.88444188390512,-0.6653064538081994,0.0,-0.3894525113408518,0.0,-0.006598979058854143,0.4502898312808402,-1.166128013443441,-0.17140717861804355,0.25679224362686087,2.081180678713333,1.8884662606575753,-0.6535590676066064,-0.49374477512210885,0.6328879825118224,2.6622766275646916
1.0676838924677898,2.2043748476512723,-0.26275488629233146,-0.0038855266678819974,0.08616266792643307,0.0,0.15605203682475866,-2.3352031744147816,0.0,0.5540523747940914,0.0,0.3153772084357984,-0.5270777990183707,-1.4948687044750402,0.6614424785997045,-1.3235403848875862,-0.5507767877485512,0.2260290997903698,0.10271948768659478,0.5637289740775571,-0.18428868185016348,-0.9242398716724544
2.2264481312750295,0.8374834248127366,0.07189257035866153,-0.0029376667848082043,0.06584160449968171,0.0,0.15082388976462469,0.9954115654168141,0.0,0.44291205490128294,0.0,-0.1477446691988744,0.24611259608622102,-2.904337696679686,-0.07443334509244674,0.7763960612324109,2.086166609047214,-2.2180885025174364,-0.05320615124681757,0.6387551092794445,-0.974638610745316,-0.040088411422802395
2.4744493434061385,3.0513146899968513,0.12494153726122932,0.0020829655397169695,0.09108751727503796,0.0,0.29242556465846326,1.6830101996025493,0.0,0.612626048437497,0.0,0.2927685345626917,0.3922683930509063,-0.5143623540451466,-0.05402522541916996,1.7578071004668239,2.5259299440068936,0.8503630521092768,1.4681583486804943,0.8778404649312093,0.16574273989871102,0.7784630023768516
0.6431091419356646,0.8993788666503273,0.1401067366161509,-0.004104941757962162,0.09192388421526278,0.0,0.15821810819300827,-1.8051355169404208,0.0,-0.47848295911294836,0.0,-0.07175183282526443,0.5859600333486986,1.0430462320179061,-0.1190054172409374,-1.8829672727510056,0.6570709120958398,1.3059188180795402,1.7761045967884994,0.8238764357828974,-0.4151190888700069,-0.7422766587124314
-0.8758209173471126,0.2768231890420373,0.01743580771722194,-0.0038615628720742833,0.034624461906010394,0.0,0.10761924105256014,-0.09932497401988409,0.0,-0.5766013380265758,0.0,-0.7425628775106996,0.6247970451258612,2.146372900001112,-0.12859527110804117,-0.09093771566323458,-1.715539082810187,0.16754813691601383,0.14825479796510743,0.02468793065720979,1.1163789434248736,-0.4740177919262344
0.9316024528332754,-2.782576588737768,0.018820912904161182,-0.016591238484357528,-0.13926012894064468,0.0,0.1119179701120324,0.6129903184877153,0.0,-4.126063676787717,0.0,-0.04719935912617385,-1.9669585312153888,0.3722796456482867,1.1027400023556644,1.639008343223896,-0.00776924593060915,1.4775737618304121,0.7675254707393203,0.5674576732430529,0.5004336216554944,0.42850516504000125
1.3322167166323908,1.8378270896489934,0.0638844662087406,-0.00276367808087233,0.13887640223150102,0.0,0.2644256219905797,-3.6400546368384568,0.0,0.5834060950632309,0.0,0.09825375836473842,0.3265959262694089,-0.631662872595363,-0.07921646719693018,-0.9280976555847404,1.6551467295632716,0.7286084828822731,0.157691344342574,0.16092630532710647,-0.2037779558258801,-1.1004862743605235
-1.0789166025097139,1.1239096144447762,0.1741734996059306,0.0022638981374273645,0.09964701789402206,0.0,0.2040063126006838,0.719423436090081,0.0,-0.07256210783546256,0.0,-0.7759959301611965,0.5203349378530732,1.485630729497096,-0.06857995358305037,2.560544818764922,0.7782673268184528,2.0643008030470247,1.011258399927212,0.5499040531827197,-0.5474508133644059,-0.04287297049900991
2.2592938433450853,2.279904397355081,0.10987208336887559,-0.0011031111730690868,0.08410848594500894,0.0,0.1268943824289766,1.270215618529293,0.0,0.3906715470241395,0.0,0.15100997432322744,0.2708524256054879,-0.7282088942490239,-0.044693882332323305,0.7236397813339726,2.7085548293529382,-1.5944063474293886,2.393100739550643,0.8778499975883136,-0.3183736525479878,0.3564436592813702
1.3852270432239848,1.2345282198983953,0.06804589653944872,-0.002937666784808204,0.10416913818909407,0.0,-2.0663851969285827,-1.5122211008058422,0.0,0.4569159168148105,0.0,0.1858207708403379,0.26159432376766384,-0.3928815804446738,-0.06946297621653681,-0.8523405862581439,2.103980565514921,1.5068918571622592,0.020347840262021792,0.23913884033027444,-0.43265398016483064,1.8405597246855008
1.248158087149827,-3.215962569903612,0.029582001320715194,0.06573113356754666,-0.6019527832563595,0.0,0.05485777759499915,0.5371050556352075,0.0,-5.703641452570925,0.0,0.3190448923460934,-1.9126705438026594,0.9982415693583534,-0.10761496495285032,1.2396761062395263,-0.6584021098425976,-2.6269708213194103,-0.20246285701808034,-2.3067301014823607,-2.3793060133493245,-0.40118926307817077
2.975636210012846,-3.366548726538128,0.06778298104501781,0.00032102837963392163,-0.6256554255758228,0.0,0.11263135733784511,0.8940275002119038,0.0,1.4584769455738755,0.0,0.5782605787248176,-1.9626760853080663,1.9161250968575867,-0.030822637494851958,1.6045067590049458,1.2021974148798868,-1.51266598090661,-0.24681576628935115,1.2819438179890559,-0.45449338151342783,-0.5087941214625091
0.5835410722511959,-2.9384113849552174,-0.5091772159144664,-0.0019805790073990754,0.04579632314469487,0.0,0.12148755303253111,-1.3995237554709066,0.0,-0.6450361082893035,0.0,-1.166345818253876,-2.2823981771686332,-0.011979356495717396,0.1950880522495629,-0.9623896044419189,0.3480307679045049,0.27978930112114575,-0.14716266716520396,0.1940731779038704,-0.8578812648493049,-2.064660676881242
-1.5227223811814288,0.8622705368082251,-0.11580496638081149,-0.0024690968122574614,0.13994502315230362,0.0,0.1311955600608768,0.885095926803775,0.0,-3.766819181934508,0.0,0.06816983288665689,-0.3671471588578076,0.32619917447660984,1.1457262663969778,1.6132874926177838,2.065215682727774,1.500619120195127,0.3282349412633179,0.08715391077243345,-0.3987146244440953,-0.34180157833733993
-3.710279377699964,1.8461329294347744,0.04655681327896004,0.000550140999697247,0.041233942600021646,0.0,0.0849200321810988,0.7949994720240771,0.0,1.8771684550363075,0.0,0.6023765476857573,0.19803753626830933,0.17847655956283512,-0.056651396340258404,1.1367261257148582,1.5640226405353876,1.530298066504039,1.756509266414534,0.4248749592817318,-0.5827040572319838,0.6856228218609762
-4.750274999941567,-0.5616555578483106,0.11374775897907334,-0.0010580095677772752,0.11272420486406541,0.0,0.12694263809637665,0.6044385999462056,0.0,-0.09040353830821349,0.0,0.08612815867037686,0.688936854127744,0.11806223676583102,-0.054967583943797374,1.5896097504378113,0.5957133522017165,0.5116560814079053,-0.16980744169785295,-1.0037825513138143,-0.38613603271284136,0.12338308563602318
-1.48411364510457,-0.020848931782230073,0.023401026273978318,-0.05316592421626352,-0.35049854571849554,0.0,0.05192690340995905,0.39312261788563735,0.0,-4.823455107617299,0.0,0.07700968808284171,-0.9594785435137668,1.9254660010468008,-0.09764884323904274,-0.7492774681600296,-1.4358393736690334,-1.548156427421977,2.4018944229353405,0.45076542159686617,-0.4633507568981896,-0.20829943770983939
1.750510559022307,0.9647974338066401,-0.14700934187363887,0.00907645936540661,0.14100259875049825,0.0,0.23277166529954169,1.2845801556904566,0.0,0.4820763245672122,0.0,-0.023462798233508286,-0.35151704745492457,0.30828837106381374,0.877609631754209,2.12449827076424,1.2527150530384545,2.050863431338622,-0.469361703457289,0.47238650399747045,1.6700416359363488,-0.7057327322530843
-1.406210609040427,1.5562600777448146,-0.14909210591672267,-0.0020856597517771355,0.15873416985186645,0.0,0.21733482529889103,0.6877559873792547,0.0,0.36413300549418315,0.0,0.08611573605023862,-0.37271134712381454,-0.7674529892492202,0.7341035367339106,0.6763425659042651,2.0636855001476535,0.8474369197145633,0.7625001919188801,0.06535201732912917,-0.3593762848889777,-1.3060052447264037
0.7549533200495248,0.31810301575102995,0.016978590259174434,-0.00112366068024268,0.06907839441879084,0.0,0.21872453003172965,-2.416347318226014,0.0,0.23665651921468228,0.0,-0.0848021920560548,0.29961383930475716,-3.777055661330176,-0.18031861223194387,-0.795424065074513,1.4001118470929188,0.4284208771435961,0.09062866495305726,-0.5994025853898033,-0.7125230027393585,-1.33604991594986
0.9316024528332754,-2.782576588737768,0.018820912904161182,-0.016591238484357528,-0.13926012894064468,0.0,0.1119179701120324,0.6129903184877153,0.0,-4.126063676787717,0.0,-0.04719935912617385,-1.9669585312153888,0.3722796456482867,1.1027400023556644,1.639008343223896,-0.00776924593060915,1.4775737618304121,0.7675254707393203,0.5674576732430529,0.5004336216554944,0.42850516504000125
1.502689539214882,1.1959733050676877,0.09427629599076043,-0.0010148332558447635,0.11946308941729593,0.0,-1.529424045307565,-0.6841017834959043,0.0,0.5465578551151039,0.0,0.1924608769271739,0.20878578423289948,0.36738282271108413,-0.06108453655224195,0.3554116086427683,0.8740808006404451,0.2919865443494525,-4.877211686898672,0.9949637807527648,1.8884083651581804,1.6133159766648768
0.9232609783909471,-1.749194719551926,0.04252512938722608,-0.0041347190989284585,0.08773752292767575,0.0,0.18247227795836668,1.071024025924108,0.0,0.3475434146635655,0.0,-0.3317705074882762,0.28437256717828757,-3.7581980198755587,-0.13826302223676276,0.03342548387568338,-3.150923932635525,-0.35342661961617733,-0.7083514193258456,-3.625332149690544,-0.8706937675187946,-0.6364860523819196
0.9153348563086239,2.0725802235731607,-0.21346746638727634,0.00031446216293713075,0.06444482018591911,0.0,0.14039868929281282,-2.4252899158668826,0.0,0.3470332535345198,0.0,0.030309143106830656,-0.4746809437160133,-4.43938574746258,0.5008420794168834,-2.619498333817378,-2.4405230860216234,-0.0672486876974187,-0.17665774363411588,0.5698270447624866,-0.9436312883497784,-1.270721802650335
2.4118545200808286,2.343478294081913,0.18724543545020758,0.0012862609133872751,0.11180840829008423,0.0,0.1887273549839699,2.091366604163316,0.0,0.6566455013710492,0.0,-0.018336515598849874,0.39089596445639474,0.27468137212282645,-0.053670596647328754,1.9448713356982978,1.0713700830020418,1.2521904898077119,-0.2616754924157537,1.2764138180548905,-0.1662319533406834,-1.4905030475828616
-0.4659681462581989,0.210197619519267,0.12072124911031047,0.019078299422399612,0.04961283319916581,0.0,0.12022484263740485,0.7707361854330568,0.0,-0.18110405344092143,0.0,0.18994016842862974,-0.5655113515394511,-2.73809928065351,1.1446124198583079,1.2619324648932397,0.11363555762831946,1.198160186998369,-4.567741175779715,0.979661800142022,1.4264955305459115,0.4688391345427308
1.6370485648403732,-1.5796629971340055,0.2158262867828775,-0.0031570818748883687,0.09691806953364891,0.0,0.18220555772520106,1.3085698073710859,0.0,0.018271228386609877,0.0,0.17060631275454358,1.0515969156553047,0.902729396709114,-0.02664044849702928,2.0112319367683975,1.8939950944711197,1.9468225731300979,0.6129238476458075,0.3963607835094948,-0.3911750458171101,2.142478536071913
-1.813326778629542,-0.24237389050912223,0.01972996995224618,-0.0038615628720742833,0.11583894636380104,0.0,0.20491172447335299,0.7037802138257759,0.0,-0.32918790333650944,0.0,0.04886287218917747,0.4438889875356018,-1.0127060010264883,-0.1358997311645764,1.6752270170715253,-0.7019112474381973,1.6077362992222617,0.42991902675468063,0.01575684937419835,-0.6069473424040014,0.5224568483900739
0.55046922317437,-0.8428560264120962,0.09736195819390599,-0.0012280006472741335,0.03948479054523381,0.0,0.06612453603675181,0.4659310418621451,0.0,-0.2047738872013702,0.0,0.047777380245593734,0.574270084958166,-2.628970271814701,-0.0320626427517764,1.1720195952349648,1.5170885845146946,-2.2249907197186003,3.051661576202465,-1.29811604519304,-0.5489202852739152,-0.01832178867115855
-1.5518896696420128,-0.3353022434338462,0.062199191808465976,-0.0066616826236019205,0.11832177728532506,0.0,0.15810047249777714,1.4363314348704623,0.0,0.9874334434351532,0.0,0.12880694174995125,0.4880673318442895,0.3594761490663502,-0.06454871793924101,-0.3721640800997111,-0.6858897972759297,1.153625868403374,-0.36668454144894397,0.44989231849641526,0.11908352919596225,-1.017858465068556
-3.2234567842062476,-0.24209471233576213,0.07138111513827583,-0.0032655937746906404,0.14017698593593952,0.0,0.17653494216111626,1.4915608802821683,0.0,0.7535946136273102,0.0,0.08248940565618812,0.4808640655344252,0.610939966710835,-0.07136436457782884,-0.21039387239315954,-0.3714607894968992,1.112376348613572,-0.14780600904932256,0.5316714263857434,0.295331564140672,-1.049711502239333
0.5088944926477399,-1.0704272702378719,0.023485296622074343,0.004215339756255192,0.05102328020678559,0.0,0.07562004350257415,-1.9163223612573597,0.0,0.30888495192998444,0.0,0.12793459570738222,-0.4809064703071606,-1.8243169227195246,-0.1454589962620246,-1.8135962542723962,-2.864442480910088,0.05979044538303213,-4.1328264586839145,0.2916070699037711,-0.12214683594400719,0.6108096137564077
-3.3343307002723903,0.02414575601166284,0.06363980536921826,0.04272099102302931,-0.5287082825444163,0.0,0.15192483263901632,0.8340624272744068,0.0,0.7664600318976131,0.0,0.03527675493549117,-0.9494501337878823,0.4229670078369616,-0.10727834902621534,-0.474908439791041,-0.2956567300186262,1.0115130873378333,-0.4425457357763343,0.4908134443484344,0.32366839820138077,-1.1270112900684397
-1.8469862915786432,-0.28371956990390657,0.026099358551068135,-0.0038615628720742833,0.11583894636380104,0.0,0.2000792873687201,0.7159291470722512,0.0,-0.37606217428557953,0.0,0.03722436458389108,0.4438889875356018,-1.0293618093976715,-0.1358997311645764,1.5881797648597347,-0.6836734225272436,1.6341963407561744,0.2542462706799965,-0.26712600765495714,-0.5793942492817672,0.5210164986505607
-4.881587185484093,0.10785167532588931,0.0075555612564029515,-0.06681196031648284,-0.7496715310984102,0.0,0.11120295526064558,0.5022505261416442,0.0,0.7274578398701531,0.0,-0.24083972008755727,-1.0616694810537508,1.6587197845223454,-0.12743364748293204,1.1068800449914689,-0.7142914864855554,-2.290159646866571,-0.45789621734428027,1.475457158043268,1.0752363784182355,0.743917578561885
-1.0794816849965723,0.7344713095217761,0.0238640691655209,-0.0002678512221006219,0.16549371430380713,0.0,0.17874754338842122,-2.185611116411935,0.0,0.20260452221101044,0.0,0.26180676122647223,0.20190209205476936,-1.051735065381934,-0.16305826075363317,0.3143789201444004,1.9037639877449792,-1.2108054082605846,0.5648829572726194,-0.14198506565513946,-0.5946876995445078,-0.6657492353914
-2.928171705360649,0.1347014763834299,0.005214057814669128,0.0017894139935526342,0.08951438557512335,0.0,0.09977357543202613,-1.425834951584313,0.0,-0.9331133966390259,0.0,-0.3132869917544139,0.23884691610738046,0.7077633650812297,-0.10651517412041824,-1.5715811582644457,0.22074626158206198,-4.122304685516095,-0.4508648733462841,0.6576082710340818,0.385425341265191,0.7604336633539911
1.7793250715897881,3.1854070372794094,-0.39976936464267865,-0.002937666784808204,0.08126494060203066,0.0,0.18709225321468761,1.8205273830690505,0.0,0.6122391970281283,0.0,0.2477711757463159,-0.48475399263493885,-1.7790535037462525,0.6054456744436016,0.3714610084066619,-0.5654069055043145,0.5738078582080909,0.01513579408488546,0.8288940549326126,-0.3243535843834093,-0.48292273953603276
1.1656816904836917,0.6092421998419467,0.04582581992956438,-0.004285874355672557,0.06000396041493698,0.0,-2.1832687409237557,-2.76815203300665,0.0,0.4155340246479153,0.0,0.12823575845626678,0.30010241070941657,-0.6554172568954941,-0.11153178844981454,-0.680647517299687,1.7354401050615167,0.19917717178190694,0.4137089448199766,-0.1093423041871479,-0.6421077796948926,1.918345497649092
0.980176520499176,-1.0607363946912147,0.14330809809830272,-0.0023016942566409042,0.09388277255562835,0.0,0.14498957383750155,-1.8126024991767695,0.0,0.12170323256258839,0.0,-0.15733025706262416,1.045608605371281,0.9015865082651463,-0.0651572364263544,1.817519612439988,0.38433098555078615,0.6868476295678881,-0.5872948960272572,1.2176549249340238,-0.7801889051539999,-1.7069508061179461
-1.1666211561719153,0.5594629690663455,0.08050609584029121,0.004914420653720068,0.08034125313665319,0.0,0.12035777052858172,0.6441832716005231,0.0,0.7680423173298347,0.0,-0.22536517629062394,0.23305582468128785,0.6170976762365767,-0.12750582309717837,1.2112815444839724,-1.1554267230706095,0.9670284885919522,-1.1326095356131916,-2.3393881951895463,0.1358175004542714,0.8366982830838233
0.930633811440762,-1.054535742701883,0.026550045507951193,0.003977989312560297,0.06187894004514478,0.0,0.13915636681435603,-1.8464795067604804,0.0,0.4645771479662624,0.0,0.03627529186389644,0.3684065548082911,-6.190592320863924,-0.07367678256015756,-2.620749689527974,-2.6925177845994908,0.2012123183652148,-0.4095906924729739,0.24149754925121275,-0.18586409303602516,0.37820674489289924
1.10475074484992,-0.4901552791875913,0.1223551492273539,-0.0031570818748883687,0.10623463135636178,0.0,0.16039997743025286,-1.977561871932107,0.0,-0.020821715865995703,0.0,-0.2690056681791651,1.2680913175743527,0.8393589373125483,-0.04831552877374395,2.6873339406136183,0.7772561305005319,0.9182796055757143,0.04245474960396419,0.4549407358786407,-0.48374183629239237,-0.5952570653463383
1.6387330319494733,-3.2271522700457784,0.0783153967100669,0.06573113356754666,-0.5980130770750831,0.0,0.05625089581986172,0.694664811330046,0.0,-6.23115630594305,0.0,0.3553379686200506,-1.9636091755589373,1.1447666670572205,-0.09966922050144035,1.4480280616814571,-0.6400016116785777,-2.273706854438678,-0.15827007375825347,0.5169389152155905,-2.108864540042787,1.405197190907281
1.9908873917451408,1.8294307210091139,0.116116831139701,-0.0041347190989284585,0.09548610946315303,0.0,0.21311780800334784,1.3867601821705562,0.0,0.3474444314206883,0.0,-0.13320790642421476,0.2683309192518898,-0.06282193645342982,-0.08455670237656704,1.0364215545074384,1.002312941023788,0.40264950334529737,-0.15380765678874364,-3.9223842597308995,-0.8691671142698525,-0.712266279478642
0.9892499834637053,-0.8128967970650162,0.11978146922573725,-0.0023016942566409042,0.10697817444122175,0.0,0.16800782387114613,-1.9797197975828593,0.0,0.10032471523483014,0.0,-0.23527991945241186,0.918214776859199,1.0969698400847137,-0.05309711089482972,2.024729978892651,0.6557051003220429,1.9927107385197458,0.254525648879038,0.4495473296764458,-0.6619826032840757,-0.3096758672640161
0.6608543558709712,-1.2951566911897607,-0.09145250419374641,0.016519581872458354,0.052299517073080184,0.0,0.13183082076950656,0.8637571743281867,0.0,0.42408878780219045,0.0,0.16467873617544831,-0.470346155891659,-5.432118453279887,1.0893273572834878,-1.5993541944410414,-2.976694813849614,-0.15540343288379938,-0.4950933872935811,-2.424336529948361,-0.06827219383450733,-0.26667981392968343
1.9587092441014466,0.5269130597462032,0.013962333271656344,-0.05372092614132114,-0.7705519458549291,0.0,0.14486778445425363,1.0923774867702303,0.0,1.3693064536366282,0.0,-0.05537994525584175,-0.33167140301828235,3.1126824776653925,-0.09133325970333304,-1.366484829765616,-0.448560094817165,-1.4861771872517238,0.14734447307911974,-0.19450558109899233,-0.03587077627901133,-0.3241302946161369
-3.890150164906259,-0.23827390767110673,0.027028080633109505,-0.0012024797581693483,-0.7056403699923813,0.0,0.09469035338204827,1.0532834376724052,0.0,0.7237652565812337,0.0,-0.17746919163047611,-0.7780704090669784,1.2402000769915715,-0.07114582016450147,-1.021217394303153,-1.0122878405750897,-2.1676146277195616,-0.5519275159945244,0.3992743651143508,-1.9137379988255583,1.0374525494972882
2.8481890737814766,3.270591517713249,0.018544246892104713,0.019291269265832942,0.21758609334147253,0.0,0.1477803820191251,1.1247486983171933,0.0,1.5511503882082913,0.0,0.5269082943783348,-0.42708590274067815,4.16333726235047,-0.0880585445859225,1.9280750873935493,-0.20351737046824472,-1.9270215669879345,0.5283160764026226,0.7366030138597077,1.7110456936749356,0.908187142359916
1.6750934460717055,3.0203129660749886,0.009714435490968253,-0.0041347190989284585,0.11424717042455902,0.0,-1.7146921623665752,2.0487087298104343,0.0,0.5527328701499207,0.0,0.1771631549386297,-0.5506133604544343,-0.15825322413562068,0.510805489809419,-1.0505490573408383,2.190223415604542,1.5651290998447507,-0.1800051223107146,0.8905261260424094,-0.6068608991779357,1.7185168222358154
-3.1822926249385697,-0.3533043503321751,0.02958223321312126,0.016155886532942774,-0.139634378332005,0.0,0.08323469444592321,0.6364611941003803,0.0,0.2281910492265875,0.0,0.5804057743868463,0.10851456127887542,0.03842051469559442,-0.15268049698414948,1.4238876867395327,0.8838862670151746,0.9592591703415495,2.1829156206253053,0.22008515558106959,0.37245617513212254,0.5702307729748645
0.6587806239119511,-0.8605110485505069,0.10811427645114403,-0.0031570818748883687,0.11332209859811107,0.0,0.12648023571123007,-1.6565444054821759,0.0,-4.192157843695346,0.0,-0.05115183837002452,0.9313229461972439,0.7426142933480868,-0.0851513639619188,1.9768841639363601,0.8974612155516639,0.6675250782767244,0.4610186922489834,1.1384095873536635,-0.46898449361727074,-0.7339300333263926
1.4386753521931608,1.8352501373918726,0.021995072805624728,0.00887885158079395,0.20885308013944853,0.0,0.19017821854115818,0.8049971709771983,0.0,1.5841051133648718,0.0,0.20158943186835737,-0.7188664231057811,4.520702123021762,-0.10159701441399902,2.4313830586698804,0.1674046119997013,-1.1392345754450177,1.7077372047126902,1.0510810970196085,1.6452909031483045,0.704741207306049
0.5445709542619657,-1.0804051317468555,0.005347531902315797,0.004062466751034427,0.05223597707000757,0.0,0.08505041584812693,-1.6381480798183439,0.0,0.28063387211191176,0.0,0.23591147357655615,-0.5568855129988248,-2.0819536511629266,-0.17500635535629477,-0.8311497225741222,-2.8238834794341887,-0.10582188818610268,-4.27729712128876,-1.6264914606565783,0.8849214755610714,0.5627491618554787
1.511303896081851,-0.7474064780571289,0.08195405841369416,-0.005532333910908323,0.08157318371726056,0.0,0.17366043282609037,1.1695781975271977,0.0,-2.0417013255016805,0.0,0.033486968747234135,0.5577082997482039,0.25180256023694736,-0.0982209574814309,-1.3414921317701998,-0.8897828305929297,0.8045986335082824,-0.10864514313327323,0.74586207738116,0.09755317334837409,-1.0908146570971182
1.0424719575832109,-1.0690022442615805,0.14118864332290804,-0.0023016942566409042,0.09289127965973065,0.0,0.1813342129353703,-1.8675023533231583,0.0,0.19737802333814547,0.0,-0.17010493687526557,1.0447233835797425,1.0161272378610202,-0.04195217613789986,1.9421824967427597,0.7506450370913768,1.7597761838579944,0.4390379318274029,1.40492408008269,-0.6638567363923821,-1.1761533230790833
-1.6044676596252367,-0.2933604189056581,0.062199191808465976,-0.0066616826236019205,0.11832177728532506,0.0,0.15810047249777714,0.4963598523372682,0.0,0.9072081989995554,0.0,0.051725481229389525,0.5287055275536785,0.3244844071025132,-0.09443606046753557,-0.5549071771974554,-0.687325538296842,1.1332494470564196,-0.3932063790898369,0.411453091525918,0.11510509348317917,-1.0118757826987665
-1.4714148664737121,-0.8431005869022922,0.05017610060843546,0.0022638981374273645,0.08911792904609248,0.0,0.08687769156641847,0.5283950736363167,0.0,0.46001551453173634,0.0,-0.05909327561178045,0.20306662474679796,-0.9864318909318887,-0.054980872294993426,0.4098538648630956,-0.9283005304919898,-3.804196736124077,-5.798262106043995,0.17558164535245674,-0.28452003953710675,0.13826745548675728
1.7897365005780865,-0.3074540451117227,-0.3167233268478355,-0.004134719098928459,0.14317589401741854,0.0,0.25592142408582547,1.6024992401281488,0.0,0.35173156536366906,0.0,0.196715446978995,-0.4356120506721633,-0.5776672171661577,0.4191999192421545,1.1863360393269604,2.465201040191843,1.171068585902031,0.12335516272863106,0.3135281524404384,-1.045725065659212,-1.4558000209555253
-0.2694754975102773,-0.16065680842781918,0.08665202743703813,0.004428346886979439,0.04990990118613403,0.0,0.09362030536811795,-0.9830839069029569,0.0,-0.06185617126857045,0.0,0.1377210046004823,-0.7018561725446569,-3.609680900347285,1.1293544252396728,0.41674395276921805,0.21735550656986588,0.8648635624831601,-4.40969602973458,0.7251334241642697,0.9145806158969424,0.2020631452513628
0.5864789449139607,0.619728691382349,0.010150228945494177,0.0023687072495091792,0.1714106377958297,0.0,0.19659510224889973,-1.1231482663900674,0.0,0.96118349889639,0.0,0.17531143227827106,0.4419434029653568,3.4687205142393776,-0.15319085424450057,-4.60357218007307,0.05298403510346877,0.5811634883670714,0.30429731832111756,0.102088030213245,0.8244781002936529,-0.5281846845946607
-4.248385274013902,-0.8008519250255668,0.05111121716379032,-0.0025996059488193586,0.05645016861796412,0.0,0.15499373133650424,0.5016352461311109,0.0,-0.9108525641226659,0.0,-0.028319432989906086,0.19322313589199347,-0.42276865662634994,-0.06743193749655786,0.49356554427791643,-0.8988929434457764,-3.8047772105506126,0.5815539337293887,-2.0083588120876756,-0.98840929380259,-0.09645223875991192
1.2631872386234573,-0.6314689482911026,-0.007499920931871603,-0.005949409801957925,-0.7554644568509875,0.0,0.09873892211643784,-1.3976396202846382,0.0,0.9695957837623206,0.0,-0.036805281756256344,-1.0299343743558318,1.7340980247821827,-0.12611241568769416,-3.023395100561218,0.44464887188802477,-1.483177625792836,-0.5649622661787426,0.57244375706414,0.5907179270527408,0.4987790897378808
-3.2172120433320286,-1.1365812502423036,0.018423826066220554,0.008468539056462429,0.08457919815280031,0.0,0.13471741890860284,-0.7788070103385198,0.0,0.5402019090089915,0.0,-0.6463108733326306,0.9814684796809687,1.5323600234054287,-0.0968372093392315,0.4437785382504885,-0.8407950765589753,1.0027655450329176,0.608628678997414,1.0997840760308943,1.4171043339068736,0.4996516643756967
-1.038892507650587,0.7099936935037885,0.0031247019305292783,0.002788520743360828,0.0765032634330437,0.0,0.1631975399373739,-1.6558597758930511,0.0,0.46434311958333074,0.0,0.06408699372375316,0.28693040637853584,-1.2970723060123568,-0.16093632139514652,-1.4590562124938973,-1.3835537520589747,1.0111727533670591,-0.8066410479199517,-2.0765575103018987,0.14948570146984058,0.7580770401621874
-1.2998946595222165,0.2846910123992114,0.005159094055128734,-0.01305670384938326,-0.3618717157858932,0.0,0.05117192825158928,-0.6613102653236456,0.0,-4.6185648399196175,0.0,0.045257281630192873,-1.0558054540541342,2.193069559332161,-0.13770188989232499,0.10002702871366542,-1.3697296152300518,-1.3917062712712593,2.3132252658187746,0.6471148970060646,-0.15302053493736384,-0.11740609077406233
1.313095460139261,2.1858184616334464,-0.37787342866108503,0.0007341013146836273,0.06497345573203647,0.0,0.12449599108924643,1.2679162328342815,0.0,0.3555133832629674,0.0,0.022856578344052362,-0.41403105042636057,-4.7703715215115,0.3952601736363661,-2.8176128581441158,-2.475765523973736,-0.055849179791297957,-0.18203458298785924,-1.7613588295603904,-1.234241941853857,-0.8602060784274596
0.8093081340963225,0.07467014739224186,0.016629391832080696,-0.00112366068024268,0.06095000051769364,0.0,-1.8044927412865828,-1.7982325083620159,0.0,0.1524605268160067,0.0,-0.15025041704903236,0.26599803550594736,-3.8028681010561614,-0.17945643884744503,0.12235236883913707,1.2927890304847962,0.34088526105620137,0.0636738694984072,-0.7010340571129928,-0.6935188774427141,-1.3420699969034138
1.032290591501836,-0.7176694154546331,0.13118919504135615,-0.0031570818748883687,0.10623463135636178,0.0,0.1583306547982907,-1.9937106340172008,0.0,-0.017999160613520658,0.0,-0.1104463984409203,0.9543176633385632,0.8964066657553168,-0.03554901660746669,2.4449922492352316,0.7775415801857419,0.8733962542310459,0.6236495334127843,0.49322952541294124,-0.47944262514944275,-0.5238298642249669
3.313839372384163,3.007012156374755,0.06033584417021966,0.013629427167843593,-0.6256554255758228,0.0,0.14372756166785375,1.3804479030141457,0.0,1.5276717314985082,0.0,0.7110729092863798,-0.5230849774287263,2.3980596933638965,-0.03245467774124109,1.708735874517973,1.1907991913850777,-1.6709971860759139,0.30964880376210474,1.4747654669912318,-0.14584590214159449,-0.28343095290569603
2.0879089697765867,2.171187394441255,0.02468144067662002,0.015341078795051224,-0.6805490980459447,0.0,0.1329879444016178,-2.2717638597004575,0.0,1.3591702964508774,0.0,0.9179432393851857,-0.5319992948103267,1.4084215749228153,-0.07681118857754712,-2.9126861186808526,1.0120331009277805,-0.6321819027183655,0.03711352746425382,0.4485022697647192,0.14704970525626698,-0.17214015672133037
-0.07214799982963153,0.06810899718045417,0.062285037330684634,-0.0010602874413003884,0.11349076872411196,0.0,0.16438265314366307,-1.1119655741872259,0.0,1.1922832902033664,0.0,0.12007588900397015,0.7081569098434914,0.6265156226077497,-0.11733747418050175,-1.0519097630391019,-0.3928376357993322,0.6014241240864282,-0.11026940593930948,0.5785906703248067,0.19029393564586142,-1.0742844624051306
0.36069935781638396,-0.010896879360117958,0.02503061643679962,-0.0005282592351734566,0.11548306780168298,0.0,0.1904371543904295,-1.0847579471538176,0.0,-0.5560661024701508,0.0,-0.5422087989874455,0.9730575295202396,1.7437038364426776,-0.08383103397708079,-2.964686920816761,1.49751745598372,2.080038792733035,-0.24294356985103344,-0.6712443462408617,1.562958787278949,1.451354759314823
2.0254582830414245,2.895420752649987,-0.39711862354836425,0.0003210283796339212,0.0636932398779532,0.0,0.1881698030950282,1.5576634338636648,0.0,0.4209218469826767,0.0,0.09138019044618484,-0.4858820298192156,-5.128809577385558,0.4891172515315574,2.2550725507361093,-2.533783921720769,0.5462489202465932,0.14445282686405353,0.4160370701371973,-1.3936314190392676,-0.016036046509644648
-1.6044676596252367,-0.2933604189056581,0.062199191808465976,-0.0066616826236019205,0.11832177728532506,0.0,0.15810047249777714,0.4963598523372682,0.0,0.9072081989995554,0.0,0.051725481229389525,0.5287055275536785,0.3244844071025132,-0.09443606046753557,-0.5549071771974554,-0.687325538296842,1.1332494470564196,-0.3932063790898369,0.411453091525918,0.11510509348317917,-1.0118757826987665
2.351384210872728,-0.9193067785098761,0.0765327546160058,0.01766627263013433,-0.10485265671230026,0.0,0.11059178683952692,-1.0437507351503563,0.0,0.6104345336039472,0.0,0.6080510898796998,0.7336637450444702,-0.44199269773330246,-0.03883098435887447,1.6888666128070766,1.520166902571743,-0.9243603806093132,2.1688199497366507,1.3931277696268458,0.26891119709528455,1.0906953995874336
-5.706371529085874,0.2871526659313569,0.03141476546693617,0.014949505888830168,-0.34553833338954854,0.0,0.06863012410279068,0.5148935617780271,0.0,0.405531520334456,0.0,0.6456350456227454,-0.6302523324905681,1.2538572961008627,-0.09205912252158154,0.8624202495644883,0.5122291814207347,-2.5560463590454465,2.1159120150697737,-0.42380541796189486,0.9458811843948778,-0.24541983876332413
1.4430236129724152,-3.626604828611148,-0.5691320476398273,-0.011682314948127097,0.023557567056229474,0.0,0.10627817460678964,0.9282182474379982,0.0,-0.5499621242745811,0.0,-1.328911012466441,-2.2796955494850613,0.3725981520987709,0.3434184656667641,1.5419617246934894,-0.04573069400927893,1.4219398953691496,0.6278233244085445,-0.8134841073316142,-1.0915722119903088,-2.065695673773262
1.0109062316003947,-3.472180449012203,-0.6450434727288336,-0.011682314948127097,0.027011966732222597,0.0,0.12260739164956358,1.937585805745078,0.0,-0.8156193319773928,0.0,-1.2700719479594822,-2.0396042903656277,-0.03231196172651825,0.20987616701346135,-0.7049388382175255,0.31526381995726954,0.5330107318706262,0.11541406431601967,-0.368866406638198,-1.2548351497874446,-2.3906444673548304
3.3283634774189768,3.007012156374755,0.06033584417021966,0.00032102837963392163,-0.6256554255758228,0.0,0.14372756166785375,1.3832779905633508,0.0,1.5438894988470622,0.0,0.7236865600316266,-0.5230849774287263,2.3966140503033273,-0.03245467774124109,1.708735874517973,1.1907991913850777,-1.6709971860759139,0.3051202774788683,1.4686379486670706,-0.19705795346635707,-0.28343095290569603
-3.9485417919924317,1.9081864467098397,0.023527835914710513,0.015938179473204563,0.07063976286479776,0.0,0.12052931800526401,0.6733185880859524,0.0,-0.6273413381432265,0.0,0.5095063653326448,0.22004674687512693,0.17492373297646932,-0.13728640579768486,0.9648439988508714,1.2767771840012911,-2.6425493552342494,0.18593933035194718,0.6644322050618584,-0.7791019605331932,-0.07204329513554082
3.1383485009787893,1.5938628523885516,0.059857590209602775,0.00032102837963392163,-0.6256554255758228,0.0,0.15154459059097053,1.186386798623655,0.0,1.4339818685045156,0.0,0.819546187849861,-0.4984692253448091,2.2829310978574697,-0.06792527921287947,1.679543099938509,1.2054668062844023,-2.048851752519127,0.2317815279508879,1.4486035380175981,-0.2326052381746297,-0.36869368794892926
1.8762690470879126,0.9668303410793658,0.01699265445337599,0.00015336215093795006,0.23112368912613326,0.0,0.15678691907563788,-1.9698558326464752,0.0,1.210080144493487,0.0,0.6693925498521976,-0.5110030952288368,1.8202851160663385,-0.09657473642264551,-2.8884599532641175,1.1215371587796965,-0.939716477850442,0.21874069253915812,0.13698530980725648,0.1987705566940344,0.7701629164937671
2.1038053523380658,0.7311121201602376,0.12253730797640366,-0.0033380144725987633,0.04382586133867897,0.0,0.11868778589332116,1.317922019385713,0.0,0.3813537520145953,0.0,-0.19412439803272588,0.25006840601014746,-2.987790669263485,-0.10221904901951966,1.3857866635962628,1.9851549790234115,1.6344958098600606,1.3345466565140054,0.46055028644849805,-0.3846878460878342,0.9789720061385264
1.464122062623476,-0.061234814828891586,0.05335338885628249,0.006888211028590826,-0.4453770561510743,0.0,0.13252485006952844,-2.251031301804746,0.0,1.2825804084775727,0.0,0.11148070258592334,-1.2484426313761434,0.6346968056829106,-0.12899112567326054,-1.2580288682309106,0.05353295330569268,0.2988809023582813,-0.4169520740992836,0.5007192942416192,0.21989633567913297,-1.0310104253708845
1.5597060479166838,2.125642371886109,0.004678145380617905,0.005163330411750677,0.2172336261753743,0.0,0.14530494176409048,-2.5394762399572026,0.0,1.2989570006868665,0.0,0.2883036134292528,-0.4659503957885197,3.1656054633733137,-0.12080921729500393,-4.0283519555328535,0.007486132688754683,-1.0328522484998843,-0.13303758452860007,0.6225276288688868,0.5998240090752656,-0.6137991570670881
-3.7376555856013405,-0.3876830697336947,0.04311108956114733,-0.0066616826236019205,0.08157318371726056,0.0,0.16170555139550657,0.4409832448666844,0.0,-1.5152105196763148,0.0,-0.04234816885386111,0.5287055275536785,0.09456608613349092,-0.11885252746846774,-0.7377121436351507,-1.0385133771173116,1.182165772677614,-0.302827756828538,0.3397222358762217,-0.015241711430421145,-1.2646560672149596
-2.3698390036096844,-0.36871098096826305,0.062199191808465976,-0.0066616826236019205,0.11322138991143495,0.0,0.1724161464544665,1.4378142210726754,0.0,-1.364279505501941,0.0,0.06577320137148951,0.4880673318442895,0.32063258212989343,-0.07951952135022156,-0.48428001492180023,-0.6580559927784725,1.2892661020855494,-0.26214941816374937,0.4095048812530862,0.09775397344849322,-1.22553550952009
1.9587092441014466,0.5269130597462032,0.013962333271656344,-0.05372092614132114,-0.7705519458549291,0.0,0.14486778445425363,1.0923774867702303,0.0,1.3693064536366282,0.0,-0.05537994525584175,-0.33167140301828235,3.1126824776653925,-0.09133325970333304,-1.366484829765616,-0.448560094817165,-1.4861771872517238,0.14734447307911974,-0.19450558109899233,-0.03587077627901133,-0.3241302946161369
1.8439484482019446,1.1736112231441582,-0.19469595729605282,-0.0021948768554736946,0.13974903371304306,0.0,0.24713922929798757,-1.3434525040390566,0.0,0.3496520354392473,0.0,0.2755156825103666,-0.47920510399365673,-0.21966467065549325,0.6973404181311799,1.3429669455267244,2.8728908139324867,1.8528294869352488,0.7015586392049364,1.8238590571085858,-0.8183161971767688,2.2014281028705334
0.7022545485316712,-0.3834182734119305,-0.006422391165187452,0.0037527276733923367,0.06763157281796606,0.0,0.13726354834642585,-1.5164207887126935,0.0,0.43009661958731377,0.0,0.02873084148912829,0.30556024903856266,-6.349459453450026,-0.1694906608766442,-2.49185786798299,-2.632183250549028,0.27713881390546663,0.7444732456722392,-2.091244019612093,-0.5004539659583006,0.7449022631024866
2.095029379775664,0.9734730233726425,0.1336677662453589,-0.0033380144725987633,0.06355489828795369,0.0,0.23148208660616795,1.3580113534548381,0.0,0.42806082867016054,0.0,-0.12570058250521968,0.293103824068721,-3.015338159193977,-0.12149455860859827,1.3466114271280363,2.0058387307358068,2.166154968686709,0.030594954547223868,0.46087320095944057,-0.6521370981436546,0.9000713551888425
1.6460557869511987,-0.7448753419812438,0.20125927960285056,-0.0031570818748883687,0.11353333505247977,0.0,0.21215447572407148,1.4405217526788792,0.0,-0.021361111159240477,0.0,-0.017402225330625267,1.337094626789923,1.0165442464564323,-0.03089273826920749,2.75334053813514,1.3415334660591982,2.663059791609776,0.2676928318767593,1.0251993592130046,-0.31020719319861334,0.08621545249516296
2.961112104978032,-3.366548726538128,0.06778298104501781,0.013629427167843593,-0.6256554255758228,0.0,0.11263135733784511,0.8911974126626986,0.0,1.4422591782253216,0.0,0.5656469279795708,-1.9626760853080663,1.9175707399181552,-0.030822637494851958,1.6045067590049458,1.2021974148798868,-1.51266598090661,-0.24228724000611462,1.288071336313217,-0.4032813301886652,-0.5087941214625091
1.3790997757450243,1.7158074807641068,0.09993445355163597,-0.0006726805806734676,0.11859659937545736,0.0,0.21910904794297936,-3.678479376987964,0.0,0.6538183881444608,0.0,-0.4298523581104199,0.33043984327641984,0.27195090461187016,-0.10424355631077953,0.5359378601801138,0.6360577780917157,0.6048478356970294,0.13798784029953926,0.9211519562219642,-0.25517328048221843,-1.303012889539032
-1.8810266707091516,0.8526204675679089,0.025934820477263584,-0.0009326498333472669,0.09043060476309521,0.0,0.12186482213284901,0.8376381063952456,0.0,0.20666915181417705,0.0,0.06431196147046914,0.1623626672412307,-0.9061123144374933,-0.13223368218077297,1.3634946435951927,1.7312986645002184,-1.4450257770597743,-0.9105147837449443,-0.1011800453917131,-0.6470147511376705,-0.2022262140206605
0.8460535905963691,1.5615872332885254,-0.24952996072161857,-0.0005591297840110214,0.06548513842054238,0.0,0.11150126253989598,-1.8421955701322683,0.0,0.2943322638971003,0.0,0.02194338707273904,-0.4170940281427374,-4.545181782922693,0.4892584603384566,-2.708413780494281,-2.3748241829958103,-0.02872941166128827,-0.2947519878684854,-1.4062848231211382,-1.0914507430672409,-0.89402220785802
3.001727613254256,1.6288425405249871,0.0718498795247974,0.01447520529498601,0.22965789195936437,0.0,0.1686041885292452,1.2180474155312686,0.0,1.432344438138654,0.0,0.7131841069296266,-0.4897465057204918,2.9456197971116462,-0.05975571828142445,2.005986913319779,1.062233196005877,-1.9173840823110915,0.7519881813518529,0.8255673900284464,0.5293844063855586,2.3398919671769507
1.3771333025848638,2.224587595079231,0.028824922027832583,0.016767639781954172,0.05214801495127163,0.0,0.18243620294209792,2.427923170946665,0.0,0.5046181750925386,0.0,1.0456975079491526,0.18977986429331803,-0.5651917297064232,-0.07181160232269986,-0.8497795507163509,-0.17964265212727112,0.7286757462766388,0.6270531457712076,-0.4689938093365851,1.7748013488495273,0.9398764025818417
1.0102372685532122,-0.4996769718887094,0.04604568786274421,-0.004285874355672557,0.05380627933574404,0.0,-2.2257862418921435,-3.0725564957121816,0.0,0.2794618782851656,0.0,-0.20609792874716099,0.2666380265445376,-1.2946559896347085,-0.09955552609440775,0.01980063776008706,1.352231515361155,0.14399943705035606,0.4720197630271966,-0.03340932264961732,-0.5336574880522106,-1.7139005904200244
1.6715928892552825,1.171367581934221,0.0688099829241552,-0.0006726805806734676,0.07921213500840037,0.0,-1.4433503333654345,-2.4993633221315625,0.0,0.5033604200641685,0.0,0.05391345289453221,0.26201314210076515,0.038069052885559375,-0.0620597517561484,-0.5484365219621428,0.926621433320185,0.24857175294083286,0.22607623742137492,0.5811573645411604,-0.3591666316971329,0.9284085461413611
2.3898524595056276,0.6847771412143617,0.08826766425323943,0.06312887359690804,-0.3229903013224788,0.0,0.049419184992753724,0.7815966690796325,0.0,-0.20141265645066497,0.0,0.9878160332177042,-1.03756448482104,2.1453097196759554,-0.006650835033531198,1.9233185354152418,-1.3388710628056657,-1.3800352146366208,3.820736374154635,1.7312555894891564,-1.1850637697405741,1.840508319653152
-1.122736620962785,0.7322904264183022,-0.26630217576876036,-0.0006238039891011925,0.12048250937785022,0.0,0.1251832414151377,0.7312934341240479,0.0,-3.2574988061866645,0.0,-0.04574998657929431,-0.4166234233808919,0.24167458427540323,0.38660623947545186,1.1551964053698527,1.8064671917831512,0.8138770173134018,-5.8182988840680725,0.0621812971396389,-0.6972220784226341,-0.45147025690652354
1.1736106686908871,-0.43000437386153306,0.13113971156287804,-0.0008651111177869269,0.11809104799595689,0.0,0.15002453003413818,-1.6738505415195069,0.0,-0.21821609807899608,0.0,0.08106307530487719,0.5479111873553348,0.6174265261313505,-0.02907088888685886,1.3378517969235326,2.162653124852497,2.194737225453261,0.7432247316037962,-1.4108816296066182,-0.9560719471484223,0.12199471612544249
-3.300414467391739,-1.4383197768415819,0.031232031146011082,0.008468539056462429,0.08497169065870425,0.0,0.1272413699937017,1.0692822970856146,0.0,0.4893442872244298,0.0,-0.6688564547013625,0.7623849326710448,1.1716323290096347,-0.07623694777302671,-0.850654680283808,-0.7946605214688275,0.4613892068167391,0.4007509209471161,0.9984847021927795,1.396504753360509,0.5323365333753229
-0.9430314094622699,0.42614860717297226,0.1584584701966137,0.00619469236982872,0.12096297841687043,0.0,0.15060485937642595,1.226539162148759,0.0,-4.319814469850714,0.0,-0.2273509461519164,0.8565764319863858,0.6868028565129544,-0.10666668478335407,0.37416483897663716,1.5832790300216957,1.0320141297299301,-0.2347209241945377,0.5905016695974183,-0.5053324398144865,-0.9407381031744051
0.909474842287106,-1.559138257707117,0.11246863853770263,-0.0023016942566409042,0.09289127965973065,0.0,0.14632381582433723,-1.941853988921296,0.0,0.11045055494295755,0.0,-0.17354203352971714,1.0129033294740157,0.7793164364537265,-0.053603732811433144,1.4402389657399937,0.3066243841184829,0.5140095814349296,-0.38200934907612843,0.28960444532222185,-0.9673075737796424,-2.624082925815553
0.725695305841907,-1.4169732340996237,0.05686397692790152,-0.00518939638316946,0.09388277255562835,0.0,0.1656600313851893,-1.4115035101150406,0.0,-0.025689713385438073,0.0,-0.3393600491467614,0.9604140754183118,0.7750524193246839,-0.1110203801747151,1.4784234301137626,0.7761540994023127,0.806780893668249,0.23922877982121285,-3.0216593847669766,-1.055985743131911,-1.8861374703105038
1.4316327169049459,2.006290834599586,0.06267394575710047,-0.00276367808087233,0.14632861436647943,0.0,0.2649716789002821,-2.621871251592085,0.0,0.65152813208903,0.0,0.18230775941853863,0.46989883280196304,-0.36900482168394416,-0.07663556668883453,-0.3598843588202958,1.7877163524111839,0.7703950659196496,0.45725975395273666,0.36702731824744994,-0.14793391811189305,-1.0288969667813723
1.4976044346681059,-1.2513310755698988,0.22178503418287207,-0.00518939638316946,0.11526837103323744,0.0,0.18186698544020558,1.389468474386581,0.0,0.2244563309058723,0.0,0.017517364777098247,1.0009282827754051,1.1457336180468876,-0.050233123045675024,2.072856321813512,0.8613509442193572,1.9277125268694641,-0.2692881083509572,1.1660522193618261,-0.6848239719969536,-0.11690266258830359
-3.478609966675831,0.20191405459280468,0.008929396088443434,0.0017894139935526342,0.08951438557512335,0.0,0.1117037236886533,-1.4565144510890546,0.0,-0.9944568440534136,0.0,-0.40201881950671137,0.2646140039795428,0.8607219694612017,-0.1057053725626105,-1.119917441798329,0.13117574677096958,-4.227140673238791,0.1321176344711321,0.6092128034125969,0.371270276844078,0.44105207802744256
1.2053675489049163,2.321716694728659,-0.24370305910145815,0.0007341013146836273,0.14125781233242546,0.0,0.21852354412223918,-1.7811715044478866,0.0,0.6148212240001366,0.0,0.3364093792463677,-0.5412887000416964,-1.874667153010765,0.552551506934708,0.8618607775731284,-2.203451053176497,0.6260408699678708,-0.04613028570114061,-1.1699288336967582,-1.2361108190578707,-0.7650130106653258
2.1272125396288977,-1.3988256885208143,0.07879959368222415,0.015769596000252902,-0.08850774776348522,0.0,0.06747769377268627,1.5423432987646015,0.0,-0.5686553544408576,0.0,0.6868636096440389,0.6889765676046798,0.8325337835892742,-0.03446057638266766,0.16532442347384885,1.143550432508137,-1.2976877296179976,3.2762542934539822,0.5157213248059098,0.05402587511254706,0.012224795632069504
2.078678334840129,2.19885900444652,0.013786634832324122,0.015341078795051224,-0.42350258810670605,0.0,0.11815736595699936,-1.3766764266256402,0.0,1.274603870401579,0.0,0.7250019882596431,-0.5048330931975191,2.1508995816064385,-0.07350426332241575,-1.1750524102544468,0.8965907895086629,-0.9150198878508784,0.7024995679379955,-0.06679819712926963,0.2211643879125841,1.6373242686186757
-0.49627173322750595,-0.11414937733193865,0.06303095317260443,0.004623632731217698,-0.7335521652605999,0.0,0.0829256387192762,0.5160957278513703,0.0,1.045024440116171,0.0,0.16368899483666768,-0.39956313772856744,2.356579506851061,-0.04765142416162406,1.4631171946330863,-0.5597061124509554,-2.473888810516447,-1.7808197327541688,-2.2673084685017866,-2.4118385927709984,-0.8164313928295465
-2.3953967975341524,0.13199307161907434,0.05670542046582548,-0.0032655937746906404,0.13673256259065147,0.0,0.1718720934204427,-0.9495933663058788,0.0,0.7091549733514805,0.0,0.0023364523173194027,0.66175004171373,0.6514678951205081,-0.10194147402981796,-0.30356960244282954,-0.2720313978461792,0.9715462165840215,-0.1755841781760017,0.43021108471914643,0.30662604911843533,-1.1727113268180516
-3.858374020652161,1.8780769794627485,0.022637741359306043,0.019222648411277514,0.055261145280795336,0.0,0.12132475913329265,0.7729968885059758,0.0,-0.5700264723363239,0.0,0.43601799252430407,0.21876381122555574,-0.5771352605364312,-0.13117562692614856,0.90933674172095,1.4572495888220853,-2.6655059286141034,0.7061798025403595,1.5396690834509539,0.2883285489478665,0.20092877268550774
0.6955601237776395,0.6267217228412221,0.009585801487170902,0.0023687072495091792,0.16233508021836368,0.0,0.2322659126793348,-0.840734208709045,0.0,0.9649229278850642,0.0,0.25413968740058845,0.4634437804076968,4.003235819534196,-0.15319085424450057,-2.132421335339459,0.21879168882901515,0.7217842936731991,0.29485679571158735,0.11720819091445342,0.9356109190342207,-0.07073160194705863
-2.8568986296137164,-2.262130682187616,-0.23386948125436785,0.00887885158079395,0.1464121837670055,0.0,0.15410156633371844,0.7332361652860232,0.0,-0.03472074748465272,0.0,-0.5265394550005444,-1.7234463569340168,0.793367342517682,-0.08234039298684055,1.0948475330622982,1.5014544803923495,1.0955152351333124,0.3238018105017974,1.1283591020677777,0.8740408740541772,0.3383608144326128
-2.11223633257922,-0.037136656666857455,0.027224874437056856,-0.002104565939525449,0.08801328963447833,0.0,0.13441221169817774,-0.7811435591527783,0.0,0.937184209847512,0.0,0.06507472934355253,0.7115682601463924,0.26397161957180193,-0.12856992379488286,-0.384528789984644,-0.9762497855647635,0.8961442963925592,-0.3943836976938262,0.36931760090854765,-0.008841165092896595,-1.0393951677859659
2.3935897099983694,3.3584101510915962,-0.029168658364618093,-0.002937666784808204,0.1357961633976607,0.0,0.25955461668008223,1.6425036088743816,0.0,0.46522341147317364,0.0,0.1754420488180624,-0.6264685744796266,-0.46571800964033133,0.5399835588914198,1.5210826610044355,2.4973492071171908,2.0571296437199713,0.2509176334284757,1.8780749084776458,-0.6317799218006983,0.4555232613237163
1.9691895847815017,-0.774227667093011,0.2113300011680671,-0.0008651111177869269,0.1197835530926175,0.0,0.22068338902029686,1.5170317164868958,0.0,-0.13394137315172672,0.0,0.17994839490961437,0.9720122866295072,0.9728656342494568,-0.02039114722562156,2.6000167573521513,1.9025470483603566,2.684308790338509,0.815131738193031,0.8510758087879516,-0.5147265093186668,0.9547023437103977
2.252660473853716,3.1525879748894825,-0.4047309881962695,-0.002937666784808204,0.08505495929491622,0.0,0.22174040335249612,1.807880920215531,0.0,0.7169224015320371,0.0,0.2042536655098767,-0.488622614166715,-1.812408183718679,0.6626738491274733,1.832906311511597,-0.6691873111198645,0.8443482853995836,0.5429551037253999,0.7844642278434548,-0.4233767682589185,0.03862629805685608
2.235918912855764,0.9692053079207013,0.13775925078541928,-0.0029376667848082043,0.041961994759219336,0.0,0.11291836176903611,1.2909838923385233,0.0,0.28106960848953433,0.0,-0.17918626229704382,0.24462605127315531,-2.936836391905048,-0.059772621814641096,1.1698157448531994,2.674212327254854,1.6566698139806697,1.341602854791916,0.6922298731407692,-0.7290732765854391,0.8943098517890317
1.7071127917118174,1.182023357910315,0.11057240252732972,-0.001749031246123656,0.06786233605525763,0.0,0.23767221922601656,1.1051112826264835,0.0,0.2487922656273504,0.0,-0.14591229669329478,0.2298389308218094,-3.608279010306875,-0.1297604963914354,1.8707912455221196,2.1128873015294767,2.0771348780076373,0.8140541918506334,-1.957720094024724,-0.9120101941364301,1.4809337788509735
2.1846351498983743,3.373007545225412,0.005602668456378304,0.016025336462264273,0.21606503920723075,0.0,0.15767918842520348,1.5684018911408233,0.0,1.5658972110179348,0.0,0.5942422827260863,-0.3870568058484288,3.1317381932755888,-0.07084302994824451,-2.2105211123317963,-0.12385341348439782,-0.8670053169102038,0.481302872316195,0.16953888202247103,1.4966897766882838,0.21444802565248533
-2.996053922735662,0.11252073273233494,-0.04754624533675617,0.016155886532942774,-0.13172522948480783,0.0,0.08017214174588597,0.6776081946254926,0.0,0.20840121731305328,0.0,0.654050051918523,-0.20979221428736064,0.6119904364562128,0.9801845420272949,1.4439503206265203,1.01870508737109,1.2930780045562804,2.3276696285580107,0.2411547494586155,0.41405325424013345,0.6382531917039536
0.7398230031306015,-1.8958669625105466,0.02512884563156948,-0.0016749531530371661,0.09543564183895446,0.0,0.18048668790211883,1.07167600035992,0.0,0.48513797738123055,0.0,-0.29467367645127757,0.2523862853064179,-2.886164428410474,-0.17119673663518006,-1.7468634057993342,-3.235133074459626,-0.4775427729037771,-0.4592785883220186,-2.5492084506078934,1.1695293430506875,-0.6989353931942192
-1.2478537553288735,0.39737216976234674,0.015610235006545741,-0.05316592421626352,-0.35049854571849554,0.0,0.05171851628949886,0.4301951609812334,0.0,-4.868842837229579,0.0,0.09685693038786833,-1.0394106875635198,2.03181764666213,-0.12034348250470203,1.523150020996482,-1.432877912616427,-1.8289655813136518,2.7028891527500742,0.6538422162483956,-0.08571456169134467,-0.34998553259367904
1.493660886913755,-0.2593332566445772,0.049933927960870116,0.016025336462264273,0.06483547723872539,0.0,0.1445330602343841,1.0415683756866365,0.0,0.37776653140141775,0.0,-0.013297899499007943,0.2845138150656332,-5.850405682208784,-0.1171658409503968,1.5100489181030827,-2.300345120322678,0.5869879430210985,-5.606976689576924,0.371344520837943,0.7678127541889859,-0.15664570131884525
2.7554131276334095,0.8545559833810698,0.008820837432112996,-0.05372092614132114,-0.3827420221234611,0.0,0.12282002150083829,0.7681588666494426,0.0,1.1515244609541793,0.0,1.0018908523261165,-0.8924186329393389,3.0293635003991533,-0.12691460554952236,1.9779516631766205,0.9091033850476394,-1.0227171812340166,2.189181883163376,0.2615938021441258,0.9925848848528954,-0.3663065950558249
2.620612902079786,1.8579444163488539,0.011701044031238058,0.015341078795051224,-0.3763011785490552,0.0,0.07480373017071942,-1.2962973817486363,0.0,1.142718270518671,0.0,0.7082551757683057,-0.4618751577187357,2.605698359097575,-0.06189454310751934,0.4512274144307347,1.155282868633489,-0.7066644456690666,3.0456077613518198,0.003853451316026362,0.15914744461596408,1.5033867311540472
-1.1360554749038294,0.7357407401304975,-0.286366281889741,-0.006044784001416926,0.11992401963037669,0.0,0.12487848784285818,0.704836972553602,0.0,-3.277868239357103,0.0,-0.03706447160400595,-0.4153034244516598,0.10975438507980675,0.47033847616188973,1.063862007474207,1.7850629073191238,0.7776624405628542,-5.733042077650148,-2.397614702925485,-0.9943142541324892,-0.506177316324144
-1.3667171353557293,0.7523778367950072,0.0874598096517156,-0.0006238039891011925,0.12166257035697137,0.0,-1.2659540142357686,-1.3255327882370223,0.0,0.10427755204174541,0.0,0.34756903356750335,0.21234482550408626,-0.7323616326541915,-0.1323703812089394,0.5188906759555784,1.822014349230987,-1.168571461849185,0.542824166332879,0.3681749913911109,-0.08675216638880413,-0.7845285138231163
-1.995572646649177,-0.6063412234505938,0.02108786333515602,-0.0024690968122574614,0.10244929795948134,0.0,0.10862238646949018,0.5513089009061538,0.0,-0.9344976727218557,0.0,-0.1101757071945946,0.17924289160107681,-1.321294714947001,-0.1329302696393069,0.489884759485171,-0.9941106323924013,-3.2865024339377786,-5.748756430527462,-0.22628555792541172,0.7763665991006912,-0.9542084172990114
1.7324286178894976,1.5557526043762833,-0.14732689684657282,0.0012862609133872751,0.10745319019455372,0.0,0.20286327883432775,1.3178151767751582,0.0,0.4246797337114918,0.0,-0.16928784722493584,-0.4599592115806954,-0.03784130251751222,0.7648028506729077,1.2805626819684346,0.9602289363773353,1.9208799757995183,-0.8031986902879493,-3.077865207953228,0.007665695790947049,-1.5396239753671495
0.6578511257912495,-0.93482837479018,0.016578545493747664,0.016767639781954172,0.054261807406575234,0.0,0.0773484740957592,0.9170685506935338,0.0,0.07090237678054577,0.0,0.4844372220483437,-0.46734478421462794,-2.5757111602978924,-0.16456174941805596,0.8992471982212384,-2.427642017123955,-0.24521857052073853,-5.397150036315597,-0.8568234993823324,0.28715174875835614,-0.9930773178409574
2.0268737765998863,-0.5634321364618712,0.09113598174350404,0.0020829655397169695,0.10852877974176509,0.0,0.18174948776186642,1.3423750000424348,0.0,1.5618877218021978,0.0,0.0921992652300447,0.5505050334383396,0.8050334273852927,-0.07812963188188483,-1.2161192537754473,-0.3210310395322691,0.6702733168625588,0.03860685421321133,0.9151409717147991,0.3974650147633599,-0.7735516779435183
1.150769411272877,2.000620118389641,0.08938818558154041,-0.009234085982289609,0.11270292894982127,0.0,-1.86088909306036,-2.264256623554894,0.0,0.4736875462244036,0.0,0.2800080661593558,0.2727195882633441,-0.14865280986138155,-0.051765772412947934,-1.4057214457000646,2.2318186548475807,0.374979634664298,-0.24043393479191055,0.5674143675463498,-0.49402966368462387,2.529545451935551
-0.20532625409564056,0.031068365289486935,0.06349555778232474,-0.00811223739527994,0.1050843563964771,0.0,0.15991415970708733,-1.9527851348930974,0.0,1.1713806673827094,0.0,0.08138149796434152,0.6776810091015939,0.5588182805964654,-0.11073629162896297,-1.237315087603607,-0.4320291266915994,0.5659561046381519,-0.1325592126036996,0.5168896452001192,0.17919771617233293,-1.1778674834037146
0.5348144466033778,-1.145995005683578,-0.38814840544738094,-0.0050275309347736895,0.04816389238441762,0.0,0.12039015777190754,-1.288292291399591,0.0,0.45829364981584425,0.0,-0.009020741448828532,-0.6906784786963661,-5.42729401435751,0.6699361100845094,-0.2293649630396191,-2.879228240447299,-0.18107368309619534,-0.6017930299325011,0.7000639935543805,-0.8141136256706655,-1.1010895002357926
2.3839724928024757,0.21240798773928954,0.06456350037987707,0.0029258624240913597,0.05176908290529681,0.0,0.13834912312130457,0.823713817361156,0.0,0.6970346915054164,0.0,0.5945572404350742,0.2419229518018575,-0.3849361588692636,-0.11318636467015786,1.2474745898051918,1.010936343502764,-1.8157124967483613,-0.1360381550329401,0.781380239651997,-0.3832418590392298,0.03046814375822642
0.4702328248750569,-0.9633804301435034,0.017220499280358098,0.0015338199077294906,0.05500104843902891,0.0,0.13067440787742649,-1.4114702848114353,0.0,0.3058476178301712,0.0,0.1164754749889342,-0.6188894940123537,-5.551302359228836,1.1318929041444143,-1.788179787863041,-2.874814044249711,-0.1993268697731707,-0.4218736050248158,-0.1372944567941225,1.1770967562534935,-0.3599394747918074
2.0895324433888702,2.546687889057104,0.09149388935509711,-0.0011031111730690868,0.058854208598538,0.0,-0.749140032787245,2.1734368617292574,0.0,0.5160788366330852,0.0,0.15315960132435488,0.2092597901890159,-0.2603989463680076,-0.02747575129054157,-0.9967383327085493,2.6222672492554437,-0.8549803011589203,2.872194047879026,1.3158976349864087,-0.15985665828628123,1.4199518767223895
1.044435207822179,-1.3319477302370464,0.07729372533973804,-0.0010580095677772752,0.11150546510453953,0.0,0.09399860461177235,0.6766163514675034,0.0,0.4282169803213882,0.0,-0.13848318563281642,0.22262497638337878,-0.9216190161728597,-0.029756193260749016,0.5056579571451045,-1.0800245897095304,-2.9344006301534478,-5.899031963895114,-0.9864727880471745,-1.391820133442955,-0.3731681910571958
-1.6044676596252367,-0.2933604189056581,0.062199191808465976,-0.0066616826236019205,0.11832177728532506,0.0,0.15810047249777714,0.4963598523372682,0.0,0.9072081989995554,0.0,0.051725481229389525,0.5287055275536785,0.3244844071025132,-0.09443606046753557,-0.5549071771974554,-0.687325538296842,1.1332494470564196,-0.3932063790898369,0.411453091525918,0.11510509348317917,-1.0118757826987665
0.7988427850841248,0.9983627748591583,0.029679961474070805,0.015614629863524302,0.16308938794739697,0.0,0.2576476894357494,0.7478138104771906,0.0,1.0060396427326574,0.0,0.3981345722543639,0.42362426764918404,4.357885535193901,0.9999398909869359,2.7674691794268385,0.44308632618652505,1.0707042980993478,0.09451096644837118,0.522370496317841,2.100913441126329,0.24176220477344143
1.7114566511636944,1.834632037194686,0.07430132138002939,-0.009234085982289609,0.05897398254887748,0.0,-0.7469946861954082,-1.7604341695383543,0.0,0.40874270104421073,0.0,0.18176926081030922,0.22339523906555067,-0.3408294264849402,-0.044419915756875865,-1.2406769482371978,2.376831472599072,-0.48055449967761876,2.600236440182744,0.15624258309524905,-0.3477346159019119,2.7693444441709487
1.1408897022339,2.1761577472298623,0.10504289183583351,-0.009234085982289609,0.13908655553671442,0.0,0.2611921712662504,-2.2205549766418797,0.0,0.43760385808064584,0.0,0.3284228944949586,0.3869163584555318,0.261246437977484,-0.06299500061244244,-2.04497818691791,2.632203433254257,0.6515277245793748,-0.0838207805905765,1.4874229281288311,-0.4782684311240828,1.4888820535160614
-0.3688955499081996,1.206484978755443,0.12700514846013392,-0.0019805790073990754,0.1201995434323931,0.0,0.19726756293845246,-0.6381409956957822,0.0,1.6989947322732035,0.0,-0.2586091108056363,1.1332680200214567,1.2352254655114312,-0.05541217511870642,1.596697570430843,2.3757639227500342,1.2449536486932569,0.29610017789361454,0.7927542473770736,-0.6134988847245718,-0.6104659370321034
-0.733414354179126,0.16643350904716303,0.0757147222909264,-0.006261334935811361,0.0708234337028178,0.0,-1.5720687840575298,-1.179187740552171,0.0,-0.7718535904634597,0.0,-0.7914011101174923,0.6395153320467543,0.5108187786592514,-0.0700448172115065,-3.431143289442302,0.7201587019544913,1.300011188795304,-0.37134381065408906,0.16012939521549938,-0.4668938203676435,-2.594324393038386
0.6711048617471291,1.316698297458827,0.006484136428631527,0.001992442015439827,0.20968046901712636,0.0,0.1393255833540801,-1.2170725930344133,0.0,1.1006822613306435,0.0,0.05923457592585832,-0.7863108866831297,3.3758092971575033,-0.12102864138967946,-4.251192027990909,-0.16922253751935482,-1.403996818999089,0.18255896204900188,0.7877270676953676,1.2050627518893837,-0.3869041112339241
1.1054831796497615,-0.3957663175519721,0.1223551492273539,-0.0031570818748883687,0.10623463135636178,0.0,0.1583306547982907,-1.9963060197416536,0.0,-0.030005894073496707,0.0,-0.2048786780800704,1.2680913175743527,0.7693475588637031,-0.03900122863105639,2.6082537167874063,0.7789841921918738,0.9067546797864374,0.09028400960141868,0.012064806778764004,-0.3960220726097199,-0.5860514097562496
0.892270117298406,-0.6099891547071992,-0.27058348292297685,0.06479556854095264,-0.394965450645486,0.0,0.10806399008553645,0.8905834231243546,0.0,-5.823316755155988,0.0,0.056681809651699916,-1.0221300942794926,0.21326818532951416,-0.14186048436323853,-1.307959535079741,-0.5551104562477327,0.47221517122380313,-0.5687760904365836,0.5506816066892893,0.05595803196753158,-1.1408343199183841
2.486673776679552,1.1211361971193199,0.017389915461570902,-0.05372092614132114,-0.7369820119385314,0.0,0.10578190444296892,0.7005574044033684,0.0,1.2626505955484628,0.0,-0.14661366357635355,-0.3950658235447213,3.590688532176644,-0.1306383351523825,1.5842044190739497,-0.47853441721691864,-2.7672018837944607,0.21084499176460028,-2.5963415267606775,0.4784905882534205,-0.3359218249334801
-1.1962908083152461,-1.2866303095172924,0.017624230056406495,-0.0024690968122574614,0.10160231637388668,0.0,0.1273221707131016,0.7008766341835401,0.0,-0.8585215680741225,0.0,-0.11787755548073259,0.1591479889659637,-2.09148037944377,-0.1420036646908856,0.9410955976179767,-0.9718562126862044,-1.936543376602137,-1.2298660417653393,-0.3463037988936735,-0.786733104586156,-0.6301984222915435
0.5293638286512382,-1.0328542555680544,0.009632046101012991,0.004062466751034427,0.05223597707000757,0.0,0.0689142262971432,-1.8601265622851666,0.0,0.20831677473638263,0.0,0.1791001688165206,-0.589641887740445,-3.1989000784186237,-0.17543315091177467,0.05883864934739117,-2.7193078080096473,-0.22239026802136588,-4.364740695387812,-0.5070864984022938,0.21234466026132548,0.04574510908507808
1.4479011117097658,1.8190997069919055,0.01028464364092509,0.001992442015439827,0.20968046901712636,0.0,0.18528311469583097,-0.9714931527869296,0.0,1.5953027565590745,0.0,0.057469173919661,-0.8912616218501559,4.763072191520083,-0.1196693806518365,2.617085344273197,0.3789526371613739,-0.9455430631150873,1.5195607380695584,0.8952130790508435,1.791117425764304,0.544519929043324
-0.42330698128580735,1.1035203798960251,0.12955139045720598,-0.0025996059488193586,0.1201995434323931,0.0,0.19232371533342196,-0.6087634271458697,0.0,1.657646234703016,0.0,-0.2586906624407659,1.1301524553879487,1.2176811677921417,-0.05357474858274046,0.7249796700644613,2.3131914094219486,1.2278490696181688,0.23689767398080738,0.1320859541886278,-0.8835044009172491,-0.6558128661747185
-1.5764725564330682,1.0379610139639746,0.025063243215546125,0.012623823384415315,0.0759953780152213,0.0,0.1741722567322364,0.8758531344795827,0.0,0.28579275493826906,0.0,0.2018015741260513,0.2409947498765234,-1.9583421744770482,-0.13117982774877177,1.0104181231161027,-1.308460529085164,1.3770422475815247,-1.1587078480200215,-2.635096493329171,0.3283399733517955,0.8146434880530008
-2.3698390036096844,-0.36871098096826305,0.062199191808465976,-0.0066616826236019205,0.11322138991143495,0.0,0.1724161464544665,1.4378142210726754,0.0,-1.364279505501941,0.0,0.06577320137148951,0.4880673318442895,0.32063258212989343,-0.07951952135022156,-0.48428001492180023,-0.6580559927784725,1.2892661020855494,-0.26214941816374937,0.4095048812530862,0.09775397344849322,-1.22553550952009
0.547355922211548,-2.734377575193302,-0.5091772159144664,-0.011682314948127097,0.02356754338693462,0.0,0.12435517808497823,-1.5585266931368242,0.0,-0.7233839384363325,0.0,-1.1950271870082252,-2.1468397662667296,-0.07394780059163343,0.1950880522495629,-1.2250763603607442,0.285214901543734,0.22155285773850372,0.1386264982740595,-0.4065577069476168,-1.0307715686933796,-1.9991796752421496
-0.14053680427940554,0.49622602758080264,-0.28412395523221223,-0.0010580095677772752,0.1053799997865033,0.0,0.11167985553359801,0.6733906845739391,0.0,-0.1913198791797683,0.0,-0.6255309904986303,-1.0082992855100712,1.234901993835917,0.13519579157682768,0.9540219195152069,2.5377303672608167,1.7635168430736252,-5.365841906444658,-1.8324429017724209,-0.9538523441032578,1.0465398962905867
-2.374743715091835,-1.0605317252661086,0.0025317688221844345,0.008468539056462429,0.1410672128795077,0.0,0.13872989986617817,-0.7859042407457504,0.0,0.434192307173248,0.0,-0.562559104057303,0.8915498607917449,1.4970391000692866,-0.1217951372268061,-2.2433845177782787,-0.6443086488782533,0.3847878803519811,-0.019811989849595566,0.7960798670129234,0.13889643262167287,1.0689668048004624
0.7612435384470306,-1.655467692051758,0.005011803148495311,0.0037527276733923367,0.06674330510995803,0.0,0.13051763416516401,-1.3328423241696787,0.0,0.2506889657444143,0.0,-0.011094915566256794,0.5948812279255659,-6.283963007977427,-0.12550572030792112,-2.020540056453811,-2.596178245704003,0.34118861655574323,-0.6350644846624985,-1.8535456021681094,1.1062375245282992,0.09586426430295664
-3.688730807698021,-1.4919635654727659,0.04974291764765543,-0.0010580095677772752,0.11150546510453953,0.0,0.11908912541781543,0.49882750525158037,0.0,0.8443263479861103,0.0,-0.0873950068626235,0.1858896266310057,-0.815141484924213,-0.05755883871806692,0.34634409778195513,-0.9587827792855472,-3.6025417313430186,-0.09862244009936656,-2.0483083012722374,-1.168635060814033,-0.16597745264509178
0.9304304449872245,-1.251748391802671,0.01776092710681905,0.00807701889195877,0.12220757631091976,0.0,0.15392669674032053,-1.1603966003039035,0.0,-0.9500589032159322,0.0,-0.09968319043438546,0.22780510274901003,-1.3647334738066792,-0.14237967124504503,-1.8824059911974165,-0.10652819849419352,-2.459987986206996,-0.2879139997971076,0.11060549981024666,0.402358420058309,-0.6537144631843773
-0.6516260966460844,-0.41860763481464197,0.0691628795291272,-0.0066616826236019205,0.08667357109115068,0.0,0.14718534759833654,-0.38582713877282704,0.0,-2.1972893628978345,0.0,0.032495009201503784,0.5626919555206602,0.004180258190349881,-0.13727328015808302,-1.191629440528842,-1.218211572441366,0.7538570445570205,-0.4492175441062897,0.4316793399624016,-0.07143053888431551,-1.3574776946926366
1.0271965807627597,-0.8318016802278567,0.12257867286981004,-0.0023016942566409042,0.10697817444122175,0.0,0.15655181742726376,-1.9923562579558962,0.0,0.10348267282440371,0.0,-0.24014970477281036,0.9163700010281367,0.8634880501551566,-0.03758579554557503,1.950597425630574,0.19849037436381242,0.7019283629164922,0.2455936051430533,0.17680755593567468,-0.632766641721956,-0.7219476772618603
1.2471764190127144,0.5364185448770845,0.08590239049588178,-0.0029376667848082043,0.08335034119664649,0.0,-1.7947072615437756,-2.326382236370431,0.0,0.6114431425828426,0.0,-0.31000062985699933,0.3531570473546949,0.18288607503294219,-0.07633924278795694,-0.38815565130633595,0.9605267701407242,0.3337430441174916,-0.36536270525715686,0.075707991751501,-1.1728895990987025,-2.0369211006469934
-2.3698390036096844,-0.36871098096826305,0.062199191808465976,-0.0066616826236019205,0.11322138991143495,0.0,0.1724161464544665,1.4378142210726754,0.0,-1.364279505501941,0.0,0.06577320137148951,0.4880673318442895,0.32063258212989343,-0.07951952135022156,-0.48428001492180023,-0.6580559927784725,1.2892661020855494,-0.26214941816374937,0.4095048812530862,0.09775397344849322,-1.22553550952009
0.7692031486143917,-1.8762888591941977,0.023938894777599196,-0.0016749531530371661,0.09543564183895446,0.0,0.17555592229367487,1.0254947400475158,0.0,0.49272301938877056,0.0,-0.3234938399574914,0.19322128332066488,-2.7183141029726277,-0.17779281404136404,-2.709599660850381,-3.2980456177543975,-0.30954635387765084,-0.4577232955544739,-3.0333741972637425,-0.5234643412394212,-0.914678409470202
1.3866763117376755,1.6086291439837725,0.09993445355163597,-0.0006726805806734676,0.11859659937545736,0.0,0.20861267249784704,-3.6404337400905313,0.0,0.6409728627763576,0.0,-0.33988111812562805,0.33043984327641984,0.27726062714569866,-0.09951714415842818,0.5359378601801138,0.598478896214877,0.5723654115687506,-0.17683212469761594,0.9468307979743592,-0.24794873381122076,-1.2068194465453643
-0.07214799982963153,0.06810899718045417,0.062285037330684634,-0.0010602874413003884,0.11349076872411196,0.0,0.16438265314366307,-1.1119655741872259,0.0,1.1922832902033664,0.0,0.12007588900397015,0.7081569098434914,0.6265156226077497,-0.11733747418050175,-1.0519097630391019,-0.3928376357993322,0.6014241240864282,-0.11026940593930948,0.5785906703248067,0.19029393564586142,-1.0742844624051306
0.8490541778057574,-0.2236307804055218,-0.3879377214538231,-0.010378977531497621,0.08653517269960743,0.0,0.12768407036210713,-1.8370994836738843,0.0,-1.9207477232384185,0.0,0.0571082293799821,-1.249956464883857,0.0844570914399981,-0.1318072849264959,-1.4050669578129094,-0.7004289913795062,0.3818401000377853,-0.433526832214505,0.30075430941376263,-0.0295734595472242,-1.3451372044256587
-5.5381898828156,-2.574078087319484,0.019365532006526874,-0.04610607313300552,-0.3871073793770464,0.0,0.061090942935434926,0.4072962592195278,0.0,0.347906772833477,0.0,0.6137754212982435,-1.5983776026972156,0.9960029905159139,-0.12422540056256998,0.651001546219953,0.513910938893699,-2.3220351130744663,2.1102803490321542,-0.2660997292540585,0.8548595306999726,-0.39251371726622347
1.5457929362438654,2.8330951450271322,-0.0433620157604052,-0.0033380144725987633,0.11457544715134627,0.0,-1.8155599667023619,2.243265962723941,0.0,0.4803583739874467,0.0,0.06809451055780567,-0.4575471511584896,-0.054810352927777015,0.5308884630734052,-1.9452508554868408,2.288348425313217,1.4506871462756592,0.2769597347394581,0.27387528574649994,-0.46768048521374067,1.318205016040264
-0.4944576367308767,1.249023702339695,-0.09749660559513686,0.00887885158079395,0.11444636764968807,0.0,0.13867420181195136,0.8978049771435201,0.0,0.6316831038798821,0.0,0.23752240702507138,-0.35794976665734185,-2.881066628906432,-0.12021244079947525,0.8563288157077581,-1.983968942636556,-3.289180642533975,-0.7386066378246909,0.6663097189225835,1.1895472745246183,-0.4312627529525799
-0.9879786674284129,-0.36828001244361624,0.07471938665761371,-0.0066616826236019205,0.08157318371726056,0.0,0.16824686908775516,0.6470279361510061,0.0,-1.9159009619502128,0.0,0.05487790085454837,0.5169241593720613,-0.008290433182874438,-0.10922784777946945,-1.3541155089545203,-1.1650476097234166,0.904407479591031,-0.21193318445760784,0.508097639292487,-0.005964289464822062,-1.250289289774691
1.0491476181884853,-0.6718368585644772,0.07104418367409082,-0.005532333910908323,0.08157318371726056,0.0,0.15997967068289776,-0.7894659917600947,0.0,-2.0435322637150986,0.0,0.021729237745433762,0.5704287313716553,0.10642344233455191,-0.110870883906264,-1.3890528352377354,-0.8995992930683959,0.6485649685732624,-0.2305983209386563,0.46529376443187526,-0.016008094148531094,-1.232906843942061
1.4732171371549228,-1.373376303065157,0.10090687096611961,-0.0012280006472741335,0.04777477671020949,0.0,0.07115123009932112,0.573594504572414,0.0,-0.5884978399652308,0.0,0.0008738643343013902,0.6434632150265821,-3.2743178604399974,-0.07033140800608277,1.123254955213319,2.2858712241629924,-1.536524196929304,1.8212668159054888,-1.3989493730833984,-0.8087509104999474,-0.4356467960187098
-3.2234567842062476,-0.24209471233576213,0.07138111513827583,-0.0032655937746906404,0.14017698593593952,0.0,0.17653494216111626,1.4915608802821683,0.0,0.7535946136273102,0.0,0.08248940565618812,0.4808640655344252,0.610939966710835,-0.07136436457782884,-0.21039387239315954,-0.3714607894968992,1.112376348613572,-0.14780600904932256,0.5316714263857434,0.295331564140672,-1.049711502239333
0.9528780675743963,-1.8776972884790906,0.025227858230155414,0.016025336462264273,0.06483547723872539,0.0,0.13332896460965235,2.0379835132486392,0.0,0.2856168445411049,0.0,0.09843857742811943,0.5280551776463375,-6.28392222522471,-0.08466965774177204,-1.8938841135124969,-2.5823102806134512,0.41417847559834703,-0.6011514751112151,-0.8494391296666176,1.3087512444905192,-0.035012426016941316
-3.5505803468375055,-1.461744263373872,0.033392338262399596,0.008352216713654796,0.1215624994601133,0.0,0.13540657985166138,0.9304765425416521,0.0,0.5983895140390991,0.0,-0.7193813641129962,0.8587940632774707,1.4189148026386018,-0.08262092459115196,0.10678110388834394,-0.6213966513144661,0.719243256135194,0.7065460081732644,1.0692491376675013,0.08841943625656917,0.32867257448419696
-0.40708865037619285,-2.1770917934359293,-0.4741023743937272,0.00311928575567483,0.11961551286800332,0.0,0.18667231678725799,0.7755662034619283,0.0,0.17632078677759347,0.0,-0.22373330352047166,-1.7279422955329884,0.6016792847111765,0.5750342282011284,1.6022636783824666,1.136436749728804,1.841908893550835,-0.3481654815304411,0.26397718469630466,0.14432183861257375,-0.44182339302175144
-4.695208588914198,-1.059968548552478,0.11464021901808594,-0.0025996059488193586,0.09800286643675371,0.0,0.14407973227984547,0.5686531068866177,0.0,-0.12109016973022768,0.0,-0.06332475548033853,0.8488086246048967,-0.4055987066768934,-0.0647231059397711,1.591949867655766,0.2205442805359405,0.5664404529467092,-0.1171713914027021,-0.03686432105678876,-1.0041730169625012,0.1655600518025921
2.486673776679552,1.1211361971193199,0.017389915461570902,-0.05372092614132114,-0.7369820119385314,0.0,0.10578190444296892,0.7005574044033684,0.0,1.2626505955484628,0.0,-0.14661366357635355,-0.3950658235447213,3.590688532176644,-0.1306383351523825,1.5842044190739497,-0.47853441721691864,-2.7672018837944607,0.21084499176460028,-2.5963415267606775,0.4784905882534205,-0.3359218249334801
1.402855896154527,0.8991860821553448,0.13094199835312056,0.002483313227507529,0.10568493692022714,0.0,-2.126283515781609,-1.6143235093664945,0.0,0.5265952743230481,0.0,0.19172839590662508,0.2873710679089254,-0.36975230008286375,-0.09366653518576872,-0.5516231410355222,2.1566544536765777,1.518451261649046,-0.1279715996257275,1.5108858411576567,0.06454267960501654,2.5573034992427623
0.22364588730986945,0.6552165389835739,0.125521274973376,-0.011682314948127097,0.09418068677353084,0.0,0.19775100508363477,0.605598846474972,0.0,-0.07790316761291047,0.0,-0.7929662638869439,1.2036094778649984,1.6659787628541352,-0.08568120304734801,2.3864345627098342,2.108843187814353,2.6905062292422186,-0.15083275049751646,0.9425458867463741,-0.7005259534935214,0.16518975863120958
-1.5518896696420128,-0.3353022434338462,0.062199191808465976,-0.0066616826236019205,0.11832177728532506,0.0,0.15810047249777714,1.4363314348704623,0.0,0.9874334434351532,0.0,0.12880694174995125,0.4880673318442895,0.3594761490663502,-0.06454871793924101,-0.3721640800997111,-0.6858897972759297,1.153625868403374,-0.36668454144894397,0.44989231849641526,0.11908352919596225,-1.017858465068556
1.5004391247815152,1.6603688211857746,0.040277130266195324,-0.06561245756970303,-0.17580467860213445,0.0,0.2035963629944855,0.4714850246986556,0.0,-0.5266094256511574,0.0,0.9175652797488627,0.20031066664809655,-2.366087950320947,-0.11610851829562138,0.009635578222179367,0.17623639386271586,0.827434769014374,0.14177743809878263,0.8591566212732877,1.8606256085176227,-0.34525907235827263
1.799429560717927,-0.5986948818314972,0.09438651905732301,-0.0032655937746906404,0.10852877974176509,0.0,0.18174948776186642,2.110986862083751,0.0,1.4921352675324404,0.0,0.13973833724451284,0.5098668377289505,0.838811705969416,-0.06600838478055066,-0.8724074304928039,-0.32050062016561504,0.6598999531622755,0.03565946610547293,0.9378393794639299,0.3350456816683229,-0.8319125478298287
1.9810176628311464,-1.123863332404621,0.04468313518761165,0.0012862609133872751,0.09788382250823281,0.0,0.1426068819440622,0.9129707330327688,0.0,0.7449551848522483,0.0,-0.16842959868163504,0.2413869445746174,0.7342684316175319,-0.10278034707025543,1.5129023493921052,0.935616615816582,-1.2060866259946958,-1.1490163974322665,-0.5411106121548986,0.33648482518629225,-0.8031337377178173
-1.1666044125102164,-0.4352713459883175,0.07471938665761371,-0.0066616826236019205,0.08667357109115068,0.0,0.14820485245115936,0.47856593661379543,0.0,-2.2510420566458924,0.0,0.04658446579576016,0.5169241593720613,0.06689557231911088,-0.13013427956585497,-1.1858960258005526,-1.2083951099658998,0.7975629570001825,-0.4352986604119703,0.4974284735729427,-0.019490496922749748,-1.2622214414236912
1.632872567780443,-1.1583455227149098,0.06983199554969557,-0.0021915511733547307,0.11433589361087511,0.0,0.13960873471724833,0.9063581828228656,0.0,0.2529996498127524,0.0,-0.06530943487479601,0.23474744629774708,-0.7017820509508069,-0.0587169166829064,0.9929358210717861,-1.0149708810826648,-3.3278135281141914,0.5194733604544349,-1.9383842837595477,-1.282220697213696,-0.39119815667509683
1.6954355775216892,-0.9450296277150014,0.14193362705306167,-0.00035053281294414513,0.07059897898028744,0.0,0.1211021533007493,0.8752668305556869,0.0,0.3425359217210583,0.0,-0.12365817592790629,0.6384935767844933,-3.8194902568139115,-0.03581207488369012,1.3726876964157386,2.116700226673127,-1.2485156253734153,0.664151972223498,-1.2936088242937172,-0.8627797377815868,1.4697053165863365
1.906355388751146,2.228908442434701,0.14952923630517226,-0.0010148332558447635,0.1366954197421308,0.0,0.20878543415422252,2.270599426740655,0.0,0.7806552390231976,0.0,0.07576002106107707,0.34281715746178953,0.43962941326854005,-0.10605304056422604,-0.48676273267493636,1.7708158424580662,1.7195171609305604,0.45520507108081837,1.5626132010586948,-0.3650480022984197,1.146245591021975
-1.2223156689165078,1.1379238881794256,-0.021695925417164263,-0.0020856597517771355,0.15143546615574846,0.0,0.21733482529889103,-1.7373238138919527,0.0,0.3318376079920047,0.0,0.025951086994169176,-0.3811481922833029,-1.0442390331061011,0.789275133340984,0.6275745295905423,1.8596557711285806,0.765186488410744,0.7705675955025774,-0.04524965231918287,-0.32916822131478324,-1.5432614829054336
-1.524716336712737,-0.7019806617718484,0.07280405577137457,-0.0031570818748883687,0.12980183571358572,0.0,0.12368325441807278,-0.619015398296542,0.0,1.6323973299377017,0.0,-0.033571614784844286,0.5184773521461206,0.38246755615465555,-0.012429079946186635,-1.250738832571624,1.51509950183281,-1.1509223537370907,-3.5020286226890978,-0.20894060395902447,-0.7373162607887489,-0.778278807724365
-1.528997646004351,-1.1744903758952296,0.07280405577137457,-0.0031570818748883687,0.12980183571358572,0.0,0.12308304178807941,-0.619015398296542,0.0,1.686211599235575,0.0,-0.033571614784844286,0.4905270956125266,0.3691905882253907,-0.012429079946186635,-0.8084263471669845,1.5243491677516898,-1.098796204310322,-3.492820198161905,-0.3243749107441395,-0.910653310441502,-0.9253014312495313
-2.422416993592907,-0.32676915644007504,0.062199191808465976,-0.0066616826236019205,0.11322138991143495,0.0,0.1724161464544665,0.49784263853948085,0.0,-1.4445047499375392,0.0,-0.011308259149071945,0.5287055275536785,0.2856408401660564,-0.10940686387851616,-0.6670231120195447,-0.6594917337993847,1.268889680738596,-0.28867125580464226,0.3710656542825891,0.09377553773571026,-1.2195528271503007
-5.676577373500332,0.02000909984828325,0.01726801258073949,-0.04610607313300552,-0.3871073793770464,0.0,0.07557820405713803,0.5470252190682239,0.0,0.38510157731362465,0.0,0.4477385173912169,-0.3727608580381392,1.291170636687239,-0.12047827036675895,0.6449968905251169,0.3112621927411454,-1.952778197559214,1.999779723245604,0.7638074951048206,1.2672986322517492,1.211707098138492
1.3576598618515,-0.24010543788862682,0.028679923382042657,-0.00022497575717279027,0.08098901558005032,0.0,0.10864856429086316,0.6836122210709408,0.0,-3.790273635073778,0.0,0.002874557744850282,0.2520399424835881,0.32348590988159637,-0.12750678650831784,1.0849231912942774,0.48233371672129094,-1.1841556872670465,0.030984615256493566,-0.16620187203564335,0.16210210928207794,-0.2689163384227473
-4.958260844749877,-0.10982421309179648,-0.00201490377907711,-0.06681196031648284,-0.782345054284627,0.0,0.10941861103910157,0.5368036539243154,0.0,0.7148054808867055,0.0,-0.2232530335109934,-1.1187754918831334,1.6724852923101705,-0.1575693598145011,1.2192576243752395,-0.4517523900113904,-1.9546329760750047,-0.44861885836323595,1.1995093266275978,-0.22272110878740556,-0.6920255835212604
0.758059668281913,-1.655467692051758,0.005011803148495311,0.0037527276733923367,0.06674330510995803,0.0,0.13051763416516401,-1.5137611696895903,0.0,0.241684212663062,0.0,-0.011276959719364715,0.5948812279255659,-6.4301756318590755,-0.13756546053013835,-2.4746408046489687,-2.596178245704003,0.3329245959176613,-0.6372713217596776,-0.8145050409548534,1.1223860716532295,0.05503743492357442
2.2302429187189072,2.303347920235801,0.10737304877158314,-0.008286226099215817,0.07495502109684875,0.0,0.1300259738609773,1.2348856002063275,0.0,0.3425101720293539,0.0,0.11460998783965577,0.2708524256054879,-0.7929801874231198,-0.044693882332323305,0.7129786943992704,2.7034537867406603,-1.5645054547263038,2.227777237821419,-0.04157504144718857,-0.4719995537007021,-0.01862800490560779
0.9880268152726308,-1.4545712412754626,-0.4008647911087202,-0.0050275309347736895,0.04911317078025696,0.0,0.14292006115384528,1.1091320649080787,0.0,0.292308895531737,0.0,0.0549777867435249,-0.6273490529162982,-5.272167917786694,0.6458066799742065,1.8756153510060634,-3.0161883080988616,0.2366420392431182,-0.5026577014477691,0.34790721869667873,-0.8372536478494988,-1.2442710418501528
-2.8135766978150123,-2.250672276752096,-0.23386948125436785,0.00887885158079395,0.1464121837670055,0.0,0.1569056488073468,0.7560159206228739,0.0,-0.02835168195400916,0.0,-0.634488352835334,-1.7076879608134596,0.7935150452853622,-0.08023842759820606,1.1492668143682565,1.4535649895817964,1.1732978006227117,0.3253327307828609,1.0394350238096508,0.851354697153277,0.4000994701677122
-3.8374937793781,-1.253710319142963,0.033392338262399596,0.008468539056462429,0.0840756709694251,0.0,0.10480591938853298,0.42768213597734883,0.0,0.36001291174366806,0.0,-0.6166642177253017,1.0051952246426135,1.264854217952313,-0.09572399535088966,1.1467795079848588,-0.7108250494717689,0.6260951372320314,0.5993724519209027,1.1291167584936428,0.05988841519897024,0.19461494458475592
0.9468972041329036,0.816678972006105,0.009585801487170902,0.0023687072495091792,0.1714106377958297,0.0,0.20275336787906775,-0.7676506243558265,0.0,1.2073470113497518,0.0,0.21259306747147322,0.4989056662002321,4.445648906222533,-0.15761690690685304,0.6320511146914294,0.5183479838813276,0.6883889919058074,0.17670987115475786,0.26893753475972343,1.4325570949921622,0.18482272045929482
-1.4969239729978685,0.2724296355557525,0.015610235006545741,-0.06426707924720905,-0.3380550046843927,0.0,-0.4144240677296108,0.45258600027261614,0.0,-4.589466961744064,0.0,0.10090242180792927,-0.7232168573136514,2.0168442822319776,-0.14055419654976517,-0.002108728304294591,-1.445515345097986,-1.4697874749924278,2.3626690651054174,0.5044711518223718,-0.42632235117374695,-0.1479682027213591
-1.6224989609823655,0.7708198236050493,0.008493331781011304,0.015614629863524302,0.08228018865579848,0.0,0.16310525259517056,1.027116376742929,0.0,0.34429019181433024,0.0,0.2902821859372757,0.23389841000669423,-2.4585258037545477,-0.17949895315229367,0.9111503811391624,-1.3819107831020685,0.879236097842267,-1.2118251574213277,-0.10488824820948305,-0.583572946073204,0.26825637633273636
1.8884804091932086,-0.004823593634103968,-0.3822592944389757,-0.0012470169723999033,0.11221162521266798,0.0,-1.8157002552215784,1.6908095943371733,0.0,0.30963205363370594,0.0,0.21703118842971755,-0.4313582767134648,-0.8693896568495337,0.32467581012112096,0.9993678658020886,2.376862663980341,1.0213186592711065,0.25434333960965794,0.6459524970627079,-1.0054126402597219,-1.9087411506488285
-4.661917726901093,-0.6853769701373147,0.11464021901808594,-0.0025996059488193586,0.11273061585923971,0.0,0.1279289505727902,0.5431595067025901,0.0,-0.1475110956321615,0.0,-0.07020564313463752,0.6865461858605624,0.13043439437817012,-0.0647231059397711,1.6814547950651588,0.37873787542054416,0.5505141275857398,0.08951158993308032,-1.2360531773847134,-0.5121159629790887,0.16787516027500485
1.6339495197215321,-1.3226739367392926,0.02693048486032343,0.01968525164504866,-0.1526209149536896,0.0,0.08895407108721462,0.6888896545733513,0.0,0.7288097031913547,0.0,0.5092595603005902,0.773965941573916,-0.884100228811527,-0.09745623032216709,1.2338585295976612,1.049098991095932,-1.9426529022456411,0.5325869458423408,0.45040283569143597,0.5769600606156385,-0.17446963011682848
1.725358871291753,0.5807260606581953,0.11704759277762608,-0.001749031246123656,0.05303896133007686,0.0,0.17954157703221157,1.0561875199549138,0.0,0.21424082665301464,0.0,-0.2384249891210733,0.20818647169148066,-3.2423776001781976,-0.14550029501933134,0.9538387032835702,2.0269935737453837,1.876243950355243,0.9312436883694102,-1.0204888365604117,-1.120491065731167,1.4763434834450462
1.0313892441126684,1.0103305557932545,0.033421850407360905,-0.005082578982002251,0.10412093997256164,0.0,0.17169026683532923,-1.908414685201507,0.0,0.4576463891975087,0.0,-0.13395424419947455,0.2883587343949063,0.14055904574664746,-0.10760568690691696,-1.632929383686414,1.0821549450239945,0.08382666825756738,-0.18995880305224064,-2.5924931637219224,-0.7884680180205879,0.8667370363673527
1.7370342173215665,0.4009409243070376,0.03139989265137606,0.02051965886619427,-0.7426299923880095,0.0,0.13160907401297608,-2.012932913700532,0.0,1.218890254295998,0.0,-0.1813338478897763,-0.5533650594482193,2.332235731429413,-0.08880084965657241,-3.2772349141439197,-0.5075638089638423,-1.0624058304169066,-0.21559350482956455,-0.0052853499477132065,0.0793228064795102,-1.3265418716808801
-0.021640289869890042,2.510012430437688,0.03251052965414773,-0.04610607313300552,0.13376199472948697,0.0,0.1255041812837492,0.8447725138496568,0.0,0.6488921489838263,0.0,0.2521429827484274,-0.39076601799089183,2.8043930116419418,-0.09504971566989442,1.5174508938705773,1.8208957016373344,-2.3397721984424007,2.143983568519354,0.9681537305073262,1.5414706418191193,0.21331481568416977
1.0616728791485124,0.3135426370772805,0.029331584162696923,0.031233305568265698,-0.7326461834505017,0.0,0.06368231378673005,0.5789391852163087,0.0,-5.9543224611227,0.0,0.050574724693020275,-0.7740477224246908,1.4632421230570896,-0.10076428774720868,1.5488172106940994,-0.4156379239369606,-2.390412249925298,-0.5623375557550723,-2.3152525652534623,-2.4217219288904843,-0.08672324413087458
1.3432602679114642,-1.6949172157282617,0.0419851654245766,-0.0033380144725987633,0.08708399215363684,0.0,0.18145267943413818,0.9740066508810652,0.0,0.3284060593183541,0.0,-0.20704651575215835,0.3160310246454332,-3.7772144517619552,-0.15846349220790798,1.9327209922138715,-3.3980797747669245,-0.23183711157241715,-0.11402368668693269,-3.480787534871438,-0.8360187421676302,-1.126078977011275
1.0327415834348281,0.21589100376844195,0.07018084210241089,-0.0029376667848082043,0.0974372359781376,0.0,-1.8836197400258157,-2.3424996954607824,0.0,0.4011783226951751,0.0,-0.37225454688800064,0.24208323978284998,0.24865364138302307,-0.08159487517849208,-3.171621050520357,1.314379744677964,0.24674274850540887,-0.4671776086807265,0.12741484986470328,-0.9608178351729042,-2.494166157772777
-0.8808699253899862,0.7657456540741631,0.20438831245127811,-0.0025996059488193586,0.12062133782318965,0.0,0.14674832919933753,0.8734786445953433,0.0,1.7658834813465358,0.0,-0.24756122395459348,0.797755724437739,0.9913293155904835,-0.045885509045975284,2.3407089589185115,1.9418551491472125,1.4284076730159752,0.2426113604809906,-1.8091473895154198,-0.6277041170164279,-0.2815039460071373
0.8491921299576104,1.2859588751510656,0.01028464364092509,0.001992442015439827,0.20968046901712636,0.0,0.1675776092069944,-1.0839776108560988,0.0,1.3233304517760225,0.0,0.06204549371396051,-0.8133794489247064,3.9330165466670146,-0.12202803722499499,-2.0519256643935466,-0.07137093499020118,-1.0213342030478827,1.2470621271956839,0.8012695842712845,1.2227536802101786,0.2467467578098574
2.284110313279819,2.303347920235801,0.10737304877158314,-0.008286226099215817,0.07495502109684875,0.0,0.1300259738609773,1.2348856002063275,0.0,0.3804724060495332,0.0,0.11460998783965577,0.2708524256054879,-0.7929801874231198,-0.044693882332323305,0.7129786943992704,2.7034537867406603,-1.5645054547263038,2.227777237821419,-0.04157504144718857,-0.4298767467175409,0.33124560708475176
2.0554445801483205,2.5178279808995767,0.09149388935509711,-0.008286226099215817,0.07495502109684875,0.0,0.1281174830592423,2.1348436320029816,0.0,0.5067633453787611,0.0,0.11986108508065117,0.2149849945104395,-0.22440035710499795,-0.026178100153025276,-1.2343488357327803,2.6448473027143793,-0.9842477756404068,2.201813100571207,0.49812729241404274,-0.2152661282217051,2.094192460717639
-1.682950326087046,-0.08273452736960851,0.061854556105003095,0.06479556854095264,-0.530623266023312,0.0,0.13235757004899187,0.664170987855118,0.0,0.9116065163879055,0.0,0.07079135229240002,-0.959822837274087,0.17872936762452094,-0.10682797013713626,-0.6174669725751171,-0.6032885814520057,1.0449403157057193,-0.6588796222520928,0.39940982503977757,0.1161475541456342,-1.1013736089012318
-1.041850180628078,0.9054476733115465,0.020676283724992837,-0.0024690968122574614,0.17833634746402696,0.0,0.18111250179028107,-1.6689885723997424,0.0,-0.011171619984055858,0.0,0.1660254023562682,0.17815671070601075,-0.8827733363176065,-0.14334530773870968,0.48608367949931036,1.9478971302004793,-1.1465568205592918,0.4779267424392585,0.39085712024662345,-0.39099247084188543,-0.7977919942444613
