pred,true
0.0,22.7
0.0,20.7
0.0,23.37209302
0.0,8.9
0.0,22.0
0.0,4.0
0.0,13.5483871
0.0,21.65
0.0,7.87
0.0,3.5
0.0,2.61249
0.0,16.12
0.0,16.4
0.0,14.5
0.0,5.45
0.0,8.4
0.0,16.25581395
0.0,26.71
0.0,0.863014
0.0,10.7
0.0,14.48837209
0.0,14.5
0.0,32.5
0.0,26.0
0.0,21.26
0.0,43.65751765
0.0,12.86
0.0,13.54166667
0.0,2.1
0.0,18.7427
0.0,3.0
0.0,6.79
0.0,5.6
0.0,24.9
0.0,24.95
0.0,3.22179
0.0,0.67656
0.0,20.4
0.0,8.9
0.0,7.31
