pred,true
21.808421305736598,40.7
22.981290150819678,30.39
21.3841984140066,37.2
20.852681890921332,30.98
20.475169109187448,26.7
16.277684578169833,12.09
21.132500040468123,42.3
21.1325,12.94
16.175628184481432,14.64
21.132556240774043,35.42
21.1325,13.65
13.765918213705291,7.15
15.259774720205655,16.95
21.132349475414042,13.35
