{"rf": 4.612113095238095, "xgb": 4.4909082017626085, "lgb": 5.514910484456271, "cat": 4.82340192090633, "lr": 4.885813359199267, "ridgelr": 5.770707680420086, "svr": 5.542404430506082, "gsr": 9.42675217343299}