{"rf": 0.6484320314188158, "xgb": 0.7451142534081389, "lgb": 0.6340796034626268, "cat": 0.6750307626062033, "lr": 0.667340248834943, "ridgelr": 0.5808231911248256, "svr": 0.5884543413049941, "gsr": 0.11557914466870034}