{"rf": 48.241674498353184, "xgb": 34.97507258973986, "lgb": 50.21109497917166, "cat": 44.59183308307978, "lr": 45.64711483578181, "ridgelr": 57.51886684279925, "svr": 56.47173088065393, "gsr": 121.35901684853077}