pred,true
-67041.54560831934,2830.0
-91170.44373834692,17.671425
-247805.08522501588,92.790225
-87150.57158205844,5.4021825
-903755.8858136395,2480.0
-33195.199750144035,13280.0
-158730.06259904802,5.55165
