pred,true
0.07439844218371927,0.0119
0.11804824597129648,0.024206064
0.14179638638996295,0.0058625
-0.10549317502954825,0.010508273
0.04994676121190089,0.00284061
0.457443805012663,0.27375
-0.02408992990209713,0.00263567
-0.0685121334645078,0.00283491
-0.009243531096847057,0.045132691
-0.009243531096847057,0.037603532
0.12745422961055963,0.745139258
