pred,true
0.29295316760132717,0.27
0.17186390182965236,0.05
0.15905682590254924,0.24
0.2900789155365284,0.21
0.07483720396194218,0.03
0.15877158796711957,0.04
0.20729764844824408,0.25
0.15715856680584725,0.14782
0.12084119336878754,0.12
0.18715960222691283,0.04746
0.2080309638759069,0.06
0.16409602123527386,0.28012
0.0334402415030316,0.20367
0.17617950940580504,0.05
