{"rf": 0.059380214063996815, "xgb": 0.04632886494199435, "lgb": 0.07600591847037647, "cat": 0.050604773474922336, "lr": 0.060130004344657956, "ridgelr": 0.07558454280230756, "svr": 0.08426766739111818, "gsr": 0.09332104131294616}