{"rf": 0.005209111193866597, "xgb": 0.003696570115768987, "lgb": 0.008347695596701087, "cat": 0.0046580715673243634, "lr": 0.0074017757074847585, "ridgelr": 0.009125658078177263, "svr": 0.01017445697346348, "gsr": 0.011490346782620068}