{"rf": 0.6274689268705932, "xgb": 0.7356387335814696, "lgb": 0.403012167899536, "cat": 0.6668766829680843, "lr": 0.4706598986370022, "ridgelr": 0.3473759590929404, "svr": 0.27237080688617865, "gsr": 0.17826457177598454}