{"rf": 288.0618820967794, "xgb": 391.28440385551966, "lgb": 227.86852486115717, "cat": 309.7184122642364, "lr": 394.009750414162, "ridgelr": 384.69061428656795, "svr": 397.84206192561476, "gsr": 345.2951865424786}