{"rf": 0.36782351372412303, "xgb": 0.14129284387294105, "lgb": 0.4999229945626874, "cat": 0.3202964023738235, "lr": 0.13531183729620933, "ridgelr": 0.15576348014942676, "svr": 0.12690150126705413, "gsr": 0.2422201224004359}