pred,true
35.919379899999996,37.1
40.995669999999926,42.3
34.45112516666665,36.4
12.033715379761903,8.07692
37.88720666666663,45.38
42.167670000000044,40.7
14.537227980952375,16.9527
21.68444980000001,13.4
14.537227980952375,10.9172
5.94676506132756,6.19
39.32534600000001,38.8
14.537227980952375,12.9586
