pred,true
32.264473,37.1
41.647736,42.3
33.067677,36.4
12.241617,8.07692
39.522263,45.38
42.578865,40.7
15.581893,16.9527
18.016441,13.4
15.581893,10.9172
6.1340985,6.19
41.7848,38.8
15.581893,12.9586
7.4817185,9.36364
6.1340985,8.49
30.913483,25.0
6.1340985,3.36
33.73645,36.49
12.241617,11.8935
31.441542,39.1
15.581893,11.4497
35.3288,30.39
31.441542,37.9
8.072202,12.83
21.764359,22.5
