{"rf": 63.79614858289669, "xgb": 78.0580180861914, "lgb": 62.55187329897091, "cat": 57.01624832623486, "lr": 86.53662618621787, "ridgelr": 96.06932594750877, "svr": 83.29387083234714, "gsr": 133.13008952076274}