{"rf": 6.18648843931465, "xgb": 6.610028675624302, "lgb": 6.050791494838754, "cat": 5.472329273157163, "lr": 7.641495842245131, "ridgelr": 8.190583741018727, "svr": 7.212597387080849, "gsr": 9.41916812899062}