{"rf": 0.56133867906646, "xgb": 0.46327428718286834, "lgb": 0.5698942964787338, "cat": 0.6079571673051412, "lr": 0.40497551035306245, "ridgelr": 0.3394288157290586, "svr": 0.4272726455029201, "gsr": 0.08459958442013871}