pred,true
35.9372435113743,37.1
29.931506469519796,42.3
15.627949664711398,36.4
22.01551704355621,8.07692
36.03221419403754,45.38
29.97554897313144,40.7
13.150904302841333,16.9527
11.03306451474181,13.4
13.150904302841333,10.9172
15.435682832372102,6.19
27.095971233354277,38.8
13.150904302841333,12.9586
