pred,true
40.49285714285716,40.7
36.291260504201716,30.39
36.8606722689076,37.2
20.64988795518206,30.98
11.50268907563026,26.7
27.943949579831916,12.09
36.853697478991606,42.3
10.756806722689086,12.94
16.831092436974778,14.64
36.001260504201724,35.42
14.115826330532213,13.65
9.178487394957989,7.15
17.125238095238092,16.95
18.399747899159653,13.35
