pred,true
42.374397,40.7
35.700527,30.39
34.727516,37.2
22.231133,30.98
15.486045,26.7
16.053715,12.09
41.89358,42.3
8.433241,12.94
10.543013,14.64
35.40153,35.42
19.599977,13.65
3.6602733,7.15
11.961778,16.95
16.929909,13.35
