{"rf": 0.7536588825809829, "xgb": 0.7405509439995476, "lgb": 0.681206678470505, "cat": 0.8005973966094595, "lr": 0.6613242063447548, "ridgelr": 0.6178270967511257, "svr": 0.5476905318404635, "gsr": 0.1255299956005893}