{"rf": 33.80259029299078, "xgb": 35.601243648533845, "lgb": 43.744382378007785, "cat": 27.36175177082247, "lr": 46.47262793571288, "ridgelr": 52.44124166097179, "svr": 62.06528491072385, "gsr": 119.99357473053824}