pred,true
24.123481852788515,37.1
40.98161304095215,42.3
29.27072222901086,36.4
12.589187566566597,8.07692
41.381268711440654,45.38
42.7092244575758,40.7
14.20287507306891,16.9527
18.75972759074295,13.4
14.20287507306891,10.9172
5.5513457535779525,6.19
41.08743303128088,38.8
14.20287507306891,12.9586
