{"rf(k)": 0.8226215487241942, "xgb(k)": 0.8481695751003978, "lgb(k)": 0.8258863833790605, "cat(k)": 0.8780596873728581, "lr(k)": 1.3189011123260597, "ridgelr(k)": 1.2027817697530383, "mlp(k)": 1.0923727879231941, "svr(k)": 0.9874977942454899, "gsr(k)": 0.9793348622636602}