{"rf(k)": 2.5475451400614912, "xgb(k)": 2.5470674087069614, "lgb(k)": 2.345682892580342, "cat(k)": 2.8534364323335257, "lr(k)": 4.760935421916961, "ridgelr(k)": 4.341860822269779, "mlp(k)": 3.1832919426964255, "svr(k)": 4.553292228716232, "gsr(k)": 4.541750874997803}