{"rf(k)": 0.4074494151707445, "xgb(k)": 0.4075605339058226, "lgb(k)": 0.45440190716741846, "cat(k)": 0.33630011097211676, "lr(k)": -0.10737785338049766, "ridgelr(k)": -0.00990248574009156, "mlp(k)": 0.2595768088013175, "svr(k)": -0.05908073250438384, "gsr(k)": -0.05639625175150842}