pred,true
33.27390735699548,37.1
18.435119196207822,42.3
16.502120512723806,36.4
22.369601454025016,8.07692
32.94370738514287,45.38
18.437513249369246,40.7
11.544026994972954,16.9527
16.98226475052961,13.4
11.544026994972954,10.9172
16.140210154261737,6.19
15.327609490004123,38.8
11.544026994972954,12.9586
