pred,true
0.19790296872464475,0.17
0.23525010607949925,0.28
0.0040849279476402045,0.06
0.25176282070289524,0.31
0.18630690316284948,0.21
0.05807596621108596,0.05
0.5039204768755428,0.3
0.4554398119436778,0.28
0.3069218322418147,0.34
0.30781539472937147,0.31
0.18909694276791866,0.36
0.23486887540819845,0.03
0.1659614610724932,0.15
0.13723686134049617,0.12
0.08003840337118695,0.01
0.10903476706566584,0.07
0.2887243301647192,0.36
0.03206882211000606,0.2
