{"rf": 5.076696473417073, "xgb": 4.746958286492154, "lgb": 4.529644057997381, "cat": 4.84040804882312, "lr": 5.6315803128022885, "ridgelr": 5.758518606744584, "svr": 7.025202918008336, "gsr": 6.9703185233830505}