{"rf": 45.24237157190347, "xgb": 40.36585586985515, "lgb": 38.22755071569027, "cat": 45.24859836095367, "lr": 55.51560578370511, "ridgelr": 57.17342159133521, "svr": 81.26653271398646, "gsr": 81.10572241054598}