{"rf": 0.5148338777123431, "xgb": 0.5671282232834525, "lgb": 0.590058790003747, "cat": 0.5147671034254783, "lr": 0.4046666819460626, "ridgelr": 0.38688874416539654, "svr": 0.12852118094769915, "gsr": 0.1302456641839531}