{"rf": 0.5741484515936008, "xgb": 0.5934336512934955, "lgb": 0.6180398777505551, "cat": 0.5366259237131812, "lr": 0.3845465881996728, "ridgelr": 0.33183912073455357, "svr": 0.2016952223659788, "gsr": 0.011176405902610598}