{"rf": 4.378215516765529, "xgb": 4.2706791001383, "lgb": 4.3970471233413475, "cat": 4.584060169731046, "lr": 5.755961049167511, "ridgelr": 6.161571173112376, "svr": 6.574989104609034, "gsr": 7.67838168513469}