{"rf": 38.520021445728844, "xgb": 36.775595932178355, "lgb": 34.54986169598424, "cat": 41.91408819049122, "lr": 55.67028864897125, "ridgelr": 60.43789554086611, "svr": 72.20994562486418, "gsr": 89.44315499899156}