pred,true
37.578484,35.76
51.593822,50.0
66.05502,64.1
58.663746,42.9
46.250893,32.0312
64.213165,68.4
47.70159,55.0
62.197968,61.6828
57.513134,64.9
31.614424,43.6
58.305016,56.55
67.24731,68.5241
52.09696,58.9643
50.217453,49.66
45.48634,52.993
51.927822,57.625
