{"rf": 4.230280292682608, "xgb": 4.101640728677021, "lgb": 3.935457511496309, "cat": 4.13035108553023, "lr": 5.73040341778168, "ridgelr": 6.2985017206674705, "svr": 6.690947313644436, "gsr": 7.51007551810322}