{"rf": 0.6341345244150479, "xgb": 0.6480013218593831, "lgb": 0.6897614046445995, "cat": 0.631205098853068, "lr": 0.38793462193643524, "ridgelr": 0.3043769481203674, "svr": 0.1629405640739765, "gsr": 0.01966019658159701}