{"rf": 0.058814688941614825, "xgb": 0.037279416877362456, "lgb": 0.07574875438422882, "cat": 0.04793196106149514, "lr": 0.06013000434465803, "ridgelr": 0.07573310172039688, "svr": 0.08426766739111818, "gsr": 0.09332104131294616}