{"rf": 0.630547711257303, "xgb": 0.8353847842385782, "lgb": 0.4076803634941877, "cat": 0.68348131704369, "lr": 0.47065989863700497, "ridgelr": 0.34039093050680225, "svr": 0.27237080688617865, "gsr": 0.17826457177598454}