pred,true
32.867615,37.1
40.98084,42.3
28.853537,36.4
13.345073,8.07692
38.4004,45.38
42.90241,40.7
14.222001,16.9527
18.281582,13.4
14.222001,10.9172
5.9485507,6.19
39.863445,38.8
14.222001,12.9586
