pred,true
40.42687052214361,40.7
37.75139346179672,30.39
36.19133036581113,37.2
24.9379400381942,30.98
10.131734284347012,26.7
18.210314895781508,12.09
31.046248818641537,42.3
23.34456472552258,12.94
12.764660180028734,14.64
36.524049388471774,35.42
17.670688083174312,13.65
12.740856215967497,7.15
14.3527529063173,16.95
21.16636360975798,13.35
