pred,true
0.19319257938564016,0.17
0.2338116026098016,0.28
0.04936029316354451,0.06
0.23001984493745875,0.31
0.1701411549340146,0.21
0.05293933064610634,0.05
0.1660176362832373,0.3
0.10663325741318941,0.28
0.26043659579596734,0.34
0.2682557009727422,0.31
0.13037001200126108,0.36
0.1923503055088427,0.03
0.09257458782778882,0.15
0.15456713908024422,0.12
0.07091436286260566,0.01
0.09881581537405992,0.07
0.38328286306436465,0.36
0.06308341364555925,0.2
