pred,true
0.1934484467161105,0.17
0.23399353458496963,0.28
0.04915218430497159,0.06
0.23051849658834855,0.31
0.17023120462152586,0.21
0.05262307189559301,0.05
0.17163557717473188,0.3
0.11188751526702967,0.28
0.25956299505444425,0.34
0.2671363879460663,0.31
0.13070868419464898,0.36
0.19368112589551278,0.03
0.09354534532210601,0.15
0.15507605810400715,0.12
0.07114362049865564,0.01
0.09875855395528699,0.07
0.3818436007245345,0.36
0.0648316532808404,0.2
