pred,true
0.0,200.0
0.0,170.0
8.045112970137875,3.969924812
1.774302728498318,2.706
0.2525282672695603,0.368384545
0.17115684112202786,0.774
2.735909418560099e-21,2.177509091
0.34651619274116907,0.527
0.00047797432753321684,1.042185455
0.00013770026827028068,14.66
