{"rf": 38.75860889752033, "xgb": 40.93256187471235, "lgb": 32.44376596114096, "cat": 33.97742642710247, "lr": 56.50393236384601, "ridgelr": 63.65538718970348, "svr": 75.17593968172349, "gsr": 90.88237060586339}