{"rf": 4.431307545299857, "xgb": 4.598820859430466, "lgb": 3.968010646644395, "cat": 4.067513210035542, "lr": 5.76615862430863, "ridgelr": 6.375808391110674, "svr": 6.725546096087398, "gsr": 7.756012226808523}