{"rf": 6.913923565392788, "xgb": 6.189301367203394, "lgb": 6.734503074750325, "cat": 6.5196504506515875, "lr": 9.631172445386326, "ridgelr": 9.488723894212097, "svr": 9.420641184070742, "gsr": 8.98751055082153}