{"rf": 0.4801815662887804, "xgb": 0.5610133351155578, "lgb": 0.4833127914892116, "cat": 0.5561074719559258, "lr": 0.06822680912558754, "ridgelr": 0.07889747585633988, "svr": -0.03840074775095448, "gsr": 0.1582201774320745}