{"rf": 78.42091082393456, "xgb": 66.22645883105444, "lgb": 77.9485275526074, "cat": 66.96656774679492, "lr": 140.56927875375985, "ridgelr": 138.9594793510147, "svr": 156.65533801389503, "gsr": 126.99268844255676}