pred,true
0.20892892322925966,0.17
0.23321374213632773,0.28
0.06287965735041742,0.06
0.25258218440309965,0.31
0.18098088804905452,0.21
0.06294807004883014,0.05
0.23870028102007243,0.3
0.19537780391692622,0.28
0.29029221513316905,0.34
0.29029221513316905,0.31
0.2539979332770617,0.36
0.2052678192078286,0.03
0.09390826041401379,0.15
0.1607526753011653,0.12
0.01814959268509269,0.01
0.10354190387194866,0.07
0.2773156370624877,0.36
0.1769918943984854,0.2
