pred,true
33.233415051154665,32.1
22.15903429583655,21.8343
20.672569710289636,12.07359141
24.38154935598206,24.52
29.91573893289481,30.39
20.672569710289636,11.37670302
22.96842219049209,19.2604
20.672569710289636,23.66981428
14.532023805445,12.09027942
12.383880377236993,14.645
13.490494458137947,26.7
40.85986489764768,42.5
24.77428531158065,35.42
12.537244565056072,16.9527
33.969811146767505,37.2
