pred,true
40.868868912374964,40.7
35.26870151339804,30.39
35.26457182929681,37.2
21.94910694234696,30.98
11.548731191074827,26.7
15.658449998432417,12.09
41.18412864560726,42.3
10.828709665366667,12.94
15.127576325505224,14.64
35.32060206231392,35.42
17.95429426120284,13.65
7.814921487005115,7.15
15.099477042386027,16.95
15.164594947456846,13.35
