pred,true
494.84822049788,200.0
506.72001661641525,170.0
11.3781220313493,3.969924812
22.125818789153524,2.706
-7.8169182293433765,0.368384545
1.0961068762103678,0.774
3.152610812087803,2.177509091
1.3080790626862917,0.527
0.5425583047873165,1.042185455
9.648053845845626,14.66
