pred,true
39.33158496104352,40.7
36.51895592259699,30.39
37.898960597719245,37.2
20.291450062846074,30.98
9.508421998326321,26.7
24.960523634407707,12.09
36.53309185084577,42.3
20.540037585535767,12.94
11.89002891710167,14.64
35.52174160089156,35.42
16.750899111391,13.65
10.2573340336554,7.15
15.963587168006402,16.95
21.779619997853313,13.35
