{"rf": 6.328805077831823, "xgb": 5.6916353846958705, "lgb": 5.684514531260914, "cat": 5.668082884410655, "lr": 7.641495842245136, "ridgelr": 8.190694809344915, "svr": 7.212597387081004, "gsr": 9.41916812899062}