{"rf": 66.4320835482213, "xgb": 57.50382686476383, "lgb": 63.04690860044408, "cat": 58.3887692262648, "lr": 86.53662618621796, "ridgelr": 96.0721811119859, "svr": 83.2938708323479, "gsr": 133.13008952076274}