{"rf": 0.5432140314275555, "xgb": 0.6046045848919247, "lgb": 0.5664904414800143, "cat": 0.5985197350401872, "lr": 0.4049755103530619, "ridgelr": 0.33940918366272166, "svr": 0.4272726455029149, "gsr": 0.08459958442013871}