{"rf": 14.27032705261898, "xgb": 15.085106600506947, "lgb": 26.301207466998918, "cat": 19.20876025730801, "lr": 107.15337351096701, "ridgelr": 102.5032114350539, "svr": 210.7581378255758, "gsr": 44.71765604904551}