{"rf": 0.9342321901628479, "xgb": 0.93047710689341, "lgb": 0.8787853421439552, "cat": 0.9114723799145006, "lr": 0.5061610945219889, "ridgelr": 0.5275923465173286, "svr": 0.028676702430524448, "gsr": 0.7939092574015638}