{"rf": 2.8348535305044655, "xgb": 3.1197724937184645, "lgb": 3.95916634428875, "cat": 3.39677628153647, "lr": 8.300308295888675, "ridgelr": 8.154882134824923, "svr": 11.752937681116672, "gsr": 4.721562676678929}