pred,true
40.44675325398035,40.7
27.84048623832017,30.39
39.86139587795004,37.2
22.82292265737435,30.98
14.148091587539348,26.7
20.034569159311975,12.09
37.36372082035213,42.3
3.499845348659056,12.94
16.12231279047851,14.64
26.25485023737499,35.42
-11.038724559154367,13.65
8.526584895625934,7.15
16.921053197793253,16.95
15.82080489814549,13.35
