pred,true
0.6134115,0.6
1.510603,2.05
0.1920469,0.0394
1.5312016,0.69
0.17691927,0.17047
1.876158,1.976
1.5652096,1.53
0.08516992,0.02
0.6450456,1.2
0.07642384,0.1
0.9335453,0.71
0.8496105,1.02
0.8365324,1.8
0.3503837,0.3
0.20828542,0.003
0.6950157,0.39
0.04725501,0.06
1.7465719,2.02
0.30685857,0.23
0.009627851,0.11
0.35961148,0.47
0.46656567,2.29
1.3370955,1.42
0.27197692,0.55
