pred,true
0.2300866109999456,0.17
0.18776875240446125,0.28012436
0.11667204736530387,0.06
0.25947721187761724,0.31
0.13701089307153513,0.211626934
0.1158961668514053,0.05
0.1932747786547757,0.3
0.1361037266502687,0.283
0.27446543219590114,0.34
0.27372264676815655,0.31
0.1705727508468038,0.355
0.2564615615116717,0.03
0.060193841800413816,0.147816393
0.16849903389285997,0.12
0.07380584081336025,0.009720585
0.0895277845958948,0.07
0.173901150228187,0.355
0.16668026456525703,0.197
