pred,true
0.24813066374896933,0.27
0.10393175488740777,0.05
0.19585214797600775,0.24
0.25674612802694424,0.21
0.06899513639458732,0.03
0.08409579444434001,0.04
0.20445161364933864,0.25
0.18041292909844636,0.14782
0.14267841956265348,0.12
0.00879216358943738,0.04746
0.09890891886817421,0.06
0.18268513564637093,0.28012
0.06689351322547989,0.20367
0.0925574309026058,0.05
