pred,true
0.2045201851044395,0.17
0.22855667495913792,0.28
0.06107760254888813,0.06
0.24622837261496655,0.31
0.18661508066619903,0.21
0.060864979076407255,0.05
0.23688330568270102,0.3
0.19798658306299807,0.28
0.28958571071273054,0.34
0.2904890185024761,0.31
0.24453872320085696,0.36
0.2086327631357976,0.03
0.0906030846056318,0.15
0.16687191453783928,0.12
0.021370513802546273,0.01
0.11300972934917806,0.07
0.2795308922581834,0.36
0.18500972790988612,0.2
