pred,true
0.20410422645628887,0.17
0.2292912710798299,0.28
0.061009567607549324,0.06
0.2461351506509855,0.31
0.18671742514813672,0.21
0.06026154302680024,0.05
0.23700635862142275,0.3
0.19751482130976758,0.28
0.2900098470856623,0.34
0.2909242611187244,0.31
0.24445863591425904,0.36
0.20877499718329434,0.03
0.09061067034531854,0.15
0.1675070138348147,0.12
0.021447473671703264,0.01
0.1129985784805204,0.07
0.2795274420654172,0.36
0.18531882354613535,0.2
