pred,true
1.6990036,0.177321375
5.5470705,5.4021825
0.20291519,0.0329
0.67144996,0.035175
-0.37199244,0.0044
1.0818906,3.68253
1.0818906,4.50087
0.6675044,0.0306
0.35805133,0.076138178
