pred,true
40.578445,40.7
35.50568,30.39
33.142643,37.2
23.42907,30.98
13.829502,26.7
13.046237,12.09
33.727177,42.3
8.930469,12.94
17.345472,14.64
35.459553,35.42
10.680146,13.65
8.961428,7.15
16.606789,16.95
20.059565,13.35
