pred,true
0.20309232212444958,0.02
0.2129310344827586,0.35
0.17675473906276667,0.15
0.21318453554909342,0.31
0.2129310344827586,0.06
0.21339105550754764,0.16
0.21293103132510394,0.27
0.2128756651823914,0.15
0.2953908863440765,0.34
0.212931034482421,0.28
0.2129310344827586,0.4
0.2125211090404387,0.02
0.2129310344827586,0.09
0.2129310344827586,0.3
0.2935723833157546,0.41
