{"rf": 0.7049409873607897, "xgb": 0.7363333239537494, "lgb": 0.7023451775549362, "cat": 0.7204920240221726, "lr": 0.24338530887899323, "ridgelr": 0.24594331156445248, "svr": 0.2968572281978368, "gsr": 0.31987430286465457}