{"rf": 0.13361046009208127, "xgb": 0.11939518668614894, "lgb": 0.1347859108582496, "cat": 0.12656854280017724, "lr": 0.342614977556092, "ridgelr": 0.34145664684568966, "svr": 0.31840148996155, "gsr": 0.30797875483239895}