{"rf": 0.2713080756556632, "xgb": 0.2514587624449479, "lgb": 0.2736690589685246, "cat": 0.2768651496604899, "lr": 0.46918358076433325, "ridgelr": 0.4711859859715383, "svr": 0.42235714769030813, "gsr": 0.43245543195802594}