{"rf": 0.0033284402243255987, "xgb": 0.006780374212088547, "lgb": 0.0075320064126131675, "cat": 0.0033978658504520485, "lr": 0.00789577573333287, "ridgelr": 0.010823810254133958, "svr": 0.009336334167953408, "gsr": 0.011768652459949961}