{"rf": 0.04391476950957053, "xgb": 0.061619696492950106, "lgb": 0.07088220645929383, "cat": 0.0434994885592425, "lr": 0.06687222343334269, "ridgelr": 0.0772470840059043, "svr": 0.07926700705422002, "gsr": 0.09614648208868913}