{"rf": 0.7619656477913047, "xgb": 0.5150996038590245, "lgb": 0.4613464126064085, "cat": 0.757000654332532, "lr": 0.43533134585589883, "ridgelr": 0.22593212176594146, "svr": 0.3323093984291129, "gsr": 0.15836146186430033}