pred,true
0.0070816779884762815,0.0119
0.12378122929544155,0.024206064
0.007636741711154471,0.0058625
0.1834915549834555,0.010508273
0.031628795418183336,0.00284061
0.4292868478542505,0.27375
0.003317782067050745,0.00263567
0.0021472431987556717,0.00283491
0.04215631417211596,0.045132691
0.04215631417211596,0.037603532
0.20490729476617286,0.745139258
