pred,true
55.30945,92.790225
-1193.7944,1.3885725
0.5323455,0.555048
-0.8824228,0.035175
-1193.7944,3.549015
3.256997,4.8047535
934.3075,2480.0
8494.499,13280.0
1857.7125,2830.0
0.740751,0.0776
25.573334,19.284
-9.121118,0.076138178
0.5323455,0.405612
57.09446,15.1692
1.5398867,0.1535
4.823352,0.099
