pred,true
69.55749,92.790225
-0.994092,1.3885725
0.6088092,0.555048
-1.0465001,0.035175
-0.994092,3.549015
16.467691,4.8047535
1866.2205,2480.0
9600.093,13280.0
2215.003,2830.0
-22.991377,0.0776
15.754407,19.284
11.742357,0.076138178
0.6088092,0.405612
55.937103,15.1692
-24.058645,0.1535
-4.3719435,0.099
