pred,true
899.51764,16.545
-29.094946,0.594
144.28195,98.76
3.071192,0.00765957
43.05806,59.1108
43.05806,15.1692
916.3383,43.017
-46.5356,0.132
128.41776,3.549015
1551.8734,770.0
4150.949,2830.0
6606.6997,13280.0
5021.521,10947.075
57.109394,92.790225
2.64255,4.8047535
0.17530528,0.0776
