{"rf": 0.6390380617440743, "xgb": 0.800447490498263, "lgb": 0.6340796034626268, "cat": 0.7039165291739329, "lr": 0.6606199517090878, "ridgelr": 0.5857713801637403, "svr": 0.5980759160879314, "gsr": 0.07205871031361466}