{"rf": 4.710732292917165, "xgb": 3.7996275506700785, "lgb": 5.514910484456271, "cat": 4.62675681471277, "lr": 5.005554406375738, "ridgelr": 5.701573008421567, "svr": 5.459372250319474, "gsr": 10.145810301780696}