{"rf": 49.530702133962805, "xgb": 27.382321681815313, "lgb": 50.21109497917166, "cat": 40.6281678094215, "lr": 46.56926479098417, "ridgelr": 56.83988312896721, "svr": 55.15147158424183, "gsr": 127.33083116556851}