{"rf": 10.884094022528933, "xgb": 11.515464549403038, "lgb": 9.86027721816221, "cat": 11.14264809618482, "lr": 11.726483546545328, "ridgelr": 11.724403396399806, "svr": 12.077506226189836, "gsr": 14.650862970959642}