{"rf": 245.20428192845583, "xgb": 245.0725553733766, "lgb": 194.4562602848437, "cat": 239.9630595104779, "lr": 241.1669636215149, "ridgelr": 244.056358581318, "svr": 251.43074405285554, "gsr": 392.6554798605959}