{"rf": 0.384049736661507, "xgb": 0.38438063221378527, "lgb": 0.5115281683163456, "cat": 0.3972156255406868, "lr": 0.3941914326171557, "ridgelr": 0.3869333065665719, "svr": 0.3684089372634355, "gsr": 0.013654067052533359}