pred,true
2.71902682487949,0.177321375
4.169291448387358,5.4021825
-0.8114154273688988,0.0329
-0.4111528606963422,0.035175
-1.2603302955145033,0.0044
1.3926336029799935,3.68253
1.3926336029799935,4.50087
-1.1377127508545968,0.0306
0.45786962628639344,0.076138178
