pred,true
92.99498,88.56
83.47571,75.7692
94.51155,103.0
68.35187,85.7143
84.73734,77.8462
96.17523,52.0
83.69802,56.41
79.28527,65.5
63.17361,66.1479
82.97766,85.7977
83.513374,102.028
101.70988,85.6
98.58478,107.9
50.852646,52.5
90.3786,103.327
54.946457,51.5
90.11913,94.3868
99.677155,81.0
