{"rf": 4.149587868172296, "xgb": 4.131586468903457, "lgb": 3.9029760972739362, "cat": 4.35763096753535, "lr": 5.731614341501853, "ridgelr": 6.335884820952808, "svr": 6.695148083506078, "gsr": 7.514899889424174}