{"rf": 33.36060342776635, "xgb": 35.035309125357614, "lgb": 28.04720918689132, "cat": 36.766623861854136, "lr": 54.668172521765456, "ridgelr": 63.07370956759548, "svr": 75.74587322524815, "gsr": 88.68805244320004}