{"rf": 0.6311875203521886, "xgb": 0.61267309622475, "lgb": 0.689928847066096, "cat": 0.593532840491647, "lr": 0.39562531267688694, "ridgelr": 0.3026993268698108, "svr": 0.1626043759136231, "gsr": 0.019524313835177498}