{"rf": 0.7890839332903428, "xgb": 0.8855293559508584, "lgb": 0.7770862617675671, "cat": 1.4821720850030187, "lr": 2.843531794144407, "ridgelr": 2.865116320068753, "mlp": 2.3015033603293746, "svr": 4.1956796676462, "gsr": 4.448065687867509}