{"rf": 0.7674785927557067, "xgb": 0.7390587701573896, "lgb": 0.7710139777108889, "cat": 0.5632445112067674, "lr": 0.16208911824964722, "ridgelr": 0.15572875006713727, "mlp": 0.32181004130982793, "svr": -0.23635179923045957, "gsr": -0.3107230417748852}