{"rf": 0.9602727252937184, "xgb": 1.1092068253429854, "lgb": 0.7486012935508379, "cat": 1.152629097875715, "lr": 1.8581224170254722, "ridgelr": 1.8651270316134296, "mlp": 2.411430751219426, "svr": 1.738705663156153, "gsr": 2.2631354475250203}