{"rf": 0.5195267949956061, "xgb": 0.47046731857790114, "lgb": 0.5805565143981458, "cat": 0.4190615758479232, "lr": 0.8281350169751275, "ridgelr": 0.7956133705705986, "mlp": 0.986749937418825, "svr": 0.6830735994782081, "gsr": 0.6659377547564963}