{"rf": 0.5075368824153269, "xgb": 0.5072849184197391, "lgb": 0.515087972380124, "cat": 0.6680144597197518, "lr": 1.0190051154711486, "ridgelr": 1.024935625586766, "mlp": 0.9296147588972039, "svr": 1.0198309364499611, "gsr": 1.0507373406738612}