{"rf": 0.501023881278549, "xgb": 0.42363486748028156, "lgb": 0.6110124154452041, "cat": 0.401071822166442, "lr": 0.03448396759045558, "ridgelr": 0.03084423555581972, "mlp": -0.2530256510628113, "svr": 0.09653520239752789, "gsr": -0.17596856809773986}