{"rf": 0.5680588215253022, "xgb": 0.5764295212084425, "lgb": 0.6840120140389196, "cat": 0.6133488044595083, "lr": 0.02420434397216098, "ridgelr": 0.14598631720952082, "mlp": -0.4808778981930386, "svr": 0.09929879287472743, "gsr": -0.1843624624421667}