{"rf": 0.8312648983748792, "xgb": 0.8151556011645418, "lgb": 0.6081145631106039, "cat": 0.7441049448040058, "lr": 1.877905412276281, "ridgelr": 1.643537668120635, "mlp": 2.849929288737981, "svr": 1.733387171028842, "gsr": 2.279289382544203}