{"rf": 0.5506598658274549, "xgb": 0.5298171914791963, "lgb": 0.48680289607188826, "cat": 0.5332600174756004, "lr": 0.8907600431373589, "ridgelr": 0.885498816456441, "mlp": 1.0729563149447758, "svr": 0.6817640140843081, "gsr": 0.6501217994943774}