pred,true
0.18207191548056284,0.17
0.2844245080660777,0.28
0.038222230759961784,0.06
0.22178457777879218,0.31
0.20065395577153672,0.21
0.034298820736875124,0.05
0.21385655004174858,0.3
0.14423829802516236,0.28
0.27582469764574885,0.34
0.2853370798454476,0.31
0.27524885778124125,0.35
0.21831996798971914,0.03
0.14776587399983648,0.15
0.15738122466572974,0.12
0.07902815122338641,0.01
0.08675904603202461,0.07
0.240136751093802,0.35
0.04561148420737493,0.2
