{"rf": 0.5690204333587209, "xgb": 0.6148029769885313, "lgb": 0.6325721852689723, "cat": 0.5384826748181434, "lr": 0.1153387699296945, "ridgelr": 0.12034901220218486, "svr": 0.07037680957907311, "gsr": 0.13755795053232156}