{"rf": 65.01849101659559, "xgb": 58.111639434489476, "lgb": 55.43093900602696, "cat": 69.62548200415237, "lr": 133.4618684786328, "ridgelr": 132.70601270866305, "svr": 140.24492512776305, "gsr": 130.10983579256705}