{"rf": 0.6751460470837121, "xgb": 0.6597336516258054, "lgb": 0.6294689289664821, "cat": 0.7068723266869352, "lr": 0.2443763769998497, "ridgelr": 0.2393786773436989, "svr": 0.33183921360945146, "gsr": 0.3789120528951724}