{"rf": 5.655697890222478, "xgb": 5.833432823564009, "lgb": 6.1713928712014745, "cat": 5.29572898490101, "lr": 9.576372893698506, "ridgelr": 9.589650297890726, "svr": 8.231054866657422, "gsr": 8.325514354769075}