{"rf": 63.39511415388719, "xgb": 66.40283673404193, "lgb": 72.30898480642804, "cat": 57.20374385019023, "lr": 147.45963657647872, "ridgelr": 148.43493559120293, "svr": 130.39130029393604, "gsr": 121.20505523434502}