pred,true
-10.275907405017767,92.790225
85.78196297466869,1.3885725
-45.42930387051025,0.555048
45.904305302647344,0.035175
85.78196297466869,3.549015
559.2942950618167,4.8047535
1393.8347873940183,2480.0
4603.992617236723,13280.0
7110.41942985977,2830.0
135.8635684672781,0.0776
-10.173659429697102,19.284
1645.7146078706185,0.076138178
-45.42930387051025,0.405612
0.9153317220732262,15.1692
1740.3280782537504,0.1535
-8929.309956658148,0.099
