pred,true
8990.889586260899,16.545
-2673.335575284515,0.594
83.28532895969923,98.76
744.6076689851391,0.00765957
-520.4143150792117,59.1108
-520.4143150792117,15.1692
8417.027197388978,43.017
-1316.6904849564562,0.132
-1449.6641302191629,3.549015
4476.836828621808,770.0
1185.2161029757756,2830.0
9341.507273944659,13280.0
4644.685576421134,10947.075
-781.0838294706601,92.790225
-206.48013582209444,4.8047535
-1026.7072312591163,0.0776
