pred,true
596.4611625642091,92.790225
2674.178226731603,1.3885725
12.023512377006988,0.555048
-70.3774419726524,0.035175
2674.178226731603,3.549015
1720.974085721087,4.8047535
585.0694360696435,2480.0
7971.29744599082,13280.0
4386.542447286604,2830.0
217.35266652715654,0.0776
-565.9637110218231,19.284
1032.0049231697997,0.076138178
12.023512377006988,0.405612
53.810094745946095,15.1692
176.63033470695814,0.1535
-176.75239681376343,0.099
