pred,true
41.68093,40.7
35.51577,30.39
33.391304,37.2
21.612885,30.98
13.058808,26.7
18.14696,12.09
39.60575,42.3
11.22046,12.94
17.455488,14.64
34.757362,35.42
13.198034,13.65
5.0940223,7.15
15.679812,16.95
15.894076,13.35
