pred,true
7478.270396762039,2830.0
-2096.262491450159,17.671425
-900.3019505046303,92.790225
3605.680859152227,5.4021825
2335.364070623067,2480.0
5519.383970718529,13280.0
3605.680859152227,5.55165
