pred,true
0.2401875221238937,0.27
0.0561511209439527,0.05
0.13883973451327442,0.24
0.22796743362831853,0.21
0.08568026548672565,0.03
0.07240356932153393,0.04
0.2429831858407077,0.25
0.0941497345132744,0.14782
0.13954867256637185,0.12
0.025220501474926237,0.04746
0.07235775811209438,0.06
0.17540973451327438,0.28012
0.023622270691943257,0.20367
0.11944091487568469,0.05
