pred,true
0.0,55.1
0.0,59.3655
0.0,25.78
0.0,62.5
0.0,53.0
60.79999542236328,60.6
0.0,67.74
60.79999542236328,42.9
0.0,68.4
0.0,54.1
0.0,56.55
63.159999993683996,63.64
0.0,63.33
0.0,30.68182588
0.0,62.73
0.0,43.6
0.0,33.7114
0.0,48.48
56.339999994365996,53.43
0.0,53.0
0.0,42.2
0.0,46.8214
0.0,54.0
0.0,14.9
0.0,52.5
0.0,32.63
0.0,43.0
0.0,54.0
0.0,40.8
0.0,55.95
0.0,55.7241
0.0,60.5
0.0,48.8
0.0,50.1
0.0,63.4286
