pred,true
349.3669244898483,92.790225
24913.43888344177,1.3885725
-6159.567041731374,0.555048
-531.2929496087127,0.035175
24913.43888344177,3.549015
1542.916455379087,4.8047535
6025.520573205216,2480.0
4899.689774623621,13280.0
7157.545389396195,2830.0
6151.767272705054,0.0776
-129.00291480447777,19.284
3276.212169091952,0.076138178
-6159.567041731374,0.405612
167.96769522672548,15.1692
17851.58762746441,0.1535
3353.2235685701016,0.099
