pred,true
245.44838968681597,92.790225
9676.04735154341,1.3885725
-9245.56664332432,0.555048
-1045.3932458772288,0.035175
9676.04735154341,3.549015
-1945.431156902875,4.8047535
2549.2971691531484,2480.0
5364.571547463817,13280.0
7107.791801259851,2830.0
1686.596784283196,0.0776
-94.13937561582406,19.284
2689.5394202841276,0.076138178
-9245.56664332432,0.405612
117.72129555522497,15.1692
2475.5754629091516,0.1535
4157.559310710272,0.099
