pred,true
-466.49038965387444,16.545
2481.116273638716,0.594
576.0651857252997,98.76
2616.7440700816296,0.00765957
114.7036477059628,59.1108
345.3115720024398,15.1692
-3608.248673013448,43.017
2436.1381615114005,0.132
-1478.9152197551775,3.549015
3268.081109001094,770.0
5512.406860213043,2830.0
3885.7974137760357,13280.0
1593.6608477452246,10947.075
1898.1117713298809,92.790225
-3675.5517893984797,4.8047535
823.7011425882847,0.0776
