pred,true
26.152268297532025,14.697
26.152268297532025,8.66667
26.152268297532025,24.5
26.152268297532025,9.51515
26.152268297532025,7.15152
26.152268297532025,9.36364
