pred,true
9.110114,9.36
8.262781,7.36
38.37015,24.5
9.752812,5.17
23.972612,14.7
39.358566,45.38
8.84125,9.8
35.507492,35.38
18.649464,11.8
24.128756,33.3
42.075813,40.7
12.370472,10.92
