pred,true
40.59039095563712,40.7
23.16827505344331,30.39
31.714523372352616,37.2
21.067070082161578,30.98
11.757142213922563,26.7
20.300741544206446,12.09
39.08550230720384,42.3
8.47367540091959,12.94
10.307128000902523,14.64
21.908052345821986,35.42
12.581230146043524,13.65
10.733930051103513,7.15
13.318515504985996,16.95
25.134934927018705,13.35
