pred,true
40.819108280254795,40.7
35.33267515923573,30.39
34.83280254777071,37.2
20.193566878980864,30.98
12.608025477707026,26.7
14.634012738853494,12.09
35.759936305732495,42.3
13.822038216560536,12.94
15.660636942675149,14.64
34.590254777070115,35.42
18.80694267515924,13.65
10.751592356687876,7.15
15.35936305732483,16.95
22.294522292993644,13.35
