pred,true
0.2019187700400717,0.17
0.1868680967283322,0.28
0.03346840273506782,0.06
0.26864105168880265,0.31
0.23125889873988936,0.21
0.0338795986569313,0.05
0.1937895226737193,0.3
0.1952602844271693,0.28
0.3647913700341476,0.34
0.36971234054125396,0.31
0.21228705177716256,0.36
0.14061376730526876,0.03
0.12072249507467916,0.15
0.12340362608693958,0.12
0.020312955210497252,0.01
0.10841017156256151,0.07
0.3124420527161633,0.36
0.20082665123188398,0.2
