{"rf(k)": 125.43532149209614, "xgb(k)": 104.66511380225428, "lgb(k)": 131.02661035477905, "cat(k)": 149.63038215854897, "lr(k)": 358.31429030861074, "ridgelr(k)": 351.8144056104984, "mlp(k)": 349.5258335209599, "svr(k)": 329.9720104105628, "gsr(k)": 1427.1478105403814}