{"rf(k)": 8.375590342842576, "xgb(k)": 6.874522940674517, "lgb(k)": 7.5531509270265, "cat(k)": 9.247154304581995, "lr(k)": 15.141093773566972, "ridgelr(k)": 14.98811437378168, "mlp(k)": 12.228762026847525, "svr(k)": 14.215711022773606, "gsr(k)": 28.853054298875843}