{"rf(k)": 0.6894972649376376, "xgb(k)": 0.7409118602748495, "lgb(k)": 0.6756565822357069, "cat(k)": 0.6296047847130242, "lr(k)": 0.11302840516286738, "ridgelr(k)": 0.1291182270116602, "mlp(k)": 0.1347833609208029, "svr(k)": 0.18318691651009922, "gsr(k)": -2.532763285809995}