pred,true
-15807.320916381082,14.697
-30.27587465941906,8.66667
1821.2608657078817,24.5
110.52231866191141,9.51515
90.22984917950816,7.15152
-4.74538896465674,9.36364
