pred,true
40.909263739504816,35.76
52.95937283809316,50.0
57.32883840612258,64.1
57.867675385297915,42.9
49.50166101368476,32.0312
56.445026551471976,68.4
52.045047113891314,55.0
58.80739574733677,61.6828
58.679907793856735,64.9
45.14788493244787,43.6
56.956868568660866,56.55
63.19637644751896,68.5241
54.54662654788024,58.9643
50.970175478065926,49.66
49.81194840446349,52.993
57.792017729217264,57.625
