pred,true
218.45483787358518,200.0
259.2058350930129,170.0
19.524212751631246,3.969924812
9.76028723921872,2.706
16.583582247343386,0.368384545
19.47257860854844,0.774
18.27375039909292,2.177509091
18.67473140152635,0.527
11.834989851853209,1.042185455
22.462937985600153,14.66
