{"rf": 38.588257437857166, "xgb": 30.025421477740046, "lgb": 70.95671309067608, "cat": 34.921665815983225, "lr": 39.81441391365187, "ridgelr": 54.18977466996579, "svr": 59.53757205459753, "gsr": 120.72879331005416}