{"rf": 0.7187826620948174, "xgb": 0.7811855300527913, "lgb": 0.4828930019968837, "cat": 0.7455034627619463, "lr": 0.70984687481462, "ridgelr": 0.6050844172243164, "svr": 0.566111593779663, "gsr": 0.12017198709132049}