{"rf": 4.618549999999998, "xgb": 4.130978167397635, "lgb": 7.117883273965394, "cat": 4.2063121187901, "lr": 4.631929121512395, "ridgelr": 5.85976380464206, "svr": 6.24925535810888, "gsr": 9.340428869484317}