Material_Main,Turning times,V2_Ventilation Interval (min),M1_is Enclosed, Composting Method,Additive_4,Additive_2,Additive_1,Material_3,Material_2,Additive_3,Period (d),V1_Ventilation Type,V4_Ventilation Day,V3_Ventilation Duration (min),Application Rate (%DW),Compost volume (m3),V5_Ventilation rate (L/min/kg iniDW),Initial Moisture Content (%),Initial TN (%),Initial C/N (%),Initial pH
1.8817355114708039,1.404816586813115,0.30304116965725764,-0.009583845680563745,0.18388853868615337,0.0,0.1926159049613421,2.2507710206545886,0.0,0.47569163563250716,0.0,0.2359219251127976,0.35333828007615115,0.7307343217387007,-0.0877983343811273,1.8613654184218038,1.8940816791595936,1.737034514567586,0.8729914235956427,-1.3227646565106166,-0.8466761336715407,2.172068650581479
1.0040464313638866,0.4718200761837717,0.10513062866813767,-0.020102107177763725,0.17344780946587357,0.0,-1.589389491966018,-3.289049463816241,0.0,0.2369486946360922,0.0,-0.2258951243063084,0.34938787730248616,0.5686073836432779,-0.10640647987113894,-1.2027036423855075,0.20654126237612563,0.4676717605943666,0.19619409742255575,-1.0283657122845573,-0.8607185522761818,-1.029175852313776
1.0316395952403858,0.1609108897674341,0.12958424446404218,-0.020102107177763725,0.1513901635518764,0.0,-1.6149972835744821,-3.519885911132364,0.0,0.13836295515099922,0.0,-0.1908263651148023,0.3843678496269059,0.5005874226808961,-0.14615079980227824,-2.917994591020857,0.1544822679714123,0.45498408834450166,0.05878140601953609,-0.9693679134816261,-0.788590875565729,-1.341384452477814
0.9854172334061201,0.2715952328960016,0.13534526026616017,-0.020102107177763725,0.14229847716862334,0.0,-1.6149972835744821,-3.4700697169678407,0.0,0.15388916458252716,0.0,-0.16328340334806565,0.3813974165669212,0.4783188573330239,-0.14854116858911792,-3.3144490234356945,0.16227885426725883,0.4350315884148143,-0.03726024130426209,-0.960312359987927,-1.0619476436125561,-2.486827347788593
-2.4990834899589536,-0.2568839046266483,0.07483263816465614,-0.016713086137994874,0.24697759486517606,0.0,0.16043573880040896,0.06377473021608407,0.0,-1.4531009124605332,0.0,-0.1973782147476943,0.5661727802389166,0.3889201467282917,-0.1624243008797934,-1.1877357054228075,-1.659949051307848,1.0424471305155731,0.11136573233801224,-0.02233734782718339,0.02518821957454537,-0.585906402083017
-3.2779001971419626,-0.0421418021694432,0.021834882107574293,0.002519536488555922,0.12736794600833148,0.0,0.09838693453177048,-1.1033790325703787,0.0,-0.6799649273491963,0.0,-0.9822795780801409,0.14028927800462124,0.635515267603992,-0.16909463991459012,-1.0968614739049316,0.6320233091885464,-2.2126536478549723,-1.0202101598636253,-0.04027063883741053,-0.5238588395010184,0.2546343625099605
-3.141610576647887,-0.04111274256674059,0.014726719507927734,0.003251719716622159,0.12399480895737337,0.0,0.09635331654646227,-1.3357170657150648,0.0,-0.6112846234782083,0.0,-0.7795871193305202,0.16057796896161944,0.45318552080227376,-0.16972579449217043,-1.3411359147395878,0.6348406433347066,-2.537392268739604,-1.5351383473754934,-0.060427653902008514,-0.5836291503291509,0.4180187199513212
-3.1467986237309002,-0.035760507344747436,0.017496714520091973,0.003251719716622159,0.11987732282297717,0.0,0.09635331654646227,-1.3686916985736919,0.0,-0.615469282253879,0.0,-0.8512465759777498,0.16057796896161944,0.4494828928814249,-0.16972579449217043,-1.524557950966151,0.6348406433347066,-2.5351751692938227,-1.3335747772868183,-0.08476302064416819,-0.6070782054282802,0.40377987476115473
0.8987738054996743,1.238497897622998,-0.666249598314155,-0.03323432402572146,0.1702153381427011,0.0,0.123987612491099,0.7679965404954665,0.0,0.32998334546534264,0.0,-0.5885630659001106,-0.6200574592161768,-6.4398530218492835,0.4269465823468973,2.016488659210175,-2.7645209853994244,1.178845686399259,0.7802312419564418,-1.4535284598266751,-1.5835080227431593,-1.1204469431774695
0.6863812202707179,0.6612953474188253,-0.491052949698059,-0.02415166472220564,0.15006481076289246,0.0,0.10848022881646995,0.8932523108874872,0.0,0.2889327962045913,0.0,-0.37273827296991163,-0.4776200607248878,-5.926443957433454,0.4308378224292583,-1.5071703338046734,-2.5710340976606747,0.6602500117456107,0.4514256068733972,-1.3844012472976905,-0.7885963155394186,-2.0360574011674615
0.5088670872461313,0.8411282660654613,-0.09227725983514946,-0.02415166472220564,0.17034422789328257,0.0,0.12344115902180451,-1.9352794152424544,0.0,0.24342264639815195,0.0,-0.28071341879021355,-0.5101404594515218,-5.950474863085622,0.41026161136318917,-1.9842100570657601,-1.8487470143835436,0.36931785028371406,0.6480090907958664,0.6647634405070063,-0.44935155892164774,-0.19717624251396412
0.48702765942243104,0.7679366926201778,-0.27801369898567785,-0.02415166472220564,0.1508110175772733,0.0,0.10821382611519925,-1.9778562919504696,0.0,0.21881099045188387,0.0,-0.2852189000619984,-0.5687614828967197,-6.0634125583202145,0.4772114751701257,-1.9634078014663316,-1.7949501379163098,0.5738755451756051,0.4291363323295317,0.23517919240225418,-0.7972603420756321,-2.3648131091123377
1.1701833026961028,2.8667149913310492,-0.6923050990843874,-0.030598180846494794,0.19544487629836163,0.0,0.15007602936679248,0.8585443772223493,0.0,0.4602792254398859,0.0,-0.44470065882194126,-0.7182791665494012,-1.5149529074590755,0.572632369112941,1.8829532931210098,-2.233579858231945,1.6239768058722202,0.8384011013229016,-1.2888502361019238,-1.8298780643939636,-1.8591191651292538
0.9941082524736335,2.585777346524937,-0.16549692054552056,-0.025334498393441256,0.21623910270038588,0.0,0.18591293534844075,-0.9881464049085474,0.0,0.4849957015265021,0.0,-0.3089500918918688,-0.5229339399725956,-1.4020663981001837,0.5980873800599034,1.9844616258902845,-1.4725170049238612,1.3601415822708274,0.9567984551687689,0.4557823723219969,-0.6964526899355237,0.11029114661151254
1.05539526235881,3.01213708293347,-0.4641073295517364,-0.030598180846494794,0.2165196262362129,0.0,0.167615985343111,0.4194027996504918,0.0,0.4485902606756661,0.0,-0.3439842170479976,-0.510556538168044,-1.5577240599431863,0.526266899402326,1.5823685171406363,-2.1803302988949325,1.1561161381501655,1.0401778538897435,-1.6526294915167048,-1.564696527079306,-0.2867906848869465
1.1033832173448666,2.8716587806475347,-0.6402060142082059,-0.025334498393441256,0.20615014085160072,0.0,0.18941133631962445,0.47109288902855656,0.0,0.5150284783525165,0.0,-0.3783506527041283,-0.5225641845937437,-1.5223832898674514,0.5980873800599034,1.7420008267367806,-2.1319702080317424,1.3268332046356084,1.06507296028794,0.40464303578080724,-0.8539982342103917,0.21475046004797602
1.0771588383928805,2.7900914601058227,-0.6402060142082059,-0.025334498393441256,0.20615014085160072,0.0,0.1940930436003022,0.4456808956645273,0.0,0.5001547861333502,0.0,-0.2934862618294534,-0.5321013316601376,-1.5386068914907058,0.5980873800599034,0.6797728522612935,-2.1319702080317424,0.9431892857972048,0.9667329717199747,0.32711437192341586,-1.202025939977286,0.4334931338203897
-0.4089997846152179,1.6098737699073162,0.050154975322179,0.1267763180560587,-0.850277695515342,0.0,0.09930603028676302,0.5528691106588162,0.0,0.7568136813145947,0.0,-0.0015913197437604687,-0.760051227715388,2.0524853081315046,-0.14342086584050065,1.6310947614320677,-2.765080165624253,-2.364012537386185,-2.309639222974219,-1.9901811005564667,-1.6032341877347747,-0.27401254072369285
-0.3265348506348507,1.000566922787786,0.024128209626355642,0.1267763180560587,-0.7300210293063512,0.0,0.08874833856984223,-1.4363122839002114,0.0,0.4361494666583981,0.0,-0.008773089815323931,-0.9245828757195236,1.2376324760178241,-0.16471504308208412,-2.9643664888224035,-2.083252966043899,-1.6776989763568195,-2.1217867154727115,-0.3323552430382978,-1.3404281349894298,-0.7983556274954201
-0.2686299924104893,0.9161254736619922,0.01989835483829171,0.1267763180560587,-0.7256763837908309,0.0,0.08874833856984223,-1.278318806737162,0.0,0.45754196171524253,0.0,-0.008567555138372755,-0.8860632382563777,1.226496679391937,-0.16471504308208412,-2.581373725879472,-2.07455352285118,-1.62181385507154,-1.6577178579025245,-0.868944879033098,-0.8346322190610913,-0.47897344107589507
0.2692497339008992,1.129756331465891,0.07205969738020616,-0.012793034448299307,0.09234753744968521,0.0,0.13888667531313253,1.1797358791245887,0.0,0.39345684136741327,0.0,0.24241328189350186,0.23256712184754252,-0.3712972761203513,-0.15102029359951902,1.8089555751117083,2.22655353266834,-0.11122660393028438,-1.830555871319511,0.1867403217232809,-0.25798577361204833,-0.2655301751241513
0.05797244601471313,0.8803641257189553,0.09254960442138858,-0.023926282084390186,0.08647178596478768,0.0,0.09362080488007632,3.6178416205047212,0.0,0.31566766718961864,0.0,0.22457681798698398,0.3531804311577151,0.7498440068891008,-0.1391808318397201,-1.3219935232682543,1.867863975881495,0.1437495468521468,-1.3796882115150109,-1.8400775855085143,-0.18567936097189044,-0.47415236012711337
0.014197091782779813,0.5444786546802393,0.06122814980261819,-0.014910506767918776,0.1022541416457016,0.0,0.13820904194842526,-2.2919929031812605,0.0,0.24179851108239175,0.0,0.3719966510108782,0.375355838997658,-0.32003550937850944,-0.0932060361196621,-2.851267098324216,1.2202036534776208,0.23427607637429657,-1.136991666795758,0.17181419550706786,0.38747366147661116,-0.9787533233169801
-0.16394004669255666,0.6711601121406345,0.3051264400878771,-0.022797340026129303,0.1627544859327081,0.0,0.19170944018799047,1.4709703611603029,0.0,0.32451471880539157,0.0,-1.1912997352180408,0.7248040818229153,1.2146737533084486,-0.06950682231160996,2.3910006733399696,1.6202657531742506,1.712941478207534,0.4780540894222896,0.7442622419048468,-0.6739630751431273,-0.43127253818431194
-0.41122953113215016,0.6213657575297016,0.13170008146098908,-0.014913899371067595,0.1412042098755624,0.0,-1.4144123396818933,-2.6528018495565955,0.0,-0.033501525448965286,0.0,-0.871538622455178,0.5149008272388527,0.3148762366737799,-0.07049220574353172,-3.0391455802238267,0.2815022840951876,0.534702649797511,0.07907711213650069,0.4699942590216929,-0.560168476736541,-1.599634152880425
1.350080373164304,0.9137723005266837,0.06073142254997729,-0.008709294444640027,0.15772763916771937,0.0,-1.2720676917596792,-1.5301562707734793,0.0,0.45328745485322075,0.0,0.2347256598379337,0.19904877003690755,0.3673667482069768,-0.12086031021404843,0.18415825855189044,1.0820477082653202,0.7739093245197964,-3.07261621282446,1.121448035037824,0.89637820968838,0.9099177511918046
1.350080373164304,0.9137723005266837,0.06073142254997729,-0.008709294444640027,0.15772763916771937,0.0,-1.2720676917596792,-1.5301562707734793,0.0,0.45328745485322075,0.0,0.2347256598379337,0.19904877003690755,0.3673667482069768,-0.12086031021404843,0.18415825855189044,1.0820477082653202,0.7739093245197964,-3.07261621282446,1.121448035037824,0.89637820968838,0.9099177511918046
0.9578970992655192,2.268753762963153,0.054276444659822606,-0.0051010029467615185,0.14860627361969492,0.0,0.24096367218067277,4.413202344750849,0.0,0.7173888276591075,0.0,0.500000279842953,0.303767846467228,-0.13044708826568518,-0.12849833280017045,-0.33444947718476936,-2.3268872406278778,1.4867358063189047,-0.6137529078819557,0.4159381958301299,1.1309335564221175,1.008998791895059
1.3959080709762302,0.18623895236716514,0.24597321311290057,-0.021910998509843287,0.4180005931310086,0.0,0.15980872970097632,3.094901064714437,0.0,1.230034709015839,0.0,-0.05147570313917964,0.7784574641452795,0.9438454827720351,-0.10437611299291745,-0.6452075129649073,-1.5070314044711715,0.6898817668916937,0.319432158126085,0.9903233944765507,0.14777330726951293,-0.5918270671447009
0.7596211494394004,2.4318037981953906,0.13573105555153905,-0.01735832060111472,0.12009833235038715,0.0,0.22361341778462396,0.8968799564421984,0.0,0.31049892502542553,0.0,-0.3888208983074989,0.06561999120743449,-3.682405221365653,-0.2702678968674718,2.330166074695675,1.919422104558689,2.184011450693147,0.4479292201255202,-0.9995477982078743,-0.3355942067241166,0.16361865800000966
0.5191130759559358,1.1368258136184202,0.023960886787415807,-0.008709294444640027,0.11843212496586987,0.0,-1.9112408169408202,-1.2008589670726053,0.0,0.29798930360658604,0.0,-0.19872913135416656,0.054423526036941026,-3.6952614476839054,-0.2799347435111441,0.4826285592377372,1.2077617468018236,0.0913853790436897,0.1432194142215811,-1.0791870024390402,-0.11908119206023106,0.5988590397448152
0.31563461128493203,1.6239491308839753,0.06642649562147024,-0.017616660668613962,0.12136743518951927,0.0,0.21806246343309654,-2.4754371144204046,0.0,0.3062606583985649,0.0,-0.23269939491315475,0.09823124871943097,-3.93526361568023,-0.2639567413855759,-2.268356530261313,0.6158187732344749,0.3605249776576565,0.30572732728557916,-0.9351192113102672,-0.2888830978213823,-0.6639126745317001
0.612535418847377,1.2794061005390305,0.11190638218762662,-0.008709294444640027,0.10131780404784393,0.0,-1.9206434536255472,2.669996056356466,0.0,0.2008468096475252,0.0,-0.256706598136014,0.07397542086615153,-3.5267798504291377,-0.2713346241587296,-1.644460595490455,1.598452573738828,0.8299104192715362,0.20564558159910204,-1.3448646523961083,-0.5783812912396538,0.25879113161373035
0.22316649345702116,1.1788663982690915,0.0735379117862356,-0.008967634512139267,0.11817430259775771,0.0,-1.8911002559646686,-2.1172739344783174,0.0,0.21789270187001883,0.0,-0.31357765184972025,0.17415734358400348,-3.829670142307948,-0.3074293437888132,-0.5193216506870953,0.6852269423368422,0.1545777405143009,0.39683094690594106,-1.0196993502645164,-0.22039834389312551,-0.5131714680359342
1.6715773465857704,-1.5870519822288813,0.40931967733132707,-0.015663638808726885,0.16185951544671845,0.0,0.19310098867847736,1.8181576654788159,0.0,0.5621903781697228,0.0,0.6206499952397488,1.2369405774936442,1.4582972143113138,-0.05056476385780345,2.0841448112866576,1.8172242149890736,2.3817000041948044,0.8525293119237168,0.933210480703689,-0.02915142189598562,-0.16977523793349386
1.1001029276729337,-1.0238239607606978,0.13423851225554287,-0.015663638808726885,0.13955677794717786,0.0,0.16043115067171101,-2.016667715563611,0.0,0.4720900771554771,0.0,0.2690408414168575,1.078156268297218,0.8538264061310843,-0.07312322863341189,1.7102341641569545,1.0979702805417548,1.8566881843805847,0.7938063846819827,0.6302646061535988,-1.2350451653545511,-2.3621197454978615
1.5212467283010827,3.254231075906415,0.26243063656796506,-0.024350292315268203,0.15026683120659906,0.0,0.1971079224983131,1.8866862364421946,0.0,0.6095792342255413,0.0,0.39542088738076936,0.3753899931991694,-0.2668048323599649,-0.10291020541142182,2.4552329713985026,2.323868112694392,1.6756118897961239,1.440323710160949,1.427588087975261,0.4367423787275978,0.0630389708269984
1.3374351822785597,1.3134919606364917,0.1239800581061314,-0.003145600691129901,0.1290017454096195,0.0,-1.9756641686037075,-1.8672725151612144,0.0,0.47247983321262255,0.0,0.5805580885006553,0.2159501374470715,0.19860905040358742,-0.14061913468309503,-1.0581052249424523,1.9204671503258741,1.4428429244046235,0.5160466953791084,1.6695383200883962,0.314090940144712,1.4844907782792154
1.1724342728987658,1.2256986380012234,0.059836033590876546,-0.007546441710100118,0.1202086232715865,0.0,-1.9370126510050212,-2.2607345106513184,0.0,0.21148511690739857,0.0,0.5721007608300134,0.2381651626704293,0.23199313664860657,-0.13292266606817585,-2.300449145142907,1.6599597751592507,1.1440812633573116,0.27902161769899775,0.10845612436779539,-0.24686316287400778,1.2113324009041464
1.6191812824419374,-0.2412563148096284,0.19939790762316872,-0.038731428292664356,0.2461165199109914,0.0,0.13571637460971095,0.9846781950630845,0.0,-1.3279597517096904,0.0,-0.3737758036390145,0.6191156690628018,0.643485947590563,-0.1332308664519711,-1.2268698167515917,-2.249506695594616,0.5370529628224313,0.2027475859300828,0.6619803747792216,0.05355444742019641,-0.6441937130732515
1.4904847592673225,-0.21274553866371299,0.1890292398694963,-0.038731428292664356,0.24632322544376886,0.0,0.13571637460971095,0.3353952218554875,0.0,-1.275391745745567,0.0,-0.29325312360275446,0.5565107604259177,0.6036387261881517,-0.13666693682374786,-1.187389812601214,-2.115478052529402,0.3454854478702683,0.23083903710603104,0.6568740129202417,0.043918337967010765,-0.7311458293219023
0.6575836773683309,-0.13058914829282353,-0.6412597222001616,-0.12771254908992805,0.2485452780327647,0.0,0.12007049451103856,-1.6475888526585143,0.0,-1.1938428553995377,0.0,-0.18690991763601328,-1.1660661375373498,0.45551774403685114,-0.14370077525020525,-1.0892392254037748,-1.8017793708228784,-0.0046644139501685385,0.2838113953050787,0.17314116363802193,0.02760478347789937,-0.9819149044540948
0.8945880380999583,-0.13058914829282353,-0.6412597222001616,-0.12771254908992805,0.2485452780327647,0.0,0.12007049451103856,-2.139481052745053,0.0,-1.211522244931417,0.0,-0.18690991763601328,-1.1083243872831776,0.4101154125463263,-0.14781138877112404,-1.1931922913884012,-1.7632567154394716,-0.0034231963009217544,0.27910875834724613,0.11108972987508611,0.02760478347789937,-0.9195613135565152
1.4373403943399217,-0.06376646141051136,-0.8839829819604791,-0.12771254908992805,0.25121083249520315,0.0,0.12792333201024983,0.8693714925404737,0.0,-1.2308063092437551,0.0,-0.28237330692076956,-1.1189528180212072,0.4943812604606943,-0.1332308664519711,-1.241965706132737,-2.3125194568533605,0.28731436824013545,0.2245294458228386,0.29354510158355046,0.08416375530050196,-0.7346512572572876
-3.0962455645005282,-2.4008663494878926,0.044847056414138664,0.003743307567403723,0.4823537526004328,0.0,0.07354997195301073,0.18364695539072515,0.0,0.4011389362388584,0.0,-0.4930436237389107,0.7694113817633085,2.0559791544783366,-0.06163509461824026,1.8524169064054234,-0.42071838187527993,0.8989941566970918,0.6045435404004025,0.8917793828518256,0.6843602322508777,1.515912113031871
-1.904132713029123,-2.2139432170596716,0.016758038427201142,0.0037433075674037195,0.4772531188594159,0.0,0.06755515974541713,-0.9325054580617789,0.0,0.5395220517758375,0.0,-1.0842333739687253,0.7480637607932487,2.033243921187031,-0.04184088503028668,-0.20522686297703926,-0.4739589227852007,0.6587441224490247,0.5191824082448929,0.2882168842792596,0.6840722067199896,1.703102985903078
-1.9523621016307862,-1.7957624764537934,0.020920314798778712,0.0003337606986421114,0.41488745026305457,0.0,0.06416706535277814,-1.2178407342236666,0.0,0.451799488221091,0.0,-0.7786958538471942,0.722899681084979,1.7307315948638105,-0.03882188418591295,-2.242964225124946,-0.6445025168269619,0.24556861700068683,0.6069696400620445,0.4189884419719292,0.2350931809540419,2.0848323284976287
-2.0151057420319796,-1.5923341681613075,0.007204937388028,0.003743307567403723,0.4152785358571735,0.0,0.07362433147753643,-1.1975974280787722,0.0,0.41595134048089805,0.0,-0.5701216859553717,0.7021097108460141,1.6993190746987086,-0.06483715115798312,-2.613078660988666,-0.746077984795837,-0.03692741166715758,0.11985192645602867,0.29093721301810804,0.7462191908123109,1.9197566362605294
-3.2491503368640506,-2.6152878089016536,0.05243316684490914,-0.0001562554659263059,0.4804807967132324,0.0,0.12520294807452598,0.09777275459562801,0.0,0.3423323243717255,0.0,-0.6856680264753575,0.9358762767146455,1.9875511656774427,-0.05742142461091204,1.6506689732078534,-0.6290781073135188,0.4347301082533576,0.5695587698086156,0.7107562549326437,0.12830648665879404,-0.7760867181533787
-1.917290766664281,-2.0492066518537304,0.025866291983239025,0.00023296777832868681,0.4188682381694077,0.0,0.1204053491525862,-1.1540605464448024,0.0,0.4443039589167188,0.0,-0.876944815219628,0.9199038469964513,1.6898959347969253,-0.03403175195776949,-1.847711845136712,-0.7623845233655344,0.30056488876922943,0.8126631986442494,0.4419626990194475,-0.14135466823625364,-0.27005253540015295
-2.230314197327824,-1.818929680254348,0.026512580515226092,0.004522959085555809,0.418864347568136,0.0,0.10219951767637415,-1.0430126291645474,0.0,0.4220535353480344,0.0,-0.7658879684964347,0.7084924120995583,1.6827191475665328,-0.06013720731955974,-2.058060925477163,-0.6417721316569521,0.0047122437844945835,0.3209937735162926,0.2984002559455939,-0.06509428733764965,-0.17332370829059957
-1.6347704184898249,0.057898756833633706,0.058415178513677564,-0.016713086137994874,0.4268619646395297,0.0,0.17260933435409462,-1.2380651496332744,0.0,0.8453934758168893,0.0,-0.05172692726032503,0.6584037149959744,0.8002666369102482,-0.16586037125157022,-0.7548934140834752,-0.5397720027848595,0.7022608436575364,0.25228044472985645,0.1317046002722956,0.09026134445916585,-0.6570269528742075
-3.0638643909014105,-2.51256126872663,0.05165365949097403,-0.0004007181784177632,0.4781498810011812,0.0,0.07013744412345535,0.1956130651074267,0.0,0.3774070194856299,0.0,-0.6037262861084008,0.9898562889066986,1.8934260104298781,-0.04972080323613238,1.7505120053490288,-0.6252766043289463,0.8404478652372261,0.6194704744151688,0.5998824993872042,-0.37894065537492183,1.5947821222813001
-2.278030394243423,-2.1077278822786476,0.048690273661069046,0.0003337606986421114,0.47447753171252255,0.0,0.07114910560061886,1.3376410559354945,0.0,0.48051117568063734,0.0,-1.2293505583149993,0.792668942386319,1.7931385668641893,-0.047778077378425654,-0.07393054481485467,-0.5001744899137454,0.3517229317510545,0.5382382523208127,0.3466710385889835,0.23716644466140974,1.8337982901305745
-2.2744439788640687,-2.2036340413067883,0.04857864243250406,0.0003337606986421114,0.4744183653978799,0.0,0.06466037865929612,1.3595150297322667,0.0,0.47555350957339954,0.0,-1.2685140193463054,0.9595053706348545,1.7812248922662592,-0.0461816437735079,-0.15858446439302953,-0.48254816916506615,0.313974192938005,0.5993418619671423,0.34795766716398135,-0.040403065004354734,1.8802902705137918
-2.293826139588337,-2.0202210534230702,0.04965259842285485,0.0037433075674037195,0.4748037136229614,0.0,0.0714943719790609,1.3610383396820769,0.0,0.4765500550539676,0.0,-1.1500033883532734,0.777656338252472,1.8136255595667177,-0.06689058038193595,-0.2013647148581508,-0.4876989312777267,0.3093158014770809,0.3984990304833386,0.3095608491643183,-0.12798280791855215,1.9223123013738477
-3.203745024947855,-2.3768688166936367,0.04918316369734788,0.0037433075674037195,0.48328653417821676,0.0,0.07968149829560696,0.17999183201720637,0.0,0.3727114081530376,0.0,-0.5688351748685258,0.7721769396324211,2.0367221644077307,-0.058844384845778426,1.8409509320279795,-0.4703190658768879,0.5870803931482736,0.6224401489369991,0.6115783815160173,0.11062620820656743,1.3074044474863253
-2.2886513840459015,-2.173894852001928,0.03970043427207869,0.0037433075674037195,0.47822940936669656,0.0,0.07181343959766222,1.366323731000469,0.0,0.48660719028954397,0.0,-1.2698505925932209,0.7910142347885804,1.8777796204084447,-0.05148037218234792,-0.10223931558400338,-0.44631794328235214,0.4503348140250383,0.7085090732248763,0.42347375541126997,0.6868175071205196,1.6494024386940904
-2.451465365302816,-1.9671272466494534,0.03651084164134987,0.0037433075674037195,0.4184613310432101,0.0,0.06845312724903517,1.9175009653325017,0.0,0.46526379023398523,0.0,-1.2088085375268807,0.7548899672151294,1.6587411283423987,-0.05216366614189646,-1.2567818042285295,-0.604766785451318,-0.023339422775396322,0.5692632633155486,0.3990293444213342,0.6051475294726034,1.620671664255409
-2.4764995500744997,-1.9527774632589485,0.03651084164134987,0.003743307567403723,0.4184613310432101,0.0,0.06845312724903517,1.8787117427661646,0.0,0.46215008490436527,0.0,-1.1450408316055403,0.749104003566379,1.6391960758361335,-0.05216366614189646,-1.5520704357121962,-0.6299889680481913,0.1386850769325215,0.480631085520086,0.35432358375723255,0.4440657960882787,1.8065365756259038
2.229187879300142,2.8389362833404514,0.051172837561992875,-0.026410264779654757,-0.1394949414825668,0.0,0.13456444624711095,1.0359486482798568,0.0,1.028531207400582,0.0,0.5686877076614014,-0.0934776014865234,2.555309282182277,-0.060605622103252786,2.173648822145046,2.707748050420099,-0.8163839714355445,2.698510276874044,-1.4222870645725187,1.1587585672669087,2.233639008038352
1.3847663391982823,2.061968751208881,0.040293551817623875,-0.026410264779654757,-0.13959928540400268,0.0,0.16533273700272177,-1.256778165071874,0.0,0.7985390174406327,0.0,0.38055250034095567,-0.27515077378452474,2.3521326344277895,-0.06163823315073716,-0.00419294290025689,3.0575800878017136,-0.16374517286519244,2.2393685985929306,0.5368029715007361,0.9340092131472417,2.0553552938619317
1.0794395768679863,1.8185067392631322,0.00803398392847659,-0.026410264779654757,-0.14908252583313497,0.0,0.16052402443007238,-1.6816401743267266,0.0,0.7188910245729561,0.0,0.20435363641687873,-0.3884483935073955,1.8664552223179383,-0.12643110725108067,-2.227777240591464,3.0351073635658246,-0.5871294798960954,1.0048023829316524,0.5861161638818054,0.7958997225313709,2.138989922237685
1.2577610120928173,1.7432176374327921,0.05030007501044637,0.04655256404226594,-0.1527122679737412,0.0,0.13206964558121873,-2.5206264469061983,0.0,0.544996716380587,0.0,0.1554205875732709,-0.6541039906959821,1.170072796436287,-0.1272159192309798,-3.7074754617246906,2.8090130992043445,-0.5577077680331081,0.49406025702430767,0.5443306170858775,0.6467331836347456,-0.22814440032026395
1.2783517522734893,1.2844907664086926,0.035332377999336445,0.04578445611936012,-0.14538224368403696,0.0,0.12058478594011483,-2.3955729506047265,0.0,0.592599970693036,0.0,-0.034795574003200706,-0.6326630852857421,1.085153244166013,-0.16473604611891352,-2.8902834933843544,2.5652379884218295,-0.7053280674919572,-0.8402921289853542,-0.03502223341794794,0.6039038921734861,-0.281403520064937
1.2601907399152357,1.1633223370751626,0.0545682240858494,0.04578445611936012,-0.14538224368403696,0.0,0.1308503422158903,-2.482368817881964,0.0,0.5657956883738563,0.0,-0.06747994924686923,-0.6275057809561334,1.052493091369979,-0.17308965621666475,-3.3686411537782375,2.500920671856064,-0.8126227498864677,-1.1293002121024904,-0.04699704662165087,0.5092472247271123,0.8436834734978907
0.23811096259985112,1.2544537423444013,-0.5163769874662287,-0.02208123097235638,0.19348274392700365,0.0,0.12075614806700909,0.6571448819089528,0.0,-0.04383137087760991,0.0,-1.143511079911461,-0.7819145070227279,0.8500899628471457,0.29662768544321527,1.2580511360490132,1.79310643715871,1.570154997299867,-4.28400685926504,-1.4619830077325353,-0.6971736091502225,0.6228614791987568
0.9913768938525774,1.1801304693173256,0.16300384281598543,-0.021397769690577988,0.16353365539817383,0.0,0.1599171238689031,-2.2862326962125863,0.0,0.29718968790280864,0.0,0.16774097015678172,0.699616401811924,1.426644262562572,-0.09193289609334965,1.351577595766994,1.0058940648022863,0.5588003280122391,-0.34778632776625196,1.6430914093077715,-1.1241825039498192,-2.078685592947875
0.7246368120770706,0.8676277090091734,0.21161089508621458,-0.021397769690577988,0.1501316786492864,0.0,0.21118374807874682,-2.7062682162313876,0.0,0.038848092361167146,0.0,0.27291457088742327,0.6355188323720561,1.6978810243675766,-0.0792602093540942,-2.0151906138822,0.8006223173908427,1.0950661775341364,0.16524603802188703,1.7744462468183437,0.37204632736594107,-1.2251553847704004
1.6051785728017607,1.119384218770289,0.36200454022111667,-0.00884210422291438,0.2129154903089492,0.0,0.21272366815341015,1.7387038874228102,0.0,0.46903743833279393,0.0,0.5973214420262715,0.6704646642542008,1.553880251693931,-0.055202193207359494,2.122951002215319,2.009850267138811,1.3642395814055275,-0.38118100989420994,1.7323229026654594,-0.42648151504126725,2.0213285623243102
-0.13270596537513624,0.3543018915538802,0.42986055012308777,0.12118530074191405,0.11263542147250874,0.0,0.13057096318487085,0.6863093844161962,0.0,-0.6990412450019651,0.0,-0.2773627039493077,-0.6147653244893542,-3.271228572861869,0.6893128559843604,1.3471965181301748,1.3821105217588816,1.530613095994824,-2.765551338675075,0.7955138514813168,0.6267777561477494,0.4516035353169695
-0.11309511021421585,0.3343734636930605,0.42950220109217685,0.12118530074191405,0.10669302423068405,0.0,0.13168962685530206,-1.0905037117400531,0.0,-0.8943454249365652,0.0,-0.26585054298911526,-0.6474736465736659,-3.3923283040524606,0.6796931144308127,0.7419493233745196,1.6206149553376341,0.9263319606533632,-3.0071716254708547,0.4636704518478095,0.8109750029237459,0.4232278980891787
-0.10751613823142205,0.44786630866084104,0.4308705749923195,0.12118530074191405,0.10669302423068405,0.0,0.13168962685530206,-1.0951162805239574,0.0,-0.8911490636247783,0.0,-0.33079215432653875,-0.6469225476118394,-3.3824896013793215,0.7028277223639972,0.745404185908747,1.6027188376851322,0.8744614285371034,-3.1240377732380686,0.28561513619385465,-0.3351169951439378,0.2996296706608373
-1.160604277300422,-0.4642499053840027,0.051819987441807366,-0.01945400560176743,0.24515168874440604,0.0,0.10810539676213035,0.2495273567081869,0.0,-2.3335758654950283,0.0,-0.25243386185015665,0.5611270585132822,0.264590999864106,-0.17794505948554815,-1.2411404397621746,-2.4120812224146975,0.5242704868184233,0.1361504612049331,0.1834859986494761,0.00039839515426337135,-0.6701931121530885
-1.1090550149452327,-0.43627134176921456,0.05144365630940244,-0.01945400560176743,0.24535839427718348,0.0,0.10810539676213035,-0.4839839660943978,0.0,-2.6170723009713694,0.0,-0.20402944817672514,0.5074925785026148,0.24617251839315946,-0.18138112985732494,-1.2205179643980841,-2.3173772293579127,0.3494697900197566,0.16471478140391266,0.18437797813357262,-0.009237714298922289,-0.7528369476893794
-1.1090550149452327,-0.43627134176921456,0.05144365630940244,-0.01945400560176743,0.24535839427718348,0.0,0.10810539676213035,-0.4839839660943978,0.0,-2.6170723009713694,0.0,-0.20402944817672514,0.5074925785026148,0.24617251839315946,-0.18138112985732494,-1.2205179643980841,-2.3173772293579127,0.3494697900197566,0.16471478140391266,0.18437797813357262,-0.009237714298922289,-0.7528369476893794
0.3744171058331911,1.44059394422118,0.11728043692553981,-0.012834217645830391,0.13356703054466595,0.0,0.16137491227835285,1.2239813595679996,0.0,-2.0563428758391087,0.0,0.48480987032615386,0.36789007834946746,-0.4663802341859775,-0.13784951233238357,1.8800719262728294,2.2904000375218208,-0.020443785150385797,-0.9025506342166015,0.3614225622591608,0.7574755256704161,-0.92393896443718
-0.1471252825100666,0.9032231195942455,0.14112069867668078,-0.012139618960810662,0.13628360878521822,0.0,-1.2180469443861626,-1.8194739100134445,0.0,-1.6161220702535606,0.0,0.3342129790353,0.34510910786418114,-0.5801064072813555,-0.13206458467603535,0.450986981767587,1.5194152310783222,0.4550780883239161,-0.7717730063891446,0.620080847243026,0.3291820488789026,-0.7214590568785608
-0.1310835545351368,1.5165102285747807,0.140845776175844,-0.018894110728953917,0.13582328547384256,0.0,0.14021070813633282,-1.9844677868668181,0.0,-1.349381381580141,0.0,0.5028610001923696,0.488375153724726,-0.1644890840851638,-0.13645748661121307,-0.05121950030734485,0.7042243302990351,0.8257459579455255,0.3636809314758811,0.2902276151377035,0.021236545702609466,-1.4830417915752148
0.03845546560612785,1.0038800520118327,0.07878116052327967,-0.012834217645830391,0.13227714499928436,0.0,0.15433233115832629,-1.7748159328841917,0.0,-1.9417741292664707,0.0,0.3987395706186573,0.301808524443416,-0.5518485621119816,-0.15120449165445088,0.46279831220271056,1.4396971285726259,0.3828508456631496,-0.8932345833452082,0.04622940800531271,0.5939444964741173,-0.6933706894332803
-0.08256887085069614,0.930910692321445,0.035698413058159545,-0.010716745326210917,0.11711434256309526,0.0,0.15383384693204627,-1.7652114023171337,0.0,-1.4947451476545923,0.0,0.3795667227015298,0.1891271446271991,-0.5523272148522278,-0.19207722466998092,-0.7517390532490792,1.0834115528581467,0.36530200848933175,-0.770225156934851,-0.14074387421881443,-0.27884615363852,-0.9077689315997324
0.09868692104228993,0.36334879095788336,0.07358542489476637,-0.007150671151186464,0.3316657721146284,0.0,0.133951519203236,0.6209771514615451,0.0,-2.559594196165877,0.0,-1.002455410065152,0.2603338967625339,2.744727387608729,-0.09659575749687052,2.7471357704267865,-0.7246565716467656,1.3081829809420158,0.5224175692971655,0.6719423300822003,0.6814230614894737,-0.9128563855546129
-0.15311520565132877,0.3027630925975342,0.0714177838918947,-0.007150671151186464,0.3311140344629347,0.0,0.132357346435789,-0.27177234584440124,0.0,-2.2411803310626217,0.0,-1.058084568917991,0.18168049372726316,2.5759449852880283,-0.08124393728464248,-0.8507131643968653,-0.6700190782667717,0.6448134413484076,0.40210548627856063,0.35087074770460247,0.6264532219430671,-0.9612336023075192
-0.23930657893968799,0.16063205714002493,0.04352590770441271,0.0013939516322618792,0.2384064146209869,0.0,-1.177930121276076,-1.0528489948115485,0.0,-1.3814191748946383,0.0,-0.7288916821698324,0.30425657106414833,1.7341233312348816,-0.08620867137180624,-2.658127113183819,-1.2445918454375304,0.5635195745939866,0.41261188558014966,-0.008093618966981764,0.5116888537379316,-1.1412719981863213
-0.28731997340190285,-0.013447813411938632,0.0638685831921039,0.0013939516322618792,0.23884531243057688,0.0,-1.1827042445870808,-0.19875439910792822,0.0,-1.9911674814040312,0.0,-0.7667197297512498,0.30041047146108807,1.695521806428509,-0.08620867137180624,-3.290633711726674,-2.024776086595992,0.6424217716798991,0.34729660154067105,0.005040336241475797,0.3916813146599239,-1.1066456002784337
1.4112783577034305,2.3767303994975677,0.030508123580735933,0.0768245932013831,-0.145457518848189,0.0,0.18785604533412922,1.1975043359486481,0.0,-0.11076423826537361,0.0,0.5826482113341124,0.16536145379987638,-2.5220594932905396,-0.19113212453559064,2.0855822760693976,-1.7482467279567369,0.35799861363538454,1.353417071276243,0.1251210725802782,1.2494583600899163,0.5982557542459174
0.96046676052836,1.9447993215765853,0.061488936117158347,0.0768245932013831,-0.13715954631539332,0.0,0.21634297810767888,0.572621957815323,0.0,-0.11388064896590991,0.0,0.5344797886261978,0.09138849023350144,-2.8276419449126213,-0.19406484384558223,-0.8198311022273206,-1.4901580418209384,0.7682261129135038,1.2385352110661914,0.6865852144954564,1.324496355251884,0.9076263204695639
1.6386889794219994,0.056950073705198404,0.19939790762316872,0.2129097551786855,-0.3409360662580659,0.0,0.13560474845850493,1.0427669689925771,0.0,-0.8422602592933517,0.0,-0.2830180803910749,-0.7610764469617345,0.4128004722339525,-0.10203956422159285,-1.2388483894101556,-2.4945405051548444,0.44489952531372656,0.20113479495722428,0.5506266931545548,0.1362591231614405,-0.6769222596586282
1.5158114558340927,0.07172881367196103,0.1890292398694963,0.2129097551786855,-0.3399135800299868,0.0,0.13560474845850493,0.5636263136053512,0.0,-0.7847334549697812,0.0,-0.1988650982443102,-0.6535390377782484,0.37939901271482196,-0.10435489465392725,-1.1751065767615083,-2.5045223102891057,0.2964932055536966,0.22976049390281297,0.5511394334863021,0.1356708098643386,-0.7489106828460188
0.1986818876102614,0.1326552894214439,-0.006180183315319046,-0.0017711116623489046,0.17277645696380017,0.0,0.10152651328656892,-1.2497056258582162,0.0,0.06602682350490979,0.0,0.6159003077502334,0.20423327784563283,-0.6650629594981551,-0.18095265049039025,0.4828689442740828,2.0812334782961845,1.845947565184362,0.617105213721993,0.07091490724813489,0.8159310510872332,3.6325796878497987
0.07898751182404459,-0.8368959234932816,0.028917936150017132,-0.004259991541559692,0.11252405402083672,0.0,-1.6333462330688675,-1.9628421139166645,0.0,-0.03635782156757104,0.0,0.18521141486639647,0.20855387402056633,-1.135772188800943,-0.22353354328198521,0.2855663743734447,1.1828402662864987,0.7929311174018808,-0.7819462646334029,-0.5969849321241949,-0.5593375213118912,-2.4767254802190166
0.08068671772432914,0.43369325144592535,-0.011355295235986157,-0.006963704476439859,0.16109049731472602,0.0,-1.4033852566685507,-1.620591584961474,0.0,-0.19942712376719848,0.0,0.5303017791595289,0.17591274650186745,-0.7573240375134977,-0.17616939836853285,-1.4602755009120438,2.2602263453106213,1.444216815546876,-0.4947867729242541,-0.2591900787888106,0.24044312166679427,1.6048300794409271
0.03179763777256812,0.6027806361295616,0.020302859109190573,-0.006963704476439859,0.1739741549370333,0.0,-0.8426911009032939,-1.5126468234416488,0.0,-0.1840957094900786,0.0,0.38635419564228757,0.18898640590691765,-0.6381894401806936,-0.16959609957285068,-0.8965809283332133,2.370297990811459,1.4739754999681491,-0.5501269446853657,-0.2466103001305661,1.064628570838851,3.9539103339344557
0.058953319089088366,0.2372909059389163,0.015025079561736767,0.0006145078529743199,0.17948918274766618,0.0,-0.8313895553016504,-1.4094983261117253,0.0,-0.12982316751063003,0.0,0.65605284902272,0.23946479588932904,-0.14400745846934776,-0.14879398132417837,-0.4392840080078668,2.1014155453701933,1.6409636064087294,0.6416594210944155,0.34549260477179095,1.1305404150079965,4.280662931579282
1.4910400846038483,2.83509561899268,-0.6971472679633752,-0.03323432402572147,0.3040055286277476,0.0,0.21971946215769106,1.2330881040013202,0.0,0.7440791170683941,0.0,-0.024684168493387042,-0.5914400782122102,-0.6185946781329585,0.6154034828893223,2.178181227635545,-1.7549571776133825,1.644887824924097,1.2878049573543338,1.0270405644885456,0.05053847264418693,0.4407124259371069
0.6777309310142545,1.7895386936513988,-0.38202197990512893,-0.03323432402572147,0.22854179684726672,0.0,0.1614026822366866,-1.9117530333877546,0.0,0.6120114009608739,0.0,0.10249200946496168,-0.6310052053346714,-0.38603679830789067,0.8396040189923133,-1.7129694829057487,-1.0627292321061217,0.674454295290364,0.44601671279011856,0.5225088661017089,-0.03645089159967943,-1.7943191598291526
1.6160741929749054,1.859687796394424,-0.7213054182684059,-0.02594898439444908,0.13517465402784645,0.0,0.1683685799382642,2.085930537328213,0.0,0.5257670157057448,0.0,0.12094417213460659,-0.624932095832283,0.34961698836110133,0.6090057392452738,-1.4778264884498937,2.3201642866619867,1.1883955862873943,-0.059649422939940265,0.4048144859350113,-0.44252624215826464,-1.8230291017459366
1.4093532330079084,2.607562232129034,-0.6762146746003264,-0.03323432402572147,0.29108228863712465,0.0,0.18296783676414058,1.0129147052377476,0.0,0.6938496150826681,0.0,0.048677410925014715,-0.5697528893819599,-0.613646999151666,0.6554125100371976,0.6111929839895417,-1.6450785477493015,1.06743955863513,0.8676779668969375,0.7894293403879418,-0.1826766580562797,-1.4955432503322035
-0.1719691779993157,0.15737572154649898,0.24835867298831288,-0.010906364351994473,0.15236860428979704,0.0,0.11496499245890669,2.8350454704886197,0.0,-3.5726316888581606,0.0,0.17011605859326823,0.4587394032026202,0.9385585915516816,-0.07168131538641144,-0.7543831306029876,1.4937711425047304,0.8758861291500846,-0.06373129470227752,0.5793465959576674,0.08328611670750186,-2.0820683316260915
-0.14312528994017057,0.12224670241729947,0.23927324382960752,-0.010906364351994473,0.1687673731376759,0.0,0.12580827211426837,1.408258068497399,0.0,-4.490909024405388,0.0,0.5589650400066418,0.4611859969451541,1.0508808550614366,-0.08145585284148522,1.7114005049724317,1.8485272081119974,0.9464247047936177,0.11618960987550075,0.03724476494949207,0.19728308280392648,-1.9919021118566893
-1.5559486580668471,0.060914808007955554,-0.2599704405698327,-0.11089211930710698,0.4241153509062359,0.0,0.13790391596617882,2.5116774494472542,0.0,0.8318701238080383,0.0,0.032814110376484934,-1.2670709184014495,0.6819418165608403,-0.12920346155906381,-0.8527423472223881,-2.1303715011200746,0.453820910833048,0.24489533504195124,0.24573427823883776,0.09259447848725934,-0.8526383227264218
-0.07692508398071937,0.611359657745648,-0.20403362130573066,-0.02148480520222945,0.10097357921075746,0.0,0.14192900443177203,-2.0910223586146106,0.0,0.11018992247442155,0.0,-0.1934691434705043,-0.49355219928980937,0.5924369700335117,-0.08834897563670714,-1.9758423191212637,1.661464580575882,0.6367517489026335,-0.5590746029169931,0.2820694091426764,-0.14075553579448835,0.3259615774220114
0.24992844566680417,-2.349682829395131,-0.029168073666043317,-0.033785126695189946,0.16638806850017274,0.0,0.1350449268950668,1.0077486737507677,0.0,0.3022332023773384,0.0,-0.2821005310193011,-0.6354001470382186,-2.2144907357260704,-0.1716598201872814,1.2610923228663602,-2.8165893074919697,0.6839535975288633,-4.185291806874082,0.17167870367451288,0.5925179204556085,-0.5222564577290045
0.19752819264402394,-1.6911507432686246,-0.04377784039166459,-0.016579532767183477,0.16171386472009727,0.0,0.1347490188301751,-1.24511991892478,0.0,0.22568623222978235,0.0,-0.36135365902696037,-0.6853666773888706,-2.7803317992200194,-0.1777583181788573,-0.12102256374361835,-2.7306142932895363,0.21760483526755228,-4.186536525565405,0.0856063005964506,0.14068903007775252,0.331113110862906
0.13928254648247823,-1.6203868622587145,-0.023673147708212126,-0.016579532767183477,0.1698233403889124,0.0,0.13394039943760036,-1.3714253990929879,0.0,0.2302383017653749,0.0,-0.3391433720367563,-0.6726171983394476,-2.748541533982813,-0.17736598275902687,-0.7827053199179149,-2.7069935696090117,0.1939797290581207,-3.283752078182565,0.186678807862632,0.30007732092037925,0.3417506218787253
0.29927355334546407,-1.6532557034904523,-0.0241195729014142,-0.016579532767183477,0.1568979989746942,0.0,0.10093226029422787,-1.5096709558502994,0.0,0.2350206020217337,0.0,-0.2610842839828954,-0.5062726067499712,-2.0776056437662382,-0.19119648249714766,-1.1378066946902687,-2.8025300737696472,0.2710571478153546,-3.3323535209108552,-1.510614677774009,0.506988878448765,0.40079061323671994
0.4294732906720801,-1.4477776422457778,0.03413609033934717,-0.016579532767183477,0.1569870376757389,0.0,0.1276919362628243,-1.8609379191133704,0.0,0.21783776270139665,0.0,-0.295371316882112,-0.6584612526949839,-2.1171404310979627,-0.18911671292855015,-1.5959014061308765,-2.85380600254748,0.4001720033830683,-3.5513329195608696,0.7258610408146939,-0.42373045070028215,0.6481544009623986
0.3936860570154778,-1.4914049657667001,-0.0010782814595252307,-0.006513677959991997,0.154517803022979,0.0,0.10145494036745116,-1.881302114916053,0.0,0.13739738125336634,0.0,-0.20883421087603488,-0.6471815157783988,-1.8987243546498183,-0.1691960232705457,-0.8907293804390193,-2.8473246270890584,0.3779329221327311,-3.649765142995303,0.05963903250894062,-0.4172791911450794,0.43040258631648
0.4622172423656078,-1.465398774988186,0.006384428939848159,-0.019753559701049597,0.15758137042398204,0.0,0.06706634780490042,-1.6473265338518894,0.0,0.1052405173801524,0.0,-0.20154524388167536,-0.661847600276507,-1.8267640004148251,-0.14550536655439186,-1.3272969911925254,-2.826646446385289,0.4727895712928357,-3.566559437624159,-1.2731880673296947,-0.10935686393833911,0.33405430604291425
0.032353400165560285,0.08648470301985277,0.23285709348446426,-0.013872848838181148,0.17202338712252946,0.0,0.14500256223035157,1.4459075859986434,0.0,1.1702559173189215,0.0,0.6646779546316441,0.48670776416589084,0.9312901613124873,-0.05796046302112875,2.067379735349226,1.7536510850373068,0.8738557834324893,0.5073210686335226,-1.8641116173976218,-0.41966204087874276,-1.3365156290212905
-0.11528634270092777,0.818031792841788,0.13509631641861353,-0.013872848838181148,0.20727751722196666,0.0,0.17697814380448146,-1.9625604452022383,0.0,1.8385176705155786,0.0,0.07671798977622249,0.65370987053874,0.6928927191931475,-0.08548961803356397,1.272661330542419,0.9564256550705622,1.1171143919064903,0.4831410504175509,0.8484466463975864,-0.6837167759190967,-0.39198718358887186
-0.1503880694190546,0.6414177285360552,0.1042971139575725,-0.013872848838181148,0.20727751722196666,0.0,0.18007462499658633,-1.9815143205935382,0.0,1.3924761303903985,0.0,0.032052961253030476,0.6342685787892803,0.6674454148358994,-0.08548961803356397,0.9036018241210875,0.9574979187228789,0.9954304049751367,0.4845473581665715,0.169147536922572,-0.7621486108481161,-0.3896924304208788
-0.14155214231396288,0.33095254010887304,0.08970017166401521,-0.013872848838181148,0.15373272802059668,0.0,0.14795083552250146,-2.0325709204099436,0.0,1.3826713597949067,0.0,0.12873799193993385,0.6115104103026694,0.5834002674186811,-0.08949113750765669,0.7112479728991795,0.9020133578225396,0.5231769293679588,0.29405582741521336,-0.0982917057304111,-1.166365374650977,-3.244820018046463
-0.4827857801681867,0.3955773691795873,0.030777091131218664,0.033777682049469626,-0.5571269023686387,0.0,0.09585981767150953,0.2905809961526868,0.0,-5.072896207090664,0.0,-0.2716928980046946,-0.3983985491166667,2.213958214116922,-0.07605013779325777,1.320052054052632,-0.8701755824913759,-2.1876185959586376,1.336002634172591,-0.3868350696839114,0.4147301149065352,-0.19947064337216638
-0.528803400883266,0.6710506034726393,0.021171923470946437,0.02922065041561235,-0.5601623203410934,0.0,0.09856152843009429,-0.19569202743732034,0.0,-4.41168956455575,0.0,-0.2106324692614685,-0.4468623742064547,2.108131984118959,-0.08035353517136305,-0.007311810508747035,-0.672290953072329,-1.428355377236946,1.2033664562860273,-0.5832672831169335,-0.06211789283905704,0.23999177452245066
-0.6403584363413715,0.27039277335752593,0.020037897631747754,0.033777682049469626,-0.5716569514379023,0.0,0.0922588601839477,-0.03459899608999954,0.0,-4.427142360663627,0.0,-0.052449822716404845,-0.597830098052736,1.8511965486378195,-0.0443386001283917,-0.8463578901089792,-0.9901925980607592,-1.6177020564827151,1.089291405263781,-0.506762929787638,-0.13506110768345775,-0.03872025131966641
-0.640487537093098,0.38553590498972967,0.03500302724362692,0.02810455374086771,-0.5572391219060036,0.0,-0.8534935677192172,-0.021341528846130275,0.0,-4.293507406028744,0.0,-0.13779370552477482,-0.3368563919348142,1.8974448760621099,-0.058329353493487765,-0.47045445729851904,-0.8645995972053377,-1.3129851963559662,1.2037999350487685,-0.4686182460528261,-0.1257032948628955,0.017556476521554377
1.2649508142423784,2.3054983376577343,0.1505696482574116,-0.018618725933730783,0.13306601917089877,0.0,0.1960459148141219,1.007847508074658,0.0,0.5104053129523523,0.0,0.609239450810797,0.22889184753155117,-0.44791751362386073,-0.14057419042997155,2.1211870229070353,1.7142668889534853,-0.08542891190107983,0.8886310661860941,-0.8153251599058828,-0.11171077536332912,0.0245115629921668
0.7876266800543289,1.1792486168924243,0.055986986107992374,-0.00996969977725609,0.12497293816509421,0.0,-1.4347833635403706,-1.8329822922610697,0.0,0.34555089730146044,0.0,0.5164307207729306,0.14662756538700514,-0.25050570301264474,-0.13957393075903993,-0.9783827260812022,1.3780119457407576,0.20283799602500974,0.5774668147013953,-1.039802287529811,-0.25497205014957985,1.1716368077876707
0.9945365250035627,1.6997316197073449,0.17850450900964937,-0.018618725933730783,0.11761066076946257,0.0,0.1750876215780995,2.283465506191527,0.0,0.3936946737570148,0.0,0.5026820231252352,0.25912362311010473,-0.23308930827048593,-0.16495526836545962,-0.9312226424760098,1.5635078772966644,-0.1985065452015718,0.6442822937923353,-1.1354207257377458,-0.22403968286240483,0.33605193609058664
0.5577975310764726,1.1856491794907194,0.058023803563362154,-0.018618725933730783,0.13108105597002973,0.0,0.17513425948886285,-1.151916214166115,0.0,0.40522122385524023,0.0,0.5457876831832182,0.3234164711710963,-0.12400294375962156,-0.15543151620440912,-0.6398878709783348,1.3521730251613573,0.10259341715732943,0.7078462086081384,-0.8829108012272062,-0.3224790406921147,0.9934847572835492
0.6400664970032226,2.015149482989315,0.1073609070640356,-0.031174391401394386,0.13210605846587684,0.0,0.20099521227375372,-2.166591973907935,0.0,0.4721261225630613,0.0,0.6053422855972526,0.2716269369362632,-0.6063350650920633,-0.183239779959606,1.5137859699235334,0.6847812034183519,0.4492803569302523,0.4380675103451165,-0.8196870121020826,-0.23484182084559574,-0.35432009520622404
0.38833015953921995,-2.951626182216561,0.006346100258946935,-0.030132973182600505,0.29157006536675767,0.0,0.09661120142395728,0.5316421559043674,0.0,0.046807718877215194,0.0,-0.07579097570451498,0.2550985380712814,-1.7211139969205058,-0.2215451584572957,1.8311826923828645,-2.6145839922874705,0.6661254399104294,0.8829662159674025,-3.890628071359545,-1.4580060548348173,-1.0083933443799824
0.5045885083621352,-2.781618732965618,0.0358096109012154,-0.02642809384208339,0.23846833520780364,0.0,0.13018243347743078,0.5836164616477126,0.0,0.3861996655011132,0.0,-0.023422696184069232,0.09950730426754581,-1.7016829222529457,-0.27136117482547617,-1.2752436583919005,-2.7310037006608106,0.13336072741429883,-0.8126580127012454,-3.0241086510001387,0.6633082111966059,-0.3702241890454369
0.47465232844463034,-2.8372969005013675,0.03999915915614615,-0.02642809384208339,0.23699745814662887,0.0,0.11734741714225497,0.829796965293435,0.0,0.2679078122726861,0.0,0.03705649083507359,0.08202357219681874,-1.6319469827608761,-0.2661986030779407,-2.181464101668331,-2.727048728530323,0.22869795587091488,-0.45954147572359094,-3.3376352540033327,-0.452163450283195,-0.654641759158987
0.5001132625904808,-2.869095739305904,0.057775320229581296,-0.023168883716503975,0.21932698550256272,0.0,0.12164168124245424,0.8578942332114745,0.0,0.2345834273145532,0.0,-0.0035266214554420107,0.2783376914324509,-1.6319521588755246,-0.2133916784214424,-1.3727093459979993,-2.9406469393529884,0.5717674262464806,-0.38894081729866153,-3.3134148583639496,-0.8096003395927192,-1.508900343977955
0.49136704790647057,-3.006254635430783,0.03299503923886995,-0.030132973182600505,0.29041666452612336,0.0,0.1127808853414318,0.5784462751340832,0.0,0.11468839061634885,0.0,-0.19944064808013098,0.25335067785355564,-2.111951600687764,-0.2323050615595094,0.017898986319350392,-2.8159702507195172,0.18483545148455857,-0.8293483675496544,-3.885989844628843,-1.3877138033278704,-0.4809389391029161
1.161911485457082,1.1912777310353995,0.0571509963653374,-0.02125486911295745,0.16192463239313493,0.0,0.12762815815885098,0.9970309822790809,0.0,0.5301878807033091,0.0,0.15149169775382312,0.22693586758287448,-0.1847826092873597,-0.15631040886843997,1.6053318997153385,1.0409287465797907,0.7695172310790145,-0.5595521005172723,-3.863076727906014,-1.0784562877532566,0.1922976145403196
0.6168638835242298,0.542938921112162,0.008235806873011174,-0.02125486911295745,0.15315373812882807,0.0,0.12261542551588908,-1.59763033167631,0.0,0.35359537098080557,0.0,0.2066828675955804,0.37430511457201204,0.33726511387119923,-0.18376144638819208,-2.2445844592168678,0.804531202996339,0.6879301731803077,-0.7747854723351251,-2.474980870455015,-0.617281280162714,1.275075526075926
0.08641152478726039,2.166970246865468,0.25390359918965505,-0.007661887669975109,0.14567959187048243,0.0,0.24040359775407336,1.0362559515890744,0.0,0.4672149567894704,0.0,0.4394326317944348,-0.536471010085069,-0.08626903971352344,0.9334315236704886,1.3017230888101947,2.5083328583912268,2.247701283917357,-4.481225293011347,0.9707729021736032,-0.3277323963729108,0.4262765489900619
0.1493906940141166,2.762899277410871,0.009317645515805146,-0.015947108508868157,0.14933596629567594,0.0,0.25949055209292143,1.3365815787228241,0.0,0.5254736576392636,0.0,0.307243058157837,-0.6201439097148507,-0.2983399387599404,1.0081182581180401,2.2018043174823405,2.2307237756918137,2.33889349346872,-1.60892979004917,0.6808501570081223,1.2181032563402285,-0.7213904666475285
-0.3485978877276759,2.120462332173446,0.14851117468997213,-0.032488215795595486,0.15025636088759184,0.0,0.2227353706631289,-2.1000758787728717,0.0,0.4494061606590824,0.0,0.3839367111512319,-0.6176283196375248,-0.3093171610535214,1.0176594826770202,-0.5788867185628281,1.079856616140289,1.414048986921776,-0.8506332342157408,0.2877836406150783,-0.11955469488137041,-0.7101736115725991
-0.10189737776212698,2.4932715562449497,0.015345286366840266,-0.032488215795595486,0.15679239913306017,0.0,0.22678711974499857,0.9714435956379923,0.0,0.5710692349040783,0.0,0.34167764148136126,-0.5981217032046542,-0.34058572795281655,1.0176594826770202,-0.5611602266734107,1.8702006797762982,1.5221831134764967,-1.0958449934095524,0.2420194282269963,-0.11171845371614317,-0.22558209099342683
1.9439302372893066,0.04796562393485847,0.096530491397513,0.060768572413623344,-1.557356605082694,0.0,0.17625580865779503,0.7733389670721701,0.0,0.809476960139233,0.0,0.8233656747051834,-0.3177821406053336,2.605474011204961,-0.12167686844833879,2.072089552910268,1.5994163155211092,-0.8497946152058252,0.5832797732836521,0.5611010915710403,0.02455061049400757,1.888251141197497
1.051352220113154,0.15423179759262426,0.02433365197093979,-0.014745172488465333,-1.1802053915008648,0.0,0.11864593813884816,-1.1815820429202961,0.0,0.49889060841295135,0.0,0.6493226909011228,-0.4499826712355855,1.5485152241453768,-0.13752364676229167,-2.182999932847852,1.4472805579182606,-0.8211067920768245,0.46797583563269324,0.11652303220725842,0.6872976853779927,0.3228132425956009
1.0566114379312102,0.14010837798230796,0.01675925714331055,-0.01474517248846534,-1.1802053915008648,0.0,0.11864593813884816,-1.1866576265982938,0.0,0.4947084973564096,0.0,0.6258143294860226,-0.45178234863275285,1.5456499758215774,-0.13752364676229167,-2.5626878269229953,1.409861993749776,-0.8151452671606696,0.4118777519160189,-0.08289407886983909,0.351178104026377,-0.11188263019558173
0.7841084275993834,0.09462139036846641,0.12090108337709038,0.2129097551786855,-1.723211835486355,0.0,0.14115232325828456,-1.976708320448429,0.0,0.7039352329432556,0.0,-0.13425525688907536,-1.1453324963833216,0.5853948291354785,-0.09157377828663768,-0.8065283954992227,-1.731077613785141,0.05041602196058364,0.25961201691316116,0.45381443709726177,0.14794730241083698,-0.847967488062013
1.7966203699537517,1.2338499967283523,-0.4411304918425325,-0.03782155170648756,0.1587769851170119,0.0,0.22574063038657305,0.8196738017240255,0.0,0.5376022627343812,0.0,0.35250544785106425,-0.6509643373334191,-0.0442962517211,0.4711291174714646,1.8248871909407327,2.299209344905918,1.941576063069006,0.7129645805687689,1.7527388184790544,-0.5635135449996247,1.45713639152192
1.1639091110704376,0.8120154079390404,-0.4880211811104855,-0.12073385718594284,0.12494885850433952,0.0,0.2132145279412759,1.4759619964639215,0.0,0.563960213316064,0.0,0.2193307767594644,-0.8850918171335252,-0.5064620452406454,0.872342703777498,0.9181184403256624,1.9522142378950027,1.5004524763596991,-0.8999057672739703,-1.0191159430298928,-1.2278476835240948,-0.6959774220573345
1.3871879056885401,1.140601281194069,-0.09049920183482504,-0.03782155170648756,0.15049556773332132,0.0,0.22298743315956782,-0.6179214111999536,0.0,0.6914347472497466,0.0,0.3951901630281619,-0.5796310730829258,-0.13018362623152055,0.730322460228061,1.9902463828057815,2.418463071680881,2.533242800212874,-0.5570963962669839,1.7981938165317333,-0.1456482818778964,1.8303189887242617
1.7053078048571007,0.7023585408240448,-0.6014653591980877,-0.10966157296231217,0.12685138585326047,0.0,-1.7651363786653906,1.6523775439052957,0.0,0.5388814748527766,0.0,0.20267725037964426,-0.8322530860798942,-0.27004380267532707,0.6012879253269057,0.9302517491029642,2.339046598412247,1.4063961109805143,-0.951104496610159,1.1478754293695133,-1.0759854412616694,-0.7229039777280437
1.80151482621483,1.558357862658392,0.3065716313259638,-0.03316172548873763,0.1725105051396609,0.0,0.16507251173867235,2.067721370916526,0.0,0.691019784065968,0.0,0.21590707025545572,0.4661249144800475,0.2654887940684053,-0.11297952078997775,1.6452488986519784,1.925941880507935,1.4172745392612784,-1.21197883527502,1.5901862771521966,0.10698599410479277,-0.20470387882778
1.0220222045407243,1.0659858973818541,0.13267784393395993,-0.04217750080520905,0.16943927195126263,0.0,0.16992889400892053,-2.888826952283362,0.0,0.5189586619697458,0.0,-0.030853943189348195,0.37509636763128035,0.20984011403461136,-0.21197683812844928,0.4126618845706884,0.3343515737320055,1.039649834419464,-0.4640209362316329,1.585262899167256,-0.5744672259525557,-0.8112119804247224
1.070371815474894,1.156185614276674,0.13267784393395993,-0.03316172548873763,0.16943927195126263,0.0,0.17789446682911264,-2.5443469977643334,0.0,0.5544113993084048,0.0,0.17556108500762505,0.37119369223126647,0.25140422260214457,-0.15830698840582633,0.512370576367737,0.5529908294851432,1.1427508251297602,0.024756623764821625,1.6228154584992778,0.21164991719233978,-0.2515642047226422
2.0385637109292025,1.0176901473836417,0.27224969089173573,-0.02616975377458415,0.15410398211298854,0.0,0.16360438491856352,3.0253294800814725,0.0,0.5818391973807138,0.0,0.10673656262292149,0.3821627356878881,0.5157932499442565,-0.1484542965957464,-0.6457424704564035,2.2523780570435226,1.6082588848061448,-0.47842725340611264,2.1126707991716263,-0.4468396423337599,0.2781621019013657
1.4922082592256076,1.9481801892785386,0.21080859329440507,-0.022797340026129303,0.1422461638099045,0.0,0.16679059637177915,1.8331728688608948,0.0,0.5262271752982999,0.0,0.6497175846614828,0.5028749160695859,0.006210796998716952,-0.10753929076507035,1.8486868910950114,2.657463590160384,0.7373733015832588,0.9037855552522014,-0.3863740136449268,-0.4561057383626214,0.7040221748931254
0.879658044165091,1.0447303630614586,0.12679109040165804,-0.012801405554724364,0.12716394965023992,0.0,0.19139055708268551,-1.9332930227282374,0.0,0.3620550568721994,0.0,0.7489439067220451,0.42817283898348707,0.3964721289038736,-0.12298425111638314,-2.374011459724087,2.0123054975197787,0.6086168983774629,0.3666789037228571,1.7560277478178357,-0.18444072153802438,1.768738731048851
0.8269166898125188,1.0262286958205882,0.12931097366236316,-0.010415786039401144,0.12346057679195802,0.0,-1.6463048912444684,-1.9977058075799663,0.0,0.27485532099698673,0.0,0.6822614521311599,0.4031241836504676,0.38281971478643717,-0.12057586154018696,-2.356564371685776,1.9901717446131995,0.4932461447435993,0.26318623819998205,1.6031848830879103,-0.2184983463143512,1.690555664246675
0.8115139595263027,1.0775575262601624,0.09392118871627574,-0.0023582339034039874,0.12346057679195802,0.0,-1.7381253976235396,-2.7393917400370396,0.0,0.25248581461816016,0.0,0.6644207028382714,0.40114538749046635,0.39379885525246044,-0.12323077456928658,-1.7470846444098418,1.368310534205759,0.5708935018232054,0.21321130603128674,0.9716218016015599,-0.17641063387805678,1.992597059741875
1.20744575289097,1.7326841347469517,0.11857569062956444,-0.029621835337545428,0.13072172454916273,0.0,0.16613305245217866,0.8372902483644872,0.0,0.4846450711028513,0.0,0.595873390603681,0.21917592249107884,-0.6729386634045912,-0.14308089726912088,1.6185980690105515,1.93762822570624,-0.1832795656017937,0.9180369993660862,-1.615162339297046,-0.12876829925166794,-0.1192999244837123
0.8175713133000403,1.1553794413582965,0.028126899695985624,-0.014665838840762536,0.12367340353784946,0.0,-1.4798090308501013,-1.643246461238033,0.0,0.375994237326847,0.0,0.5293069440256448,0.1393040434486769,-0.4439709687212453,-0.16486968770915292,-0.44336622291461314,1.616742740163001,0.5138278913826423,0.42068082451338273,-1.4043384418668485,-0.264999956711619,1.0238465013889406
0.42831346498395567,1.2180647357725884,0.04324288235744953,-0.04217750080520905,0.1270092909328007,0.0,0.16453000973302795,-1.722482283253335,0.0,0.4806277832860908,0.0,0.5463917649727393,0.5101221259259695,-0.31058323285573536,-0.18971129251459257,-0.5255208681316689,0.9758314459355223,1.0415877138203762,0.7394085304658975,-1.541834410934971,-0.385587871556173,-0.7708480788356711
0.6968517343191186,1.0726171119718508,0.07048073920619144,-0.04217750080520905,0.1239216276797768,0.0,0.1592060415398496,-2.421052714105236,0.0,0.5237494585471213,0.0,0.5433965379055118,0.35749310572885734,-0.47031708431743136,-0.17740530798284299,-0.5376165756843256,0.8517708370485398,0.8953732964800573,0.3412806253000112,-1.5638043577455187,-0.4363917858385134,-0.5545952801869679
0.5281070694748274,1.2612633484905462,0.18612293655110448,-0.014802168373581854,0.6003779342783857,0.0,0.24229915079960018,0.7446303143015827,0.0,1.0669202313223685,0.0,-0.05678484463151541,0.34794521384002325,5.252746563955313,1.0841256087736153,2.6209399676949126,0.04024607512350288,2.0691849141383116,-1.0289372429923647,1.4701804540827326,1.0766130836348429,0.8200133107887422
0.37415210476883926,0.942167200088049,0.07669973401342958,-0.014223823386297088,0.5880418052283494,0.0,0.23302061061690743,-0.5735598155756256,0.0,1.0439631776146296,0.0,0.09317230763155183,0.3272823493309065,5.445486498389294,-0.2258847564439223,2.370328702412458,0.5572681725618055,2.2852273805482803,-0.7228035243924856,1.0073687131454963,1.446934576078465,0.9000977686119944
0.19613511002450906,0.5543027931329698,0.060747411365424296,-0.014223823386297088,0.5387780466637956,0.0,0.22274477623768302,-0.49481427575737114,0.0,0.9087260092279811,0.0,0.011955868802774034,0.41917172876931524,4.678296908040117,-0.2249071499730517,-0.03339992240426007,0.6213389419563243,1.4276252367139548,-0.616397959180245,0.7241321450996319,1.6171065606202575,-0.08363320433734794
0.10619604133710267,0.5275235247638849,0.060395413404587504,-0.014802168373581854,0.5184163458595792,0.0,0.22259057554773154,-0.6110276639733004,0.0,0.9160203968927021,0.0,-0.02597245077752809,0.37051590318305155,3.9478887859860237,-0.21071003263886984,-2.0211399893202753,0.4245002595629804,1.421986177674483,-0.6798231801570195,0.8723588702823284,0.8193291392161621,0.38718516248664286
0.051381491561294956,0.4101345186656165,0.03368776539238552,-0.014802168373581854,0.46587940207716094,0.0,0.22259057554773154,-1.1427312190220091,0.0,0.7338391746628529,0.0,-0.06423193218580417,0.38952258163798076,3.7527594587971755,-0.2171723941137593,-3.425094165532122,0.3025443802730316,0.8719796459260245,-0.7300550461903462,0.7657036813160616,0.6322607174438012,-0.659274967062142
0.09908282221533313,0.556827659712406,0.0422692817535909,-0.014802168373581854,0.5111052006799817,0.0,0.17354841222787917,-1.2685602897233605,0.0,0.7362758148624896,0.0,-0.11308296024295363,0.33585020043788066,3.560873248732465,-0.21034159683690154,-4.124469162979998,0.3373188668464292,0.25191998603919963,-0.9191471015742211,0.6902021210182008,0.5963298311592673,0.2720611789365833
0.736968694434916,-0.16568545805742085,0.1088988413042717,-0.02616975377458415,0.1786009949928803,0.0,0.1258143991435289,0.7155529376725829,0.0,0.22820833712461724,0.0,-0.5398923415189661,0.19283143461758362,-6.065963325114107,-0.15572216452617252,1.0123008390487056,-2.406057815080677,0.17054892314746226,-4.078196381109756,0.5592738464095669,0.23842652032191924,-0.23128333248278918
0.41662251895232516,-0.41499903109632463,0.0032524261822738498,-0.02616975377458415,0.1810443358874783,0.0,0.09493862309047738,-1.5751177883537237,0.0,0.21485638662722373,0.0,-0.274216678193415,0.2833781521789368,-6.50861324581696,-0.17535579758637915,-2.4445764198000743,-2.274657074504087,-0.13647054718318638,-0.5259525426734855,-1.9036543201818334,-0.5231047579249676,0.062240204861326115
0.7298665851290158,-0.4167252421173154,0.022815144125240824,-0.004963192328962989,0.17815613662047808,0.0,0.13050203670814672,-1.7155917713689253,0.0,0.13735184572168105,0.0,-0.3574390964686258,0.5100799858057216,-6.720811827728424,-0.1823723206409365,-2.468861884509436,-2.4704570686640444,-0.1941825877236671,-0.5702490133788944,0.664290591041154,0.07052823980203222,0.1378180401704176
0.6944202769590391,-0.42546320456225845,0.03857163499211283,-0.020509239694657323,0.17815613662047808,0.0,0.12080502693248853,-1.6789284779100553,0.0,0.13320153393979386,0.0,-0.35857241992067496,0.5100799858057216,-6.709926768189165,-0.1823723206409365,-2.413799870912175,-2.441249738617106,-0.19660840971614307,-0.5646638875601162,0.6158004669697926,0.06704912572449855,0.38245739259854333
0.7010652105503312,-0.3941572588915361,0.04190463444508763,-0.020509239694657323,0.17811368026227375,0.0,0.13567698887342916,-1.6688137795088203,0.0,0.10122835253132959,0.0,-0.43379342920008157,0.41244315517933267,-6.476736491136262,-0.23497464001327548,-2.4267279263810093,-1.9910032788960055,-0.20065420499751727,0.610162903255033,0.8070278063275026,-0.0023094834086511713,0.23091344305574213
0.41025201165143116,-0.4807514735131729,0.017075408339795817,-0.020509239694657323,0.17660032430381076,0.0,0.1264928010548105,-1.5497266214893126,0.0,0.19976953961788851,0.0,-0.33596711825596876,0.40496470693233566,-6.562667350855907,-0.2590032682060489,-2.251500661664319,-2.313718947530798,-0.1967789210103914,-0.8086795641497382,-0.5423498672534175,0.04860802079002152,0.37203038863009597
1.0862444048555864,-2.1503099446347607,0.08530208805078812,-0.006402509715733721,0.11570649896959946,0.0,0.11926991186130811,0.8108773971935948,0.0,-0.15664738617040222,0.0,0.16084931396600882,0.1989369838487645,-1.3499871130558057,-0.21898555969463318,1.6962785140514822,1.6091617752995608,-2.4096942137505186,0.2809806344524841,-0.7329880605290091,0.02201022556613116,-1.6636329418015892
0.4945166911897959,-1.0722593814485089,-0.004926907434642051,-0.001528010321199715,0.1660943367920624,0.0,0.12415727510576108,-2.1155069422399277,0.0,-0.39488007568136874,0.0,0.5123563709739111,0.0920955256503016,-0.7030300300963858,-0.2127205910183993,-2.0107295914172614,0.950079632377577,-1.6960993932265185,0.19761847050271888,-0.5715490500097151,-0.28757249100865134,1.5967822967725018
0.3832377388264261,-1.452354779014685,0.02814904462307811,-0.006402509715733721,0.16389288036863403,0.0,0.1191262136884265,-2.2131071882796736,0.0,-0.403130639754315,0.0,0.3821300933434668,0.13704993929266907,-0.8609995107924893,-0.23169947219062761,-2.2385259500716224,0.6333004079816313,-1.4813710531405886,0.3190638541194087,-0.6707356500880949,-0.06343257676912482,-1.1614214141756645
0.375923636851809,-1.5906753557198454,0.03946972718576856,-0.006402509715733721,0.11481873111256391,0.0,0.12087374550343785,-2.1909080469865474,0.0,-0.49100179193732146,0.0,0.36737309379527483,0.14081802140026545,-0.9633477711154483,-0.20887953432374443,-1.8861619918095,0.6646309933954548,-1.5282345010645426,0.34956639079387125,-0.7300988709813171,0.012448097213908934,-2.003428813702807
-0.6667478249667483,1.0754427708561778,-0.013471021335941444,-0.002354841300255168,0.1796481904491945,0.0,0.12453409586760568,0.7099279247862427,0.0,0.6250823144691533,0.0,-0.09179481332323891,0.2128517198143688,-2.0979516853348223,-0.20750703585138483,1.509370795063328,-3.4192782568726523,1.6741226350100322,-2.4761842485666223,-1.7660054284703715,0.3216069268856514,0.21574801245170042
-0.40472926596944986,0.5798542286055095,-0.011840716580296451,-0.002258020973838473,0.17216221932627357,0.0,0.12711479905259576,-1.0101392079057379,0.0,0.42424229293694804,0.0,-0.19469936468814641,0.45880033519249525,-1.3925996244540786,-0.2394439624111452,-1.233369041683409,-3.2219403349890734,1.415304466825717,-1.8242372367862987,-1.3713074948785402,0.09940109798954722,0.7774409286195367
-0.7866718914607129,-0.06431249960841792,0.07433857198508097,-0.021910998509843287,0.4268619646395297,0.0,0.14878273524281768,-1.7676380954457849,0.0,1.0388365144513665,0.0,-0.10684865464753895,0.7301736062082299,0.7877328144659603,-0.1842007743884452,-1.1311801920652904,-0.9730472172704575,0.19368934765873375,0.3049511858255935,0.45346549577568657,0.024857047700168968,-0.8340732610244177
-0.3536409131126581,0.6300222775985069,0.000544625271775929,-0.013233163242291575,0.15413845806516965,0.0,-0.9506832082121349,-1.9586550413374408,0.0,0.27920739619980717,0.0,-0.10243395105051128,0.4304487888516369,-0.805274114112142,-0.1855787320102171,-1.7227519531082625,-2.6134841584438306,0.07094082967535155,-1.6968266089631157,-1.1776345843967742,-0.017930883700742136,0.38914155860970184
-0.8441437155331163,0.7346915341035528,0.009747414281486781,-0.004903761891274986,0.4666139571942211,0.0,0.12171960893732209,0.429501590402907,0.0,0.8419491229784289,0.0,-0.5323370607829777,0.3581154655439908,0.5702892418749689,-0.20418161629888248,1.4545009584832214,-2.713290733094772,1.1324676059141439,-2.04117445303058,-2.415591529696417,-0.13002031707644768,0.992602531501171
-0.40196100637889415,0.6480241208060393,-0.02525272351199136,-0.00041241124283248297,0.16811795381178815,0.0,0.18298866006939152,-1.1148356689968197,0.0,0.4426724354589808,0.0,-0.3077036507724035,0.39376033452802933,-1.8907283590613095,-0.23424723015444912,-1.2768825309082374,-3.2871768409194844,1.1052390675364392,-1.90504119907133,0.3020996659879252,0.40083104269635816,1.9358327647475109
-0.6922289478235847,0.7443430704413737,-0.024576797558611276,-0.005286910637366493,0.16120091077512994,0.0,0.15826340023230162,-2.435472688575555,0.0,0.4450682436517383,0.0,-0.3341010715713169,0.2970841498166615,-2.0863279683036784,-0.21269176681974922,-1.9007263604017415,-2.814502664008841,1.0969336938104761,-1.868375958174837,0.23347389327546098,0.7880965902636425,-0.8392860731422901
-0.3213738563690982,0.7494557965538754,-0.017911703734518235,-0.003706387438155984,0.14844621266897623,0.0,-1.3500953664419328,-2.0629649068074376,0.0,0.30442174873506317,0.0,-0.21262056426129253,0.334138986572897,-1.0179718223216758,-0.17887105030617456,-1.9065107974032403,-2.6640489953385815,0.16121026577487602,-1.7524455713365112,0.11920643161375313,0.5908026056277935,-0.7659437342814973
-0.5796963048824983,0.8728390494761272,-0.04013529286435823,-0.007918535053765299,0.17372105981193656,0.0,0.1826880090996335,0.9640927658881625,0.0,0.6643134044396416,0.0,-0.2975785450696121,0.16045350313548895,-2.3705322812944964,-0.24971277233183617,1.5195235697122405,-3.5272083581387395,1.25046839480194,-2.539057750728463,0.2364154631482114,-0.19336330966744708,1.1970244442182887
-0.37992638803140744,0.3526779701272301,-0.026274973685540683,-0.003274495174926787,0.16541554380892684,0.0,0.17712266213974973,-2.052715153850153,0.0,0.34223878113513506,0.0,-0.2634303036509072,0.33401782808415226,-3.900674044705597,-0.26033647611846256,-1.8623062128175396,-2.569199454349505,0.8043676374026112,-1.7000747644919358,0.5348122435356271,0.1436523874395768,0.7218145744310528
-0.6693836718487165,0.447659015434434,-0.02735614212169778,-0.005286910637366491,0.16220847574894462,0.0,0.15873554518093785,-2.511826423091279,0.0,0.4210600546786793,0.0,-0.3397815976131327,0.2827346919617167,-2.046263027879866,-0.23531028584958721,-1.7523687728165112,-2.8092199419439803,1.00737413781788,-1.8310867957755532,0.10669316307749298,0.418723867424445,-0.8326301232348674
-0.3256444018780717,0.47364978712443107,-0.01969711940254256,-0.0016939719757162802,0.14837943194912517,0.0,-1.3216489985249618,-2.0937465083163853,0.0,0.2967955983321611,0.0,-0.19621967814445526,0.32296590325819047,-1.4668133900322278,-0.20143189213336632,-1.984120167553768,-2.6819220043863288,0.26494109859960263,-1.5623908772259905,0.15815578107961223,0.08885421441797439,-0.5638229230136974
-1.5459264028190265,-0.16899494365662265,0.05996149065551754,-0.014256093229919014,0.24515168874440604,0.0,0.16846289888250565,0.2373714827376134,0.0,1.3283303682429846,0.0,-0.1732178108201331,0.5854282686555112,0.40988105194048563,-0.1624243008797934,-1.134129209310613,-1.6474894952942931,1.037738800644564,0.2343498929119801,0.2796160744004363,0.0458128200996675,-0.4916885614875507
-1.4238711225920435,-0.12485347680409258,0.10634957181308034,-0.014256093229919014,0.23880328207253157,0.0,0.16846289888250565,2.616988069970282,0.0,1.5104196441473297,0.0,0.0044196655784674264,0.6009481367241024,0.4302835269977438,-0.11368270295330904,-0.5729891281470774,-1.622021997663656,1.1343715010754716,0.2926952852200961,0.2888493374839163,0.07564604524841581,-0.5155366915066363
-1.4238711225920435,-0.12485347680409258,0.10634957181308034,-0.014256093229919014,0.23880328207253157,0.0,0.16846289888250565,2.616988069970282,0.0,1.5104196441473297,0.0,0.0044196655784674264,0.6009481367241024,0.4302835269977438,-0.11368270295330904,-0.5729891281470774,-1.622021997663656,1.1343715010754716,0.2926952852200961,0.2888493374839163,0.07564604524841581,-0.5155366915066363
-1.4238711225920435,-0.12485347680409258,0.10634957181308034,-0.014256093229919014,0.23880328207253157,0.0,0.16846289888250565,2.616988069970282,0.0,1.5104196441473297,0.0,0.0044196655784674264,0.6009481367241024,0.4302835269977438,-0.11368270295330904,-0.5729891281470774,-1.622021997663656,1.1343715010754716,0.2926952852200961,0.2888493374839163,0.07564604524841581,-0.5155366915066363
-2.7221108934220744,0.014210582283383108,0.07317871993116301,-0.016713086137994874,0.42521007475706785,0.0,0.17356371465214798,0.21037673420525801,0.0,0.897504332142921,0.0,-0.12374400466590581,0.6863630063847593,0.8229164617708676,-0.1624243008797934,-0.8929715685916871,-0.9416341038199197,1.0358306335396732,0.1744897826675911,0.11284942435657841,0.08524656812314187,-0.5047542529075337
-2.600055613195091,0.0442787662216448,0.11956680108872583,-0.016713086137994874,0.41886166808519326,0.0,0.17356371465214798,2.3022475555365918,0.0,0.7918478421459308,0.0,0.03857363802796748,0.7018828744533505,0.8060797011065111,-0.11368270295330904,-0.46325043821449813,-0.9161666061892828,1.1313781732603094,0.21487132565990505,0.11051471416521416,0.09637934788479548,-0.5397667292463403
-2.600055613195091,0.0442787662216448,0.11956680108872583,-0.016713086137994874,0.41886166808519326,0.0,0.17356371465214798,2.3022475555365918,0.0,0.7918478421459308,0.0,0.03857363802796748,0.7018828744533505,0.8060797011065111,-0.11368270295330904,-0.46325043821449813,-0.9161666061892828,1.1313781732603094,0.21487132565990505,0.11051471416521416,0.09637934788479548,-0.5397667292463403
-2.600055613195091,0.0442787662216448,0.11956680108872583,-0.016713086137994874,0.41886166808519326,0.0,0.17356371465214798,2.3022475555365918,0.0,0.7918478421459308,0.0,0.03857363802796748,0.7018828744533505,0.8060797011065111,-0.11368270295330904,-0.46325043821449813,-0.9161666061892828,1.1313781732603094,0.21487132565990505,0.11051471416521416,0.09637934788479548,-0.5397667292463403
-2.4990834899589536,-0.2568839046266483,0.07483263816465614,-0.016713086137994874,0.24697759486517606,0.0,0.16043573880040896,0.06377473021608407,0.0,-1.4531009124605332,0.0,-0.1973782147476943,0.5661727802389166,0.3889201467282917,-0.1624243008797934,-1.1877357054228075,-1.659949051307848,1.0424471305155731,0.11136573233801224,-0.02233734782718339,0.02518821957454537,-0.585906402083017
-2.37702820973197,-0.19638242787204438,0.12122071932221896,-0.016713086137994874,0.2406291881933016,0.0,0.16043573880040896,2.5160608086291583,0.0,-1.1983421453757825,0.0,-0.014630510968410757,0.5816926483075078,0.40932262178554996,-0.11368270295330904,-0.6265956242592725,-1.634481553677211,1.147896879449983,0.169711124646128,-0.01310408474370343,0.05502144472329365,-0.604337050184132
-2.37702820973197,-0.19638242787204438,0.12122071932221896,-0.016713086137994874,0.2406291881933016,0.0,0.16043573880040896,2.5160608086291583,0.0,-1.1983421453757825,0.0,-0.014630510968410757,0.5816926483075078,0.40932262178554996,-0.11368270295330904,-0.6265956242592725,-1.634481553677211,1.147896879449983,0.169711124646128,-0.01310408474370343,0.05502144472329365,-0.604337050184132
-2.37702820973197,-0.19638242787204438,0.12122071932221896,-0.016713086137994874,0.2406291881933016,0.0,0.16043573880040896,2.5160608086291583,0.0,-1.1983421453757825,0.0,-0.014630510968410757,0.5816926483075078,0.40932262178554996,-0.11368270295330904,-0.6265956242592725,-1.634481553677211,1.147896879449983,0.169711124646128,-0.01310408474370343,0.05502144472329365,-0.604337050184132
-2.9982794914528377,-1.6869508850689636,0.10550117579151375,-0.01139602984741834,0.1327858046156877,0.0,0.11918890958506338,0.6197773944297852,0.0,1.6986600396580296,0.0,0.48615593941083635,0.8750275163418755,0.05844152582075273,-0.05557648127699638,1.3154593302833066,0.5407404784630458,1.0529648522184403,-0.05663566837504566,-1.853808841706338,-0.35923420874530887,-1.4464032536505567
-3.664704992018332,-1.123626540701366,0.10210365716837191,-0.011836320024359527,0.13854307233811008,0.0,0.12828329110646608,0.6878263923949786,0.0,0.09947118880676743,0.0,0.6165926481937666,0.9173229521736681,0.11852598800297157,-0.048689387788470394,1.3003312654744108,0.717562449499398,1.062569818819965,0.4430185281996997,-1.1983320975155831,-0.3647691974293323,-0.896969300599576
-3.651584678215818,-1.589047062683797,0.0950987630493571,-0.011836320024359527,0.1334498206286452,0.0,0.13037682107501516,0.5969112361655833,0.0,-0.008921086325783638,0.0,0.5561582308047355,0.8832468834087533,0.019077645305621595,-0.04755370420415549,1.3451419466325722,0.647086185941053,1.0173028648954296,0.38366317513143927,-1.448633012938681,-0.4243887007517889,-0.8944628947066551
-3.9549492461878324,-1.6358657239612955,0.0950987630493571,-0.011836320024359527,0.1334498206286452,0.0,0.12995630400631306,0.5734249282611448,0.0,0.10130339228554382,0.0,0.5780385073189022,1.1024976722116506,0.03005153140295489,-0.04755370420415549,1.3466869211695547,0.5383406493914953,1.0078782564937727,0.21378474655789922,-0.1608459528753684,-1.3294037790140052,-0.9128314281384351
-3.6007231896349983,-1.589047062683797,0.0950987630493571,-0.011836320024359527,0.1334498206286452,0.0,0.12459256596658794,0.5432272640279411,0.0,-0.014509637558614754,0.0,0.511286114237343,0.8794788013011569,0.019077645305621595,-0.05557648127699638,1.2978880833644695,0.6182583525080335,0.9564060928954529,0.13185863470091988,-1.7117364208291368,-1.0088635298279247,-0.8507695257694123
-1.6258245129617406,-0.20214320374640513,0.05108287375122496,-0.014256093229919014,0.2544326975072736,0.0,0.1337251693831554,-0.4609181932436396,0.0,1.0196675685662944,0.0,-0.1317675764966479,0.7481694709719959,0.5639720324324576,-0.13838863990129532,-0.7364940552743487,-1.425838413841899,0.5496382387452958,0.3052974865127222,0.2584299246993868,0.013796528882315156,-0.7694451467799744
-2.128281308471755,-1.5958651347853277,0.056093885534310786,0.0016625903495159039,0.12851686919490773,0.0,0.14142768662257255,-0.3664685757092039,0.0,1.5358051287352612,0.0,0.2824910843657836,0.786021946153333,0.3381862958924818,-0.06972998213111173,-0.9248759302907994,0.6637187669154012,0.29256965926467576,0.15086282581708235,-1.3206584907617025,-0.5562278742969512,1.987504029151666
-3.9451660210660533,-2.1347433656340673,0.09174888581922078,-0.011836320024359527,0.15612516527685824,0.0,0.1360560952583274,0.5823228585820582,0.0,-0.20133893706108652,0.0,0.46867129247806555,0.9113803010497145,0.10046650118561463,-0.04755370420415549,1.1623119023151431,0.09158888481070668,0.9633848626697598,0.28511314233962787,-0.15318579288879783,-1.4201449654088012,-0.8625305563599702
-2.529430740772045,-1.447307206058878,0.0843889466824367,-0.010726499304932118,0.13262485687342862,0.0,0.1191775723163183,0.5861772437645335,0.0,-2.426269354862785,0.0,0.45239167643820116,0.8193598051815771,0.107882993405414,-0.048635631143611475,1.1542875248435231,0.6449662120829819,0.9594795310666698,0.30028446169450546,-1.16862297897506,-0.7142868803139458,-0.8952261301837784
1.611846250214744,1.2444058754527758,0.12942483310985245,-0.009583845680563747,0.12312386573747804,0.0,0.11447740126670065,0.9316249726713104,0.0,0.2548961149047221,0.0,-0.5079327347625693,0.23287433703690824,-2.5062831537405406,-0.18457330744686132,1.0555601876410017,2.0752883576702845,-0.7830715413469774,0.2594938448270467,0.6631337185866398,-0.847844061933346,1.3892455773519108
1.0511067761409338,1.9022718611726386,0.18622144951491926,-0.018618725933730783,0.10983448477777087,0.0,0.20777959529216106,0.8958519295669463,0.0,0.383201033935802,0.0,-0.4556398673237874,0.16638401360870556,-2.7896671266905053,-0.24504470454511051,1.674131523180011,1.8215762635260169,2.1098414370883267,0.6635892971383406,-0.9027414396732576,-0.4486055184147232,0.4815712283209265
0.8710638147587676,1.930976430533567,0.12691348604927244,-0.011794626847604591,0.11888479712657704,0.0,0.2172429945344482,0.9430834146901843,0.0,0.4731321389537455,0.0,-0.4195906641672506,0.06376305019364452,-3.1267853767606293,-0.23775137225835988,1.6948808009900826,1.9776736405700055,2.1657458496589994,0.5115551168153014,-0.7403430135824733,0.14100675103177324,0.1852253082999802
1.1275783589801052,1.2164133037750335,0.10830093801743765,-0.018618725933730783,0.11208155777754585,0.0,0.12517006264784902,0.5494999216107215,0.0,0.2931308171561589,0.0,-0.4050432562086318,0.15871164837760046,-2.882939592975238,-0.12436096568842345,1.3522529220794373,1.2940428319102668,-0.8448180596201835,1.1795445091741743,-0.9665425309268085,-0.15573807230944992,-0.6014543689253226
0.78735018901055,1.829252073511762,0.09591438767195631,-0.01735832060111472,0.10510456412166322,0.0,0.18353505144326068,0.7407343397801854,0.0,0.3184966387175226,0.0,-0.30235278152620854,0.05885155541371474,-3.2294718952406316,-0.1562741883358891,1.660072508063336,1.84395403881831,1.8625905513446968,0.9565955877789009,-0.8754162573677083,-0.7863865246517756,0.07281014678868651
1.6412684942621343,1.6879351205130593,0.25272285895511765,-0.009583845680563747,0.12279890919845429,0.0,0.11563211801700254,1.2350147623084506,0.0,0.34040630856987397,0.0,-0.1892974445446191,0.24260887054872327,-2.25712559681133,-0.09011976891192139,1.5948222185722416,2.2803418617375084,1.9464572449564612,1.383717534122105,1.5512612587224799,0.05254267874621084,2.2717659305569
0.9912769114349199,1.1678278238235476,0.030411212462406793,-0.01735832060111472,0.10150679344157378,0.0,0.12704174566593746,0.4971702923620758,0.0,0.285200115523926,0.0,-0.41791574182701413,0.02413664641648413,-3.308171314776826,-0.15173450769093078,1.191375554393251,1.4656125222081813,-0.961733804716608,0.8928764465450084,-1.6900735985020903,-0.6418864641638706,-0.9416030365584522
1.5735845075561936,1.697500698070645,0.24981957865923843,-0.009583845680563747,0.12291346748504207,0.0,0.1147358770439808,1.1068270595928669,0.0,0.30483935391735717,0.0,-0.19459666343783905,0.2433213320854024,-2.3086736088369966,-0.09011976891192139,1.589898254641598,2.2646132694264898,1.8691563411759269,1.4295465197624135,0.7699609384135624,-0.11207397588386983,2.170896451614459
1.3111129117360703,1.8478611458374032,0.24634213264264204,-0.018618725933730783,0.12465760790100468,0.0,0.1115185635582452,1.2272497656226249,0.0,0.3516511142376992,0.0,-0.25094218162694454,0.2136486022580326,-2.5396965969845446,-0.09687080497357389,1.5962565887344529,2.072141591071433,1.7712323440934739,1.2746266024366752,1.0947385307447863,-0.43815733436864257,1.832663868541544
-3.084987745721295,-3.6395129085664957,0.08321882641093466,-0.019929997091783235,-0.5576862978524543,0.0,0.08291890549432379,0.3282395559798973,0.0,1.5746301723107863,0.0,-0.07555959607556453,-1.567088080183349,0.6436572218317345,-0.036868053289310865,0.7508295211307463,-0.3936328904686412,-2.679030025396587,1.034242197687552,0.5315334507151293,-0.8317684589038044,1.5723751047826586
-2.630847946687274,-3.556456435570038,0.05358962865788557,-0.019929997091783235,-0.5596510408134668,0.0,0.12816322180717216,0.2360034385275726,0.0,1.6623651426954296,0.0,0.0843840643013615,-1.709728178046328,0.292555239542617,-0.05909164653086882,0.7205641238134209,-1.5957161049377004,-3.0249553553143924,0.7057931089543488,-0.5295964192042938,-1.4054615828890822,-0.07924965986697415
1.7030380910460887,0.12355963428202288,0.19530780178243407,-0.038731428292664356,0.4243489998028832,0.0,0.14884435046144992,1.1825415192843791,0.0,1.3295297049610368,0.0,-0.30014159355722614,0.7393058952086448,1.096239765806365,-0.1332308664519711,-0.8885580273274546,-1.5311917481066875,0.5026136540805577,0.29562590664954413,0.8564956753145628,0.1259062681819928,-0.5563444451132369
-1.6409974870964308,-0.4042318629000401,-0.005339734336452293,-0.005793751136957006,0.21600582646879035,0.0,0.1863231169000127,0.5154343830171703,0.0,-0.004125148257782644,0.0,0.5620659854328147,0.22458768391405148,-1.4897651432002295,-0.17084646150970412,1.9703062653791634,-1.8758891964252153,1.4313849331717383,1.2225760589891987,0.49919107376346405,-0.27921594469209293,1.4086934836680522
-1.5409803492312517,-0.27409631206131224,-0.005339734336452293,-0.005793751136957006,0.2109794816578832,0.0,0.1863231169000127,0.45496950256730534,0.0,-0.16067039678253422,0.0,0.5620659854328147,0.2200666370743686,-1.492526490965475,-0.1740901968837269,1.9670578201715903,-2.239161904305654,1.4665415204171663,1.1280374906122022,0.556384067197651,-0.27173734777674735,1.4165752052599268
-1.5443991590662254,-0.39855503816053406,-0.005339734336452293,-0.005793751136957006,0.2146776712980554,0.0,0.1863231169000127,0.44401708644408705,0.0,-0.13054078154326468,0.0,0.5167757550013159,0.2376255467074164,-1.490623271239892,-0.1842071309392488,1.9553377522456352,-1.7973156875447325,1.4696437186520401,1.208229724837765,0.5457368093710406,-0.22098189309163563,1.4496892951084424
2.6631997995841665,2.7870002724666403,0.11545476475570098,0.11807771488627246,-0.1514132760535045,0.0,0.1421535962927435,1.1934445303540102,0.0,1.0692832013242017,0.0,0.420280871444619,-0.46486187570879606,2.091077446160891,-0.08870867311076186,2.024387844091935,1.9220692975528686,-1.464168561998902,0.6212098821194699,0.7205416607415646,-0.10640777790926771,0.06359702292559277
2.629639592353333,2.7801098089365652,0.11545476475570098,-0.0017438753572142987,-0.1514132760535045,0.0,0.1379930551585416,1.1934445303540102,0.0,1.0586411860979517,0.0,0.420280871444619,-0.5612092816961116,2.091077446160891,-0.08607267895102858,2.016545928222549,2.101266284401934,-1.5096818445786657,0.6212098821194699,0.6922700765254615,-0.1748944618928317,0.0057715215909308355
2.638668892181042,2.057714902331185,0.10752509842350162,0.09716431233107418,-0.14447712264578857,0.0,0.146526332703346,1.152499677348478,0.0,1.0871902742440493,0.0,0.46182104124527684,-0.479258125415121,1.8780247837441721,-0.08771910126585733,1.960220626949837,1.8631024940626908,-1.7333501218467842,0.6085751484576757,0.6892538618440979,-0.11422329556487222,0.09935137224424803
2.60918106255236,2.0743739845355353,0.10752509842350162,0.0008922678220123735,-0.14447712264578857,0.0,0.14236579156914417,1.152499677348478,0.0,1.077757128729962,0.0,0.46182104124527684,-0.5756055314024364,1.8780247837441721,-0.08508310710612405,1.954655129681384,2.0473854706664634,-1.778863404426548,0.6085751484576757,0.6665675229010461,-0.17345252973199965,0.041525870909586135
2.412138738865884,-5.230945033191363,0.10121413717619422,0.09800855590752587,-0.18637810822116943,0.0,0.11264800091222464,0.6948895679308806,0.0,0.6465724528486296,0.0,-0.10083945331407763,-1.8540369310930023,1.4625429240809373,-0.08191715286468354,1.4554941233176564,2.0752444474411234,-1.5355740532005688,0.24969360389309875,0.42987209834373075,-0.5138503724411962,-0.4068307566719236
2.390509145888833,-5.209882025286754,0.10121413717619422,0.006140437098721845,-0.18637810822116943,0.0,0.1113463613897204,0.6948895679308806,0.0,0.6400975651913865,0.0,-0.10083945331407763,-1.950384337080318,1.4625429240809373,-0.07928115870495026,1.4476522074482705,2.2544414342901873,-1.5810873357803326,0.24969360389309875,0.4075457945715626,-0.5823370564247602,-0.4646562580065855
1.1185420716939294,1.435089392022614,0.07911287455337183,0.030972256526539267,-1.2537186161571252,0.0,0.08244474266576521,0.4979145851329763,0.0,-6.772508611251671,0.0,0.09291850916847233,-0.4178358514394739,1.3020079604463728,-0.16111853595317518,0.9691232763666886,1.1066597888894767,-2.359337180686956,-2.2427857740780124,-1.9507361460840307,-1.2172768882447293,-0.08407174914675664
0.9819527416504713,0.2088009805295677,0.07599193869754642,0.041066290008142256,-1.3271596852946492,0.0,0.06063536250490889,0.36425688083103325,0.0,-5.92301507672961,0.0,-0.007668308577091064,-0.7163991362711236,1.4859920596555105,-0.17390972611143454,0.8778509329949354,1.0650873404581958,-1.9765843242902763,-1.7112796150210436,-1.8833917858241944,-1.3981602473598436,-0.13684298650750226
0.5279613387144687,-0.1306390706167587,0.17960803391320482,0.12466608695654155,-1.2387133004645359,0.0,0.10443870189988931,0.4472970919983792,0.0,-5.005958513698507,0.0,-0.16619937792468042,-0.8300191011282468,0.2895761309204399,-0.0967453451073356,-1.0583539193661382,-2.493812082562545,0.4960704909935435,0.12042258724514643,0.3573568349456105,0.14245715164798728,-0.6553884859264274
0.3708127710849566,-0.14468983909574148,-0.5152334262993364,0.12466608695654155,-1.445696035337146,0.0,0.11159717592785792,0.31654628399649387,0.0,-4.827511544464389,0.0,-0.1656343125444765,-1.0318256534524366,0.2948453811598397,-0.07360917824209846,-1.0338142909150687,-2.425878979518831,0.4076381316603511,0.13337535300053247,0.12864388675633526,0.1297167893240318,-0.6160327243515243
1.7822064427015307,1.6826846060542773,0.1895766705631148,-0.009664563214927289,0.14341940018652494,0.0,0.09076745169847111,1.0583601318747342,0.0,0.38196200302015587,0.0,0.2721427764807862,0.3507068947457341,-0.27520378548606184,-0.06837352086879597,1.3293430120033405,2.23684361540745,-0.5262568417842475,1.6881908076567416,-0.5523242119486513,-0.3582300141309137,0.3885428424661967
2.3304300826591757,2.587686230824588,0.11702033198380785,0.09062867238759385,0.22445200062864373,0.0,0.19163329891312758,1.1083245027975739,0.0,1.0313049117839521,0.0,0.8535138744636537,-0.13401317473750593,2.182883847875247,-0.08455661368628895,2.4091298485043016,2.3604753018935485,-1.1861520617737986,1.0535453764963483,-0.09363794829847724,1.2601296385431089,2.422984447406077
1.36953725111338,1.578196455396816,0.06855522125158048,0.09062867238759385,0.22179938118738157,0.0,0.1795837479748768,-1.4558903983733715,0.0,0.7683390733021217,0.0,0.6805094724606088,-0.321565788115161,1.8094166649560652,-0.09722304467535611,0.11226285522368834,2.8490091954986267,-0.3439002069645838,0.9493067012974323,-0.2821782438818334,1.0129388297195008,2.1481641739837363
1.0749256695274034,1.3892472967913818,0.04047391312630664,0.09062867238759385,0.18565900161963955,0.0,0.16578390788677774,-1.8663619840611256,0.0,0.6905215029850436,0.0,0.44839031942419155,-0.4361742204331813,1.25737425112732,-0.11388631488150167,-2.4064932356771256,2.9585687609708615,-0.6186191795372714,0.8924330537179842,-0.38384830239872625,0.9511660382619969,2.4659330942227378
1.0654873282942887,1.3892472967913818,0.03298595910013241,0.09062867238759385,0.18565900161963955,0.0,0.16578390788677774,-2.155726006026872,0.0,0.5861211081252027,0.0,0.39766589236232247,-0.4353310022137723,1.1657581121745837,-0.11388631488150167,-3.8202887305632696,2.901199156740186,-0.7382981190555032,0.8345469230320579,-0.44225207580097614,0.9464768944953256,2.221529648853466
1.0212719583419902,1.405156645510082,0.026898693679419917,0.0075546279762787865,0.18565900161963955,0.0,0.14561154825885755,-2.357343960680187,0.0,0.5753780704233318,0.0,0.3970816947123416,-0.6368246430722583,1.1094850290597817,-0.1393685346484728,-3.178879673082705,2.99369750468317,-0.6063064011261545,0.830369606178523,-0.6149619294685355,0.7361967860395129,0.555362680568025
0.7705202969566544,2.139936327636056,0.10406980181918059,-0.026206914365775776,0.606740065719454,0.0,0.18611621836908268,0.6539524879403463,0.0,0.9779363750649811,0.0,0.8819011685559407,-0.1719842886183918,4.92062029906705,-0.09341350841941647,2.605646654972078,-0.10393941667939863,-1.1443849487258284,0.37714460469378025,1.6676830090945185,1.3523091825876623,0.9376663975234668
0.6090204108361169,2.236372718464663,0.06469867785004381,-0.026206914365775776,0.5999277015354908,0.0,0.1849302186423236,-0.49107348877041435,0.0,0.9738436845056708,0.0,0.7561391498400424,-0.22557720303240636,5.214682040035856,-0.10911548432521993,2.109804516640681,0.2986481394697714,-0.3719868208410899,0.06466430341251281,1.72677142279512,2.020607266741935,0.8988452389256357
0.13191506968925187,1.7110326725616247,0.05543635968633149,-0.026206914365775776,0.5341934270093017,0.0,0.158117032961887,-0.4612698900468273,0.0,0.8522128145213591,0.0,0.6120604229919288,-0.40294922375537107,4.116700437604199,-0.1331262139651911,-0.1397271957057518,0.3926075877665501,-0.6838569654267759,-0.9359025930446339,0.9065953293075645,2.0543791769791437,-0.48162161042756574
0.19071579161468086,1.826516152381461,0.044828715848046895,-0.026206914365775776,0.5150145325087876,0.0,0.14246543628956604,-0.5488910044348942,0.0,0.8814563836316353,0.0,0.6234400346472481,-0.37135593100229153,3.584901577430456,-0.12736171223708373,-1.6893509354383165,0.18815559919822997,-0.5353488064024997,-0.486607314909246,0.44764991892461525,1.0534759581533366,0.3755793246296952
0.12001912970643719,1.535482211328193,0.02542186097740446,-0.026206914365775776,0.46129478242266697,0.0,0.1303725931083335,-1.0211867203734457,0.0,0.7184569207898924,0.0,0.4870918744980744,-0.3691388452170697,3.3512498391752503,-0.1331262139651911,-3.287030552721892,0.14911740140530885,-1.1099247766991043,-1.0920223477223492,0.41326201646416816,0.8833736290182633,-0.8618202814016539
0.11325238502493512,1.826516152381461,0.023839069735747613,-0.026206914365775776,0.5062943864907317,0.0,0.1303725931083335,-1.1936432265828822,0.0,0.7163023327931186,0.0,0.5878666830848452,-0.3691388452170697,3.2957731488918136,-0.12736171223708373,-3.7732404579984595,0.14873938050757932,-1.0543041377051272,-1.1361118596653754,0.42245306472232136,0.8243619321473229,0.1605532544939481
-5.345107334979624,0.6283817084977962,0.03825733638081796,-0.048925640211655595,-0.22245864203663196,0.0,0.11356596380255675,-0.0203409643072749,0.0,0.24685141138495248,0.0,-0.022091168419791984,-0.4156634193406852,1.4621927720108097,-0.09239034730016378,1.145684597755698,1.617845649204498,-2.406471011041654,1.6707338618638592,-0.08817636317064793,0.23692854260037505,-0.4041366551425649
-5.291555563434622,0.5843868910245987,0.03762646846023355,0.11545805049908571,-0.22245864203663196,0.0,0.11397573271073715,-0.022493879762086562,0.0,0.22340822297484403,0.0,-0.02453395173272403,-0.4234921795767544,1.4063721738361772,-0.09127824215059364,1.1144375282115389,1.8034146184040323,-2.4212718650036194,1.6243798675036014,-0.28187747154017495,0.24272884999752692,-0.4131736579868245
-5.257503794870623,0.6234458479449058,0.03825733638081796,0.11289831950282707,-0.22245864203663196,0.0,0.11241838164191932,-0.0203409643072749,0.0,0.24395761385261028,0.0,-0.022091168419791984,-0.4234921795767544,1.4621927720108097,-0.09127824215059364,1.1436148615977475,1.8060650231026958,-2.409705751534799,1.6707338618638592,-0.09347232140305896,0.2490724676837388,-0.3837912636559414
-2.8325423737960183,0.08247263500279979,0.026568196591963956,0.11811248264872065,-0.08401558472779021,0.0,0.161872057948738,0.49292964218792445,0.0,0.15655295939016708,0.0,0.026554297619448237,0.4556230814436207,0.6403699782641151,-0.06038126439831987,1.9535601041495956,2.9986025495842976,2.0584377261889135,1.669424647091042,0.8902644511117224,0.4619040311061703,0.4419174323471867
0.04589662277476748,-4.064610664851648,-0.5632776524068708,-0.10811307740108349,0.15421477347516674,0.0,0.09750286989542678,0.6539798369686022,0.0,0.254664226589581,0.0,0.25938698567213464,-1.912932149293168,0.06953264117810092,0.18798744804983025,1.2685133628444223,1.294221589561189,-2.4350870236518856,-1.8727914475634495,-0.1420337752222157,-0.5536956163910397,-0.49088819488587954
-0.19796732521052043,-4.09264056219549,-0.7428792583654826,-0.10811307740108349,0.15802250040746865,0.0,0.13376949455399356,1.0103876529096025,0.0,0.19494978235015092,0.0,0.42605406444129146,-1.7404053138228013,0.7187864053057591,0.37328597493294985,1.5607951154946178,1.6500963013321077,0.45480019699978147,-1.4038760577794465,-0.16354471811830457,0.24110204535554253,-0.9008451236429706
-0.022584911223259795,-3.617144993489957,-0.7045147092991897,-0.02701228131480246,0.16092521133375087,0.0,0.1762742264321145,1.059147615665682,0.0,0.27442104050872124,0.0,0.5668816124466217,-1.606243747785535,1.0260707249799599,0.37328597493294985,1.8036808485220364,1.5433112529502764,2.5115818514543493,-1.3172333115473038,-0.08701048441880388,0.4019008511544709,0.03628145740475778
1.6126414877542878,-4.441753361862859,0.057573510745786906,0.1917920138464085,-0.5521660598196632,0.0,0.11497997404468344,0.4765902744881773,0.0,0.6667711286792574,0.0,-0.306562925312447,-1.892443834576244,1.9435704679333972,-0.05939201019826047,1.421021574870009,-2.4552404788804583,-1.8637636758399234,1.333506366504561,-0.08831890703328592,-2.4847484422701966,-1.4826747939940015
1.2804715645940756,-4.0171904485189085,0.14511807794959117,0.12918752449996695,-0.5541187395547199,0.0,0.09953962382523956,0.49275173598111527,0.0,-5.095538106143845,0.0,-0.23102151956491748,-2.0260358677648935,1.144817766334257,-0.0878856157284499,0.9007103799336112,-2.5132449308775087,-2.3790863225027414,0.5925840577596049,0.5654402215040012,-1.6543156662003284,0.3290557038391334
1.1975013821866736,-4.248750444831652,0.1179624199392843,0.13217696708394336,-0.5511033768710507,0.0,0.10109150518190245,0.4993152438285746,0.0,-5.253228746242794,0.0,-0.21956620089632037,-2.0052076041104363,1.1029204777480932,-0.08907292871308412,0.8573909621228956,-2.6086209609696174,-2.1864811058726796,0.7054705013585532,0.3366774811008001,-1.8133505902019598,-0.16193486108426677
1.103656988463016,-4.220344121893615,0.08209734682204954,-0.04165901175520269,-0.137457863506071,0.0,0.12426599297358236,0.4359678006069616,0.0,-5.7363402757637445,0.0,-0.052996829691629464,-1.584043625376778,0.8215036240016332,-0.08727924802015531,0.741762236406497,1.1563223579354702,-2.0131869629052788,0.6108428506495807,-0.35901281477608554,-1.8676334578160219,1.8040213987957165
0.9707259861731603,-4.108291860871367,0.015473606953752325,-0.04165901175520269,-0.137457863506071,0.0,0.06692259952426717,0.31004331166788807,0.0,-5.5552731169327085,0.0,-0.09105100912033358,-1.5770376524316034,0.9554141058880211,-0.08510353264219844,0.575517918507149,1.09535290694698,-2.2550430884893164,0.5010339655112326,-2.2037112415409705,-1.8578127316846837,-0.130754339565775
1.5367129125168384,-2.670723900124854,0.2437424164994603,-0.013562253799893065,0.08699268088374913,0.0,0.1101122801609108,0.9504203989203064,0.0,0.41595742518996737,0.0,-0.44581829057696737,1.1897922669145542,-3.8284317236402794,-0.024987240806705068,2.074654229754935,1.7008355300047484,0.12279582856372605,1.455443231509732,1.5229345380771913,0.5613219999057533,-0.3492391559789327
1.3315494201181504,-2.8060351334346683,0.20074041583720517,-0.001757473547458724,0.10078603518554678,0.0,0.11144884732077076,0.9400265437196261,0.0,-0.03606693006160185,0.0,-0.6695212097319931,0.7927087444053401,-3.4292369937024296,-0.09808302231272373,1.5903760050935634,1.566745046222226,-0.01641932198378591,0.33899785757443357,0.4179387726314421,-0.8568414364725035,1.9319497159061587
0.9608455715041652,-2.243244736924148,0.14245250985321187,-0.0013171833705175407,0.0911044919689826,0.0,0.08637991321768793,0.5710750847020047,0.0,-0.8464425172178848,0.0,-0.3851059913953958,0.6967691531448716,-2.7904139454226775,-0.05644508734937768,0.969492849917072,1.9453756037249879,-0.26735909479565334,0.9691168439134848,-1.1388679794830137,-0.7619838815733994,0.1122254511003742
1.7340767215314414,1.9526382315813764,-0.46120771967043217,-0.11169897693277579,0.19110332785485537,0.0,0.14471887499733208,1.485781302122819,0.0,0.4532961139706864,0.0,0.0594622391685367,-0.8112604872539997,0.2727731843580354,0.5116145204647564,1.576317511238537,1.7638978130773324,0.9210684149315544,-1.5319108892316091,-1.6649163134355034,-1.0974931101293852,-0.7381065990018871
1.1555166791640719,2.2968463790948106,-0.14725911292381777,-0.11890111591645862,0.19484860674283155,0.0,0.18294044648031066,1.4298344546398076,0.0,0.6051611748570065,0.0,0.2975936114163735,-0.7416733752787489,0.09187663260648989,0.8516792573617349,1.7553958257270446,1.4402378436794163,1.7412055344941255,-1.589162901470412,-2.5196228296511927,0.16254248904745178,-0.5122222405604536
1.2898783115798433,2.0177224193353642,-0.07696650640596399,-0.034751734094212464,0.1827466464575164,0.0,0.261066876404606,1.4047462899132568,0.0,0.6592217316536844,0.0,0.5023141869259835,-0.574087657786405,0.2888649651472822,0.9722168049221768,2.09786184092685,1.4484730555909904,2.0424829213641273,-1.3386994836563741,1.133885273077953,1.6552497321058808,-0.16049620161545744
1.2937658362725246,1.7362392332506114,-0.06084311416286462,-0.034751734094212464,0.1827466464575164,0.0,0.25573009557285625,1.4037234349701846,0.0,0.6627017630053269,0.0,0.4536991751715126,-0.5787184922166624,0.28702405795471286,1.0708646622548577,2.034546929530088,1.4424935425449614,2.2552942482514284,-1.2423762491057841,0.8215658394519564,1.3251835502069618,-0.12707890081469628
-1.098228699296784,2.2718219415353937,0.009500310371756375,-0.023402788200349148,0.14940156127686224,0.0,0.18652677753352034,1.1630679176835124,0.0,1.8275283026209732,0.0,0.7015253977445371,-0.576178520311823,0.2973334313073767,0.8663973033883569,2.770961396622665,1.4014174271066266,2.4691761080516175,1.353038780167677,1.647205991147275,1.616722988969207,-0.7887753994566413
-1.3183423325010528,1.152474238632145,-0.02234134436381452,-0.022944855887769518,0.14212109436929274,0.0,0.14944252748894735,0.6694407708081311,0.0,-4.038509569131926,0.0,0.5241884975593474,-0.5285512802233829,0.26551993561256787,0.915799297865388,1.947172559544328,1.2200296326788886,2.3740684934384353,-1.4097365565177793,0.6845503688975145,0.05386921323171892,-0.7906863217698478
-1.3215367680529873,1.1397822894490257,-0.1920381188198883,-0.10289162605191675,0.1238389406636416,0.0,0.12810403411907223,0.675194051941709,0.0,-3.7971844047901797,0.0,0.25917228871641934,-0.6438541203988122,0.17879304333142865,0.5711614180442679,1.39670765150031,1.056660696163898,0.7719138096516605,-4.218792433046227,0.9122972841968936,0.012504585782094171,-1.0482013826428775
-1.3873863633765608,1.0651258362991973,-0.17492091523417894,-0.10402558843229244,0.12184817018524498,0.0,0.07372515925353813,0.5800832492660519,0.0,-3.590583076142401,0.0,0.1658590184574865,-0.6689276636666941,-0.022224374581973717,0.6761388410139552,0.967740589543646,1.0070215385156138,0.8190897000753776,-4.2849493356315795,-2.0849030311508745,-0.915798083705643,-1.07779809903572
-1.55366297030065,0.11255620112317578,0.10129261646666375,0.12260318048216251,-1.2436618013140626,0.0,0.1586766262881712,0.30023492264386076,0.0,1.7709087104773993,0.0,-0.09269062217822806,-0.8333079037143214,0.2874732258691984,-0.13202687982890965,-1.0877699920253474,-1.9440199666801663,0.9505363503695835,0.20855783527062843,0.1916635519982445,0.16697777477580522,-0.5470601123562485
-1.55366297030065,0.11255620112317578,0.10129261646666375,0.12260318048216251,-1.2436618013140626,0.0,0.1586766262881712,0.30023492264386076,0.0,1.7709087104773993,0.0,-0.09269062217822806,-0.8333079037143214,0.2874732258691984,-0.13202687982890965,-1.0877699920253474,-1.9440199666801663,0.9505363503695835,0.20855783527062843,0.1916635519982445,0.16697777477580522,-0.5470601123562485
0.5752205059369092,-2.3396094816123454,0.12650716547852395,-0.001757473547458724,0.09256805645029764,0.0,0.08216612287192795,0.46679682457999405,0.0,0.29856404191714947,0.0,-0.556044270613323,0.6493650901493588,-3.011231983287418,-0.05690302699781428,1.3465382232003338,1.9449781907857864,-0.4344624136156017,0.8829382861498831,-0.9070368076995811,-0.17791000024745102,0.23799191125015945
2.011189307829461,0.826564884893612,0.17798543741044356,0.12859165796591213,-0.5601877824413082,0.0,0.17832310241547228,0.5899728748364789,0.0,1.1314670372597246,0.0,0.26116323878034103,-0.8485282490841717,2.04915085510088,-0.04822216890024056,1.8863278606802008,-2.1573918488612023,-1.5545969181826924,2.2112162501775576,1.7887581907907246,-0.385315034287902,2.71409868017142
2.121564923867246,0.4483061675127974,0.029475437468846403,0.07590949507026908,-0.21288129884140888,0.0,0.15966402639841132,0.623015440772105,0.0,0.8511384042061129,0.0,0.187948328874641,-0.11130823354405088,3.1589769179734826,-0.11184085159147955,1.9670401470822818,1.3130124424909337,-0.661839833277206,1.3779639843566134,0.9427039045417717,1.218512859094104,-0.019322518189022662
2.1185011780100527,0.5238496344964769,0.021141559360469173,0.07590949507026908,-0.22045569423218003,0.0,0.1632378413650489,0.6575643239285704,0.0,0.8549663617033012,0.0,0.1945002376368156,-0.10183939845852281,3.168871060537943,-0.08765649241895226,1.9676915257192116,1.3409577339855903,-0.7531061431985236,1.4995366466160445,0.7530414527704288,0.9631359494093071,0.16140282565506434
1.0683722629201138,0.5851727184309743,0.01828647099930309,-0.026585823548388777,-0.14911593799194656,0.0,0.12717784766632836,0.4904349421582257,0.0,-6.241146429589212,0.0,-0.1734828033830161,-0.32415854740389133,1.9447388218466095,-0.11174735513987669,1.3135765312894294,1.048695959724646,-1.1193495777405587,1.3090430346125599,0.4239103506249071,0.5314922026216053,-0.01988584500669926
-2.738771256047141,0.21737438806532636,0.11450984574230925,0.12885734424817377,-1.6552766523743156,0.0,0.16183323576185432,0.27452074442371366,0.0,0.49253083696874667,0.0,-0.05001179563009826,-0.9986024443062345,0.43808620743393123,-0.13202687982890965,-0.9365978862319849,-1.7606479272945246,0.9339363930261435,0.16181451144921236,0.026711248809075987,0.19394435671585003,-0.5615739013483656
-2.738771256047141,0.21737438806532636,0.11450984574230925,0.12885734424817377,-1.6552766523743156,0.0,0.16183323576185432,0.27452074442371366,0.0,0.49253083696874667,0.0,-0.05001179563009826,-0.9986024443062345,0.43808620743393123,-0.13202687982890965,-0.9365978862319849,-1.7606479272945246,0.9339363930261435,0.16181451144921236,0.026711248809075987,0.19394435671585003,-0.5615739013483656
-4.914465163523461,0.15203593875855265,0.04309645558990341,-0.05396365123979697,-1.5023491479748705,0.0,0.17350044200927783,0.07454626741101861,0.0,0.4104646278626888,0.0,-0.027980127284678667,-0.29380795906216867,1.258693935179358,-0.085323733354172,0.9419508101711054,1.5904953833808668,-2.3658498451956333,1.8177593928148537,0.9189058551535364,0.7109161298910157,1.9801666395226467
-4.499976948104967,-3.7988840592135205,0.03469488258959506,-0.055999565063351776,-0.9587686667762447,0.0,0.06871626441612172,-0.07985019500949664,0.0,0.14008453627666737,0.0,-0.455843773581962,-1.0384061221237477,0.9614819523738144,-0.08412942576757514,0.6328152602508598,1.6289397482279453,-2.4254052195186167,1.463555505471181,-1.5167914672466907,-0.4670167982369435,-0.28134412678022924
-2.738771256047141,0.21737438806532636,0.11450984574230925,0.12885734424817377,-1.6552766523743156,0.0,0.16183323576185432,0.27452074442371366,0.0,0.49253083696874667,0.0,-0.05001179563009826,-0.9986024443062345,0.43808620743393123,-0.13202687982890965,-0.9365978862319849,-1.7606479272945246,0.9339363930261435,0.16181451144921236,0.026711248809075987,0.19394435671585003,-0.5615739013483656
-4.959605978816726,-0.28805756338076766,0.04134012453042219,-0.05396365123979697,-1.5023491479748705,0.0,0.07908544769394994,-0.0467954329312069,0.0,0.30006555680768776,0.0,0.038634443721795,-0.3106453322700227,1.0800453014177052,-0.08886432138644818,0.7961087882706205,1.6810969366782187,-2.6711709348318817,1.8737742432555369,-1.562335058563354,-0.6784052797806118,-0.3413771683493962
0.3254773402677773,2.5464492471153664,0.36412191481956657,-0.06977110710772236,-0.013665706537749296,0.0,0.19348810909475136,0.41743604351057145,0.0,-4.456684339042307,0.0,0.04058709606677679,-0.47243702803385174,-1.3861905313892093,1.151353537127913,1.4712547550671975,1.2044058224064338,1.9813523870182417,0.8690984525950356,0.6754987236250123,0.38083694901383,0.11042952454659985
0.2387510154379861,1.8275201040796565,0.32866630499412264,-0.06977110710772236,-0.004411056129888378,0.0,0.12409827933833747,-0.5940504732246544,0.0,-3.2898247365829674,0.0,0.2216570771155551,-0.5057059556804954,-0.8948199592124043,1.1799184936860732,-0.631030728218799,1.7580965343388948,0.514622626057333,0.6099467065016635,0.426474843248025,0.3199916309909241,1.8997616390449417
0.18187000921751312,2.3047530527077327,0.3077325337068475,-0.05463018445107665,-0.0023514440611733093,0.0,0.19357642779174608,-1.1345156144794646,0.0,-2.753488420844342,0.0,0.23654004746112137,-0.5750381020878574,-0.8790010399077994,1.19551653434934,-1.744629829262599,2.2153939093976796,1.216841212535336,0.7024465684635016,0.6148905357914631,0.5545947838022192,-0.32678538994151834
-3.2300903237199146,-0.13343499752289129,0.055976015437295946,0.04813840811152578,-1.6966078580477586,0.0,0.1517826565152611,1.926959857408611,0.0,0.32726712309263656,0.0,-0.5858501476493286,-0.8792944260407883,1.3013225285399304,-0.2093176189908283,0.1853177891599053,-1.9666692402675614,-1.7872680006669712,0.36872219663855027,0.8547032875510159,-1.1139494249416824,1.4257318055506671
-4.623369132451006,-0.4194399739979185,0.04530945289138923,-0.05856160766370796,-1.6075392122863796,0.0,0.12366759830817857,-0.059442683268523464,0.0,0.24482829603440862,0.0,-1.1639468961690342,-0.5985985397736797,1.409328396801774,-0.2540840098192381,0.8425259499721712,1.5888311260989862,-2.7630421853374805,0.22240076438257173,0.5701834386592435,-0.26728058932541066,-0.0183070922521966
-4.523686033043996,-0.49414773452016714,0.04093094634009617,0.03700493840206429,-2.3482467577258883,0.0,0.1428896179161002,0.06832281549068928,0.0,0.40048979689025066,0.0,-1.3400758380181006,-0.7355333381446788,1.8090410753110797,-0.25616743818441595,0.9022340672176127,-1.594384307858546,-2.401466032967208,0.3357149370969899,0.29107900295115113,0.7640782730225942,1.6237746460534754
-4.427357578151096,-0.508853557590525,0.03209842186320659,0.05214586105870999,-2.3482467577258883,0.0,0.12412078077658156,0.04005026626967835,0.0,0.38639457443546515,0.0,-1.2136344887064696,-0.652997589412987,1.8832119225750357,-0.27809321575151796,0.927273315088934,-1.6120903203582928,-2.3589582608069617,0.25885856524424183,0.2080307874403192,1.1928464939862387,-0.1022075150908896
-4.584688315187685,-0.5463411188537538,0.027971426394406043,0.05214586105870999,-2.346582394454401,0.0,0.12412078077658156,0.03531899881119609,0.0,0.37992714438286007,0.0,-1.0929876283363094,-0.631999886446418,1.872501563293824,-0.2774044307206175,0.9806639037280254,-1.5553850098758293,-2.3647618004501894,0.21545052272583554,-0.023534321670855236,0.4885708518710805,-0.10648571212284147
0.32664769133427274,-3.250630238652279,0.012082814935468407,-0.06282523104425403,-0.09773480605772195,0.0,0.14191317390479435,0.4684749048851599,0.0,-4.09723171627911,0.0,0.6569030345266877,-1.4293497039558278,0.7788532610054981,0.4762271189544583,1.7122026084333206,0.5727235992823957,2.3848853487312174,0.5832494534481634,0.8049250433454619,0.21937801513436023,0.7038063843313119
0.32664769133427274,-3.250630238652279,0.012082814935468407,-0.06282523104425403,-0.09773480605772195,0.0,0.14191317390479435,0.4684749048851599,0.0,-4.09723171627911,0.0,0.6569030345266877,-1.4293497039558278,0.7788532610054981,0.4762271189544583,1.7122026084333206,0.5727235992823957,2.3848853487312174,0.5832494534481634,0.8049250433454619,0.21937801513436023,0.7038063843313119
0.32664769133427274,-3.250630238652279,0.012082814935468407,-0.06282523104425403,-0.09773480605772195,0.0,0.14191317390479435,0.4684749048851599,0.0,-4.09723171627911,0.0,0.6569030345266877,-1.4293497039558278,0.7788532610054981,0.4762271189544583,1.7122026084333206,0.5727235992823957,2.3848853487312174,0.5832494534481634,0.8049250433454619,0.21937801513436023,0.7038063843313119
0.9712489014942073,-1.4783090626159296,0.16007910504281955,-0.01771710704217844,0.13347857130192192,0.0,0.17241650665634958,-2.4426155835680787,0.0,0.6286581166728602,0.0,0.3311043041140592,1.194731074877812,1.022669106308533,-0.0744753371847725,2.4664846397353632,0.9585620366959816,1.2928983069013475,0.3395420476809687,0.8348687199689923,-0.6922228962971013,-1.6534237072201396
0.9540802234961543,-1.3650222662152331,0.16007910504281955,-0.017717107042178444,0.1333207278491316,0.0,0.1362340763624495,-2.2556733305129053,0.0,0.5940164496278043,0.0,0.34174994085153876,1.1956205353676472,0.9829432210029087,-0.07317159640244819,2.216603718072951,1.1368015563362686,1.1750672568491567,0.5388983484688622,-0.47376187608574244,-0.6517550838031325,-1.3663023483913939
1.6168122071240718,-2.5761169238623203,0.36261653274370576,-0.01771710704217844,0.14894284341489938,0.0,0.20512374890475824,1.8356029800188438,0.0,0.7888129685427429,0.0,0.6913807566615758,1.2551457099193792,1.2937496561802369,-0.05014785970773674,2.0317981766291586,1.8026140134187212,1.6873352497415648,0.7151914599840372,0.6929542154579056,-0.19076495379831065,1.4214611751781208
1.0105152847821077,-1.335984736230041,0.16188575893689058,-0.01771710704217844,0.14104968269690724,0.0,0.17241650665634958,-2.2933615593434946,0.0,0.6139077782234763,0.0,0.3502592485319219,1.195738423670408,1.056986776881972,-0.07154722224947857,2.3485626393597765,1.14948450489983,1.1964588335236244,0.6676209950718494,0.8557752275172829,-0.7850413601047082,-1.373318730959874
1.0062143343240206,-1.3708662424635103,0.16007910504281955,-0.01771710704217844,0.1333207278491316,0.0,0.1593464188386834,-2.4123095846256164,0.0,0.5885468245827262,0.0,0.335743645602669,1.1852215872950664,0.9874962545854764,-0.07384183775408484,2.2353479460840204,1.1487145427855612,0.8541424645192387,0.34482287485683233,0.7564341991017656,-0.7044133745477681,-2.2214418298905114
1.6035165770161786,-2.096709518662856,0.35963337390911015,-0.005161441574514834,0.15220959045953916,0.0,0.15161109676214654,1.5808279512471188,0.0,0.7210614363318185,0.0,0.6778273990065706,1.1879575486707048,1.2452036946382825,-0.04013082490435673,1.7097534959909495,1.8679855534438419,1.6805356387069559,0.695733023527004,-0.6005893327936939,-0.13104000623779627,1.6964170507199676
1.5215014859192282,-2.8993365289127837,0.35969076893559054,-0.018618727784554492,0.16726501119163248,0.0,0.20330312628629382,1.6206164475477478,0.0,0.10072962832608136,0.0,0.552735119772543,1.1621323724107135,1.437059457079746,-0.051107206616626835,1.595379833104802,1.5233051767736507,1.5659204534262021,-0.8446770444689332,1.5833226856349034,-0.350496847411875,0.04602496064728794
0.9594717323093962,-2.0604563712684887,0.1502354229427014,-0.018618727784554492,0.1749186391252668,0.0,0.2090017412659306,-2.3195112010149774,0.0,0.06833380229615647,0.0,0.39727421656568207,1.0092838208998955,1.2630789454172155,-0.07317829522126218,2.3801743394893147,0.8899346833162775,1.9589181842886652,0.17518374895450398,0.9873343847491456,-0.7432234841809414,-0.0967181198502157
0.9081870281454477,-2.051458290101541,0.12231417282818881,-0.018618727784554492,0.1667486701778249,0.0,0.1675543258245239,-2.321225141028228,0.0,-0.016160283998355403,0.0,0.35521297000904184,0.9825502629079464,1.1475234083574408,-0.07154722224947857,2.3988058374567385,0.7846394703745617,1.9185820990175455,0.619585198294983,0.5071668244885371,-0.867148451392592,-2.1059202521265585
0.9123671586627855,-2.0003185765693985,0.11388544451160122,-0.01771710704217844,0.15599607249734468,0.0,0.16084533971170634,-2.4242949351757526,0.0,-0.07111965976819626,0.0,0.245421582393126,1.0011990773375006,0.991094356449492,-0.07384183775408484,2.0300540053869627,0.7200028719544981,0.7446233902623086,0.322695497910563,0.22243542015785323,-0.8434520105776302,-2.153556077361462
0.6756820142610077,-1.2077783830015099,0.15316055407570436,-0.013265225729274816,0.13922377657613721,0.0,0.13159839848137578,-1.7837347844392624,0.0,-3.7575163519883295,0.0,0.3577226288141658,1.154778736418641,0.9374070927523138,-0.07875604736060454,1.6509353532941928,1.1277918363812918,0.9600059966602016,0.4217344081876715,1.0923878308344162,-0.8087861600921942,-1.3088225662123738
1.4785436217193164,-2.176008022164532,0.3874147457593609,-0.01771710704217844,0.1506391520913019,0.0,0.21803484006935286,1.9202811741589467,0.0,0.594645639371483,0.0,0.7735456243639345,1.2896069016451048,1.384866575878955,-0.053283962045577664,2.3883918510437203,1.8862802037883235,2.4182940692629336,0.75142833081692,1.3216692948639133,-0.07878549953655119,0.2671926498482067
0.5280823377079475,-2.4224453889647415,0.06848265632303978,-0.018618727784554492,0.16281494125674092,0.0,0.14457291984510443,-2.0462834174295583,0.0,-0.05074092376785932,0.0,0.22951054444106314,0.8840371448978536,0.8984140139841492,-0.0773217759957697,1.7229684664886311,0.424092512088554,0.754319558455644,-0.3308530770514895,-3.074405414755536,-1.4827706429702137,-0.38813740592227436
0.49792925461014736,-2.4941629289799883,0.03347796173424879,-0.018618727784554492,0.1700651282188185,0.0,0.12934182788102458,-2.061444469766698,0.0,-0.06029327185667469,0.0,0.4092787274211382,0.8255044152576607,1.0215300013370145,-0.07042916994748183,2.0314547070540705,0.6753302886681299,1.6799740993011625,0.12233312390188783,-3.2222827247040486,-0.9498129521509245,-1.4635546251952194
0.8432682825221028,-2.769483971852095,0.09024107622708943,-0.018618727784554492,0.1628547617487332,0.0,0.1365063156802191,-2.4571347531936705,0.0,-0.1379981284674189,0.0,0.32297515925196196,0.9596057234985059,0.9976855526858357,-0.06165571209406465,1.7930224180765875,0.7595755621599432,0.3402807360172827,-1.0793244446475314,0.2994321792331159,-0.48782649742414935,-1.3748791249824837
0.8903362922332418,-2.6364480741677103,0.12808083584480146,-0.018618727784554492,0.1628547617487332,0.0,0.1572846091336931,-2.373065690080777,0.0,-0.07051137318934253,0.0,0.3483134230142325,0.9888840297481596,1.1274526281556794,-0.06628568917297437,1.8845271477954693,0.838097400527133,0.5582176015918605,-0.9722913813231208,1.399288311674323,-0.3762575603586525,-0.9771088999027172
0.887984136959793,-2.2931458696906075,0.11894641940044595,-0.018618727784554492,0.17092783639442405,0.0,0.17537074995006474,-2.26908201168808,0.0,-0.006545355917948878,0.0,0.4354060307690979,0.9929518787995331,1.239730902465684,-0.06165571209406465,2.2781283939105874,0.9256193540549599,1.7773531021271358,0.16070759308760005,1.4661687787269555,-0.42111793852108975,-0.9798191538656645
0.8504148161394478,-4.720883312888723,-1.1487843137054319,-0.1072765728267269,0.13017016329292103,0.0,0.0722965015833256,1.1664100493618559,0.0,0.0005232476871042357,0.0,-1.51557738323326,-2.3124914262353666,0.03148277884275713,0.23424428905411804,1.771617868561092,1.0959430442447058,1.408969437028171,0.25239715461209444,-1.5347407112442646,-1.2334128847717425,-1.0852998147616084
0.28087575728667535,-3.4215844039376107,-0.5592677392013754,-0.10308073108469533,0.12054347595649466,0.0,0.08990229093187628,-2.1313423207700266,0.0,-0.25623321877112276,0.0,-1.433429935988278,-2.112275769199715,0.11887124500315589,0.2883065916478186,-1.365618634667602,0.3038792098769118,0.4669070871878531,-0.19923962097890882,0.2808798082512107,-0.8415188669242798,-1.0197977038803185
0.347627403361745,-3.4487753515414745,-0.6053734539593434,-0.1072765728267269,0.12367267439080196,0.0,0.07605149179574977,-2.094680585726263,0.0,-0.28305719215052283,0.0,-1.2901721603338863,-2.1778690681461175,0.10640128203131084,0.29321618528309323,-1.0882479957047362,0.220367691162649,0.5641149642650136,-0.2026765118479497,-1.2869146980545085,-1.2517202573628672,-0.9986669920239851
0.7313999046124808,-4.171548662574588,-1.1646227162968457,-0.1072765728267269,0.1204875996971247,0.0,0.0718793014330111,2.544632663479116,0.0,-0.13321006162619334,0.0,-1.642127382177083,-2.3474881420644222,0.09938131040175345,0.2480459405744808,-0.889107241092066,1.1012493501767948,0.7598532633270298,0.04946618832778999,-1.4461319314970413,-1.2683023942118776,-1.0343037315842312
1.8932885393342067,-2.2456343010346984,0.027090499442492633,0.11870751725602466,-0.5833721148978446,0.0,0.06364069058521737,0.4994796135428045,0.0,0.38150816740642357,0.0,0.28387338790949396,0.446769312153876,1.0295994898828407,-0.11128392219965323,1.3965764454526026,1.9110144474835957,-1.0731367828991887,0.595266897113948,-0.8518437967720731,0.5298502885618231,2.2627397652570975
1.8099230311033203,-2.1084063871736682,0.05254092848808224,0.11870751725602466,-0.5302520247184147,0.0,0.071765220802191,2.041049770044554,0.0,0.3424067182003497,0.0,0.5742946581210108,0.557933405640267,1.2084731861901434,-0.05636256424005937,0.33806116912193845,2.1770384316282225,-0.4366119305361187,1.0007464808443676,-0.7984318434831027,0.3380173037782252,2.0323835903000673
2.406707736393132,-1.9571899648232534,0.16382185292896306,0.11959231263721248,-0.4855605968526627,0.0,0.08507410614229267,2.2647228609342855,0.0,0.4374850471130477,0.0,0.5573477016010939,0.7967902437133798,1.8114102318282261,-0.025008043502023052,1.2812862423548437,2.6746191292565715,-0.6792597302504919,0.9764974114977202,1.228141856693251,0.953611707071764,2.5698276464320915
1.9080636782367688,-2.2375988304516574,0.0989766086244157,0.10413733321245695,-0.5900403262990881,0.0,0.11806100691451848,-1.271920421162078,0.0,0.3570560904639527,0.0,0.262239154731708,0.8931390334607731,1.2706477832183138,-0.02920076501067861,1.9496774744190954,3.177898350939887,-0.38867807819040495,1.5544200739047778,1.1073644695351954,0.9288729058468373,1.4580177271315184
1.9921329851673453,-1.4918837404356837,0.1662233368763917,0.11959231263721248,-0.4925474336264343,0.0,0.10764932069996629,3.029660938664745,0.0,0.024606907007292428,0.0,0.5808850092297873,0.8411714980525985,1.59168130275492,-0.009976255570756303,-0.4771722449588467,3.2065391969284214,-0.6670835228257123,1.4701405415979396,1.1896496511082753,0.7846686195828437,-0.11666420395680294
1.4172106695876652,-0.9957908477434557,0.13141424416779068,-0.0147751003101824,0.14995606720365426,0.0,0.11500007983591397,0.4941560990697472,0.0,0.4069084302657216,0.0,0.019755202269316454,0.2948083043346643,-1.3941057034228828,-0.16148347549835496,0.9791898405664586,-3.244371907789035,-2.6273855886754265,0.5522816180517393,-2.047463103875295,-1.1833230852729404,-0.8895603656353616
-0.10825550184220653,-0.697633067486393,0.08673169887469712,-0.013630428275900377,0.14752888832899894,0.0,0.11490464114586418,0.3600437437429301,0.0,0.6524793770785873,0.0,0.06482704990254123,0.2969213483779399,-1.453875715772899,-0.15827647051322713,0.9908828310225202,-3.3248611862883326,-2.87696644086121,0.5806834441612554,-2.016724469859013,-1.184043159644326,-1.2160554067784628
-3.034388441993663,-1.1660415150800083,0.0701280192765011,-0.011784229169941618,0.15806258169653556,0.0,0.1264436032411475,0.26571337393441363,0.0,0.9863268547709411,0.0,0.1547905378076283,0.30132100841068626,-1.6140719940932093,-0.1704651582939176,0.591775048368725,-2.827047277879936,-3.4373550297325006,-0.6051048542581644,-1.1969482001726095,-0.7592359122002956,0.1461450361495882
-0.5568819477355953,-0.9367406396309869,0.1194732900718309,-0.014320403050310689,0.1382981173458254,0.0,0.09376058586979204,0.4292477872309233,0.0,-0.5199840983806251,0.0,0.1753574128986463,0.3404412534355135,-1.7144617949785501,-0.1484122554287576,0.660511266157379,-3.603790932746087,-2.7292891134951036,-4.153248787763168,-1.2535627301059253,-0.7379731942434289,-0.6870601157337413
-0.4107803175351756,-0.8998322707293519,0.1194732900718309,-0.014320403050310689,0.14758304839936998,0.0,0.09376058586979204,0.35526947622270144,0.0,-0.4750008730519449,0.0,0.17088721813658878,0.30961731791830815,-1.8605681656545094,-0.1680635436618577,0.9597256078279227,-3.720157016031245,-3.0235087212068734,-1.8732025312464982,-1.2292000183027305,-0.8110769020332058,-0.7391242854249221
-0.8948946556201507,-0.5119931700830663,0.025731933892160053,-0.012348567499417856,0.13441686863001548,0.0,0.14909112274640807,0.306497162778178,0.0,-0.7041261585313441,0.0,0.0716496959720993,0.25640304214259174,-1.947434032112921,-0.19746949282547924,0.7681513142482651,-3.61501905891921,-2.606591909615469,-5.010195776981093,-0.24249679908512758,0.8704478156392728,-0.16323559196042292
-3.5587513337751924,-0.8097491186040987,0.09630888420514806,-0.012474203944351928,0.15736976934843086,0.0,0.10281283604897148,0.13492022639131895,0.0,-0.6808548644052455,0.0,0.1498664022085026,0.2976052040917287,-1.322433592651426,-0.14637552433818415,0.6201083597209398,-2.3844492576486993,-3.2275609998810344,0.906280925455686,-1.6105162653226626,-0.7081515624310531,0.3980228102188329
-3.548462521307486,-0.32178618720649277,0.045970641725022264,-0.016713086137994874,0.24697759486517606,0.0,0.1170635780687017,0.03769670445127393,0.0,-1.5079775655045837,0.0,-0.22242409507496408,0.5661727802389166,0.2802291100855614,-0.15282667818238824,-1.2137350783955925,-1.8155160111766029,0.8056764255497595,0.08002809820245427,-0.09101223480717885,-0.04795616517234741,-0.6912075697104013
-0.7684186877185303,-0.940913435343438,0.06240228024268833,-0.00027855217816678303,0.1462094186232396,0.0,0.09337645139506025,0.34242344923429263,0.0,0.9444847437637718,0.0,0.18271993906056433,0.22365284925622547,-1.7049791345449494,-0.11028246341932907,0.6474313357713165,-3.8254542725043432,-3.0272459903336895,-5.676687535686674,0.40916561347992525,0.18470130095540938,-0.21154011914858578
-0.30998895495835593,-1.1223532329105916,0.026341567250687464,-0.0034158711701036933,0.13132089804600208,0.0,0.11266580701691001,0.5228400697325633,0.0,0.8085491173496584,0.0,0.14815074680737905,0.20425415148011028,-2.0905835787257727,-0.18284436282148278,0.8986787512456927,-3.148099028025384,-2.9627173805722995,-4.8341519802419715,0.4532754411289286,-0.32179327364633914,-0.37006289043081
0.6787360600699817,-1.1960315526312333,0.12990127527227044,-0.013630428275900377,0.14047908060197464,0.0,0.0929230712750135,0.5389898332529275,0.0,0.3296585581103499,0.0,0.1450759386060027,0.3450682117541221,-1.585119014423484,-0.13076504128347088,0.6343455996922304,-3.526929467597608,-2.7713985281365474,-4.45742683796842,-1.6636567178242747,-0.7271034682411198,0.1712666325186271
-3.0213664896055894,-1.0450429282965277,0.07105834296725676,-0.011784229169941618,0.14581820840389403,0.0,0.1264436032411475,0.2797703736930097,0.0,0.9793574056690936,0.0,0.12857243216750366,0.3001649450580686,-1.6448890792328847,-0.17219099400863133,0.5870501760449006,-2.826862617842198,-3.44576613495717,-0.7895473073581842,-1.1976030326330813,-0.971800242587124,-0.8904773742901991
-0.0808546555745122,-0.8574886968391299,0.048926093133835696,-0.012348567499417856,0.14600879453259313,0.0,0.1457005481996775,0.3419601867346963,0.0,-0.7126471694175948,0.0,0.07736548843367175,0.17780119351720983,-2.440961827106124,-0.19950478075296538,1.2769720920206362,-3.2512487455899146,-2.825945500335295,-2.86908648746667,0.4259344586181858,-0.3753577155243412,0.46884822321443115
-1.3642048677576564,-0.38329918550447073,0.11721831713582116,-0.021910998509843287,0.24697759486517606,0.0,0.13850721878451297,0.2742777575812178,0.0,-1.3267319716500496,0.0,-0.29454023911742183,0.5798431538880076,0.36635164481346644,-0.17794505948554815,-1.5179330008079295,-2.5621919229104235,0.511328522283353,0.16199469513345072,0.23272856954330626,-0.05040876935964084,-0.7540640599092933
-3.1484740797618787,-0.9162923701416638,0.06351565507468465,-0.015490924138773336,0.14569620672474942,0.0,0.1215891443521424,0.17180342351278677,0.0,-0.8158133455002982,0.0,0.07392003981697369,0.40259587744995656,-1.6628891309986147,-0.16885112135153169,0.56701447716772,-2.849077312935623,-3.1067469125262135,-3.996492437249408,0.5018505455698972,-0.45646414309907624,-0.13378872855181506
-2.7381800680674093,1.2685505144388536,-0.0010113733874133287,-0.0024818172413051546,0.09561728612160494,0.0,0.156146129844345,0.5698178843845402,0.0,1.9704688637917516,0.0,-0.06899707350755509,0.2811516929689797,0.7064599137629748,-0.05924759887119152,1.9112311307818204,1.397441822296397,2.3261755273883957,1.5617283709901368,0.363501246273708,-0.444650400185315,-0.04457465790597741
-2.740248074297057,1.2562759222024364,-0.0010122146847376082,-0.0024818172413051546,0.0918873181785322,0.0,0.15594264294745522,0.5603383668533691,0.0,1.9704688637917516,0.0,-0.05994792095335966,0.2844937930505597,0.7712849970730333,-0.05924759887119152,1.911994036452667,1.397441822296397,2.2908322508259054,1.636761716368528,0.22667747340212,-0.457250427552473,-0.2598676851282491
-3.475236361813481,1.2093493529994648,0.010021237961287578,-0.0024818172413051546,0.09611054724577626,0.0,0.12540955270140877,0.5092147489201986,0.0,2.106387196853431,0.0,-0.05640738965115956,0.27346737251752495,0.9984229065637087,-0.055516016767776455,1.3495815910246263,1.3108268492954664,-0.7955314872471492,1.738340882742374,0.08227184735897149,-0.32430394938246165,-0.9533067800898005
-3.841831358358947,1.0128800930949697,-0.011988958342032573,-0.0009192517424229988,0.09357126248372526,0.0,0.12814360597082805,0.28397893430896903,0.0,-0.18506003621049316,0.0,-0.028451978841297607,0.16469195521058885,0.5722762068578512,-0.137005183650623,1.3330071510567685,1.412982996598545,-0.993607680865585,0.9394178206555004,0.3884715397810408,-0.30447101625713385,-0.7730926380826187
-3.9483822255894574,0.9503112092889403,-0.019990583491154155,0.0009642656613802216,0.09357126248372526,0.0,0.10162984389396572,0.27260340437961894,0.0,-0.17329996754484744,0.0,-0.13673945132948043,0.15945085483372634,0.185876785606042,-0.13811972135860906,1.2232738020686889,1.437573325741402,-1.1656245240545646,0.8927686918115711,-0.08080540792662813,0.05121771895288171,-0.8296500177477916
-3.901571318953073,0.7942690692908462,-0.02548862089722947,0.0009642656613802216,0.09342210805498183,0.0,0.10427816822577028,0.2730076557146109,0.0,-0.1929229981603608,0.0,-0.0868598845714179,0.1410314294169988,0.18292919271472596,-0.13811972135860906,1.198860168116994,1.4675359636270338,-1.1896038085954934,0.78709374541577,-0.2262938757578673,0.28252284435217107,-0.87998566945524
-3.4743400291380158,1.21100983191842,0.009752631855273192,-0.0024818172413051546,0.09638783742273303,0.0,0.13053115568680057,0.507138206115436,0.0,2.106387196853431,0.0,-0.029848546266602365,0.27408086730356546,0.9986233371861284,-0.055516016767776455,1.3644058550554068,1.3108268492954664,-0.7876496899478637,1.8694724893088894,0.0912180095234244,-0.32430394938246165,-0.9446479929198659
-4.386441773063352,-4.325994658818477,0.023987651188483904,-0.055999565063351776,-0.19472725971621752,0.0,0.11901686953066691,-0.032016099904053345,0.0,0.16427604045355249,0.0,-0.20893941340275482,-1.1611606398693821,1.0093017292361461,-0.08711678490065432,0.835338746549991,2.1003766326130906,-2.4136719012887258,1.4334034330284973,0.2682549997001061,0.5767681769096814,-0.3232843802074461
-4.32201185142652,-4.321077552613647,0.023987651188483904,0.11567736140885056,-0.19472725971621752,0.0,0.11862151619438117,-0.032016099904053345,0.0,0.1624910127282197,0.0,-0.20893941340275482,-1.168989400105451,1.0093017292361461,-0.08600467975108418,0.8332690103920405,2.2885960065112876,-2.4169066417818708,1.4334034330284973,0.2645657277930636,0.5889121019930449,-0.3029389887208226
-4.6425518669034505,0.7671979854128215,0.03631416488731669,0.11289831950282707,-0.21522190242096023,0.0,0.13273251507447292,0.12330673621399524,0.0,0.35402340668821675,0.0,0.12192655587814342,-0.31901377957922733,1.5096243779238563,-0.0967045698580143,1.1767198554286282,2.2707232964652846,-2.445833866824632,1.883015219534053,0.44487731106905737,0.4537069969767256,-0.3331347789686545
-2.3075109539624217,0.25896924210960315,0.16099016932320082,0.11398822587918361,-0.055724687220667195,0.0,0.15989328462477692,0.6058931722794237,0.0,0.19723115023505164,0.0,0.10276837665843472,-0.8289958564026052,0.5833365537634918,0.25931295995174697,1.9569081373844406,3.358495234532661,1.997722084785938,1.5022654879772146,0.5553454285851391,0.2741268031993134,0.7807828411683624
0.01590220233766171,1.638755684534337,0.2673339005237995,-0.007661887669975109,0.3030225823440149,0.0,0.12173578478713311,0.45260749294115504,0.0,0.6508222282869249,0.0,0.4490577179263484,-0.5446872865038268,-1.6226494369214084,-0.16408871856825896,1.474335306623403,-1.542407956265169,-2.9793295164425437,-2.672924226701914,0.3586204995092968,-0.21723972166737143,-0.39189043690087116
-0.2660892999242624,1.142758177022393,0.2377205603940223,-0.007661887669975109,0.24120346094256812,0.0,0.1118275003594036,-0.8537319558148453,0.0,0.5569759185761445,0.0,0.4657750029751807,-0.5158778948199587,-1.2164955654232148,-0.17254881074684758,-2.0401553319742796,-1.5457349581473465,-2.1890468999206076,-2.152453689481752,0.3027682816996761,-0.2707169703271823,0.27621636889937223
-0.4639963490487345,0.03818966269096837,-0.16810677441352234,-0.11089211930710698,0.4478846222009584,0.0,0.14922632651295067,-0.6749412613338662,0.0,0.862081964647118,0.0,-0.014977199570754681,-1.3733303195706832,0.8128924577321801,-0.1379621538398652,-0.9060611486458184,-1.4896678968145278,0.12617285332928332,0.2863385972495483,0.2544777212307955,0.07870709473423673,-0.8387800359954082
-3.6320255095918106,-1.8546100722201717,0.04506883321036361,-0.0011311918271302863,0.17560039790746879,0.0,0.1333907230464545,0.37185465152809116,0.0,0.06008672713910617,0.0,-0.4792908947997846,0.6119708609490554,0.7609651997644482,-0.07685326239057703,1.4222439222969965,0.4063870195734238,0.17786622584869866,-0.7043853509227846,0.6247209176678816,1.5172772147974993,1.2032676740237234
-3.0401286513096153,-3.0540491936205374,-0.21617772648652647,-0.02082956980276023,0.15506375065682654,0.0,0.17490962630232282,0.4084654909117007,0.0,0.22956888111871956,0.0,-0.631287659154107,-1.4288460808935057,0.6232205075518589,-0.06714415354196408,1.426716371017834,0.5994501744289723,1.9810532037071618,-0.7479934333026073,1.2369653880627605,1.5822267735731268,0.9756743134319309
-2.946371495083025,-2.927585307373285,-0.21948134583485482,-0.02082956980276023,0.15506375065682654,0.0,0.17343599386688183,0.6692525260376125,0.0,0.22141829738615773,0.0,-0.5910954770608317,-1.4045046898387372,0.5785350515855321,-0.06735870356026129,1.457392471236986,0.6041169135209276,1.5630108236444817,-0.7851490501032429,1.2923377581716888,1.5698235623974712,0.9650687363826795
2.042013817027206,2.5017483178219275,0.04981575105513864,-0.017454783996002393,0.5484642132388422,0.0,0.18738108922764105,0.867227584368807,0.0,1.1871886511285903,0.0,0.4554163278327208,-0.0203831937309106,4.165453319616472,-0.17028552194421212,2.2628003787651636,-0.3305195085304546,-1.018859392798735,0.747439958144734,0.7194537282052185,1.3281753505985636,1.8419762650603908
1.636063719900425,2.186784144653947,0.023072556249987834,-0.03473246644249023,0.4613201573955886,0.0,0.16473539296710085,1.689652637906047,0.0,1.2216348290239358,0.0,0.474154619040068,-0.20850369994687795,3.2282571272219607,-0.1760032222893873,-1.8441872560674155,-0.23913557592178775,-0.25209313107216397,0.2905226506847939,1.1308651285614009,1.548519433481567,0.3859446607360237
1.25192044462001,1.2285845827602697,0.021861824105319005,-0.03466037792400887,0.45223971519653544,0.0,0.14196545911615124,-2.0451070309459762,0.0,0.9545842069529794,0.0,-0.01707318594197843,-0.36353232292453846,3.2297715935109017,-0.2023199793186163,-4.035426824943876,0.4964781492940078,-0.930639449721278,-0.6822684474123878,0.5018607079058982,1.2060164402877585,0.27847052453169474
1.1798143738812361,1.444158524948847,-0.005451353196273212,-0.017526872514483753,0.45845502924034137,0.0,0.15092079326966337,-1.6087926854055665,0.0,0.9375992732604608,0.0,0.1966049879724993,-0.31438958854068444,3.1290052544542846,-0.1990596020993096,-2.572092479303944,-0.10203528108253206,-0.7218525924919063,0.0031384621073977294,0.765893510070647,1.1503216108840508,0.4388798137465075
-2.949962780511769,-1.503613034132503,0.12434009166913866,-0.013373522791703882,0.12854800899596477,0.0,0.14615033477673262,0.6552438310983841,0.0,2.5285489436636617,0.0,0.3649185432027013,1.0818461706038853,0.3385932239726746,-0.04517531032693355,1.0468561377528174,0.8484686122218326,0.48520932728148514,-3.175162588111121,0.33584691091262303,-0.5281207615846027,-0.10866921753482818
-1.6608872816390619,-1.1147302810923054,0.10560458441528751,-0.011744384995794395,0.112310084426943,0.0,0.10863598328863525,-1.505042322958728,0.0,1.9775727767212279,0.0,0.0693945174387654,0.9052117755076577,0.1866246385599363,-0.05511967954128286,-1.5051155795074123,0.4643725224497732,0.5551433956510247,-2.265191417586019,-1.046415670430633,-0.8916317415925175,-0.9477906063042942
-1.6608872816390619,-0.9733459998532847,0.10560458441528751,-0.011744384995794395,0.1118403897216133,0.0,0.10863598328863525,-1.4993906396611698,0.0,1.9390890415259745,0.0,0.0693945174387654,0.9052117755076577,0.19946125168567064,-0.05511967954128286,-1.5448385727624445,0.46062476189400264,0.5441791685858146,-2.266201262169205,-0.9622728964503064,-0.7187782452577258,-0.5685528728649085
1.8161412653747406,1.7308382956688801,0.1895766705631148,-0.002301293856061196,0.14167926914103376,0.0,0.10896899306376524,1.0804144356207162,0.0,0.4167424919482414,0.0,0.2829271006982599,0.3685024952875425,-0.1961893964724695,-0.06837352086879597,1.3412000053149489,2.247000491061189,-0.5291876799940439,1.6939228243136792,1.2559117410333833,-0.29533153514795346,0.4578853584957272
1.4125332189558604,1.6795845505066753,0.2227604442590142,-0.009664563214927289,0.12289698892211132,0.0,0.09828059796309536,3.588722972915609,0.0,0.32827207491880545,0.0,0.426247890411217,0.374187862095809,-0.014714296060944546,-0.0721168385963678,-1.2512525805670243,2.0646341413189644,0.1989245814176928,1.6656839362824332,-0.5727583177946166,-0.011409370350550794,2.3888449494734174
0.9506575525224575,1.1426232278500799,0.10105142748492459,-0.002301293856061196,0.13071332802829624,0.0,0.0937904299179235,-1.6001626049777486,0.0,0.2547345688082365,0.0,0.4991713017359254,0.4203881134292729,0.23243460151687598,-0.0851380858115729,-1.8813576634654412,1.6004367038856802,0.24779868477164968,1.7257043415582691,0.8920959768943558,0.04908682237626675,2.054247252588832
1.50547336470461,1.566428408098026,0.21441428248323413,-0.00024032391523900326,0.12026828663298515,0.0,-0.8002033663642925,3.096765630901525,0.0,0.2820437323206039,0.0,0.4088631731003358,0.3728336999413724,0.09063291810468496,-0.07377995697891085,-0.003671588714088835,2.2190823619510662,0.01323010845669801,2.0085023489135994,1.5087803583349944,0.0568460158207151,1.3683851387617352
0.8460914840792357,1.1777137494621284,0.10126915359285314,-0.0020376435874824425,0.13145843833421156,0.0,-0.8709452912725472,-1.6592959625868813,0.0,0.21808205435569494,0.0,0.4871348872607506,0.3984975311525897,0.22317584079891364,-0.08680120419411594,-1.2559082013864864,1.6275753839402995,0.30679696598811806,2.0832779552264427,-0.24881031320569763,0.060709340366072215,3.348198512531049
1.259987779445363,-0.334986772249466,0.10849077976900995,0.09669748770540225,0.16374162633819436,0.0,0.18284936506756502,0.724641403135079,0.0,0.6426253572739099,0.0,-0.2675389785734374,0.32251682512356805,0.6199127990115219,-0.11171957481540945,1.492176157748491,0.5554071971686978,0.3121474778887362,-1.5985086905982657,0.07820758257586087,-0.22978426028427323,-0.14627898255300914
0.7552515292672831,-0.4552071533155708,0.07240831987114651,0.11854044439821416,0.13722108517846035,0.0,0.15358443413819142,0.4498212606600081,0.0,-4.572033965658141,0.0,0.08207205051672158,0.17532557559013648,0.602981912097638,-0.13504321041734463,1.0650704743705794,0.6674835338996303,-0.07341790151935386,-1.6545063937988538,0.18211852392374406,-0.2620216636732782,-0.28389510794726386
0.3226256074620346,0.053179215104615984,0.2237464901532053,-0.010022363648700868,0.1658258531377063,0.0,0.1738215339415293,1.0017250238398367,0.0,0.36187116467919594,0.0,-0.9383232732317356,0.6108776449732006,1.2826850356473158,-0.0758905440899029,2.5174116018016255,1.9352081189729127,2.1266990780865807,0.4261146591477456,0.9705898830969443,-0.4887719799453169,0.7091885986600899
0.4497993849015948,0.5095912325433326,0.03565194351763679,0.0009358417251932299,0.14095537946904724,0.0,0.1895929206646524,-0.9647133934052209,0.0,0.049166981896379656,0.0,-1.0718473374005877,0.33274907074373267,1.6180659298839883,-0.11555716606385674,-2.5822780667983416,1.4091745875867638,1.0843010221089482,-0.025635016150293722,0.43437331257152306,0.5050967929426167,1.6298348605824133
0.4489331099528271,0.9493162985706385,0.04336818911046009,0.0009358417251932316,0.14304429499947208,0.0,0.19641936774416724,-0.9116648840057829,0.0,0.03515078551214427,0.0,-1.0578880687016095,0.3496714287209467,1.692864162348618,-0.1078392642342989,-2.3502514415596933,1.4643640199845194,1.060966855307087,0.23198604349144533,0.7514530153114339,0.9148829058402651,1.8993688286149935
0.44583175085507676,0.9510592834081258,0.03901008952874715,0.0009358417251932316,0.14242870482472805,0.0,0.18847915856889633,-0.9122151693942527,0.0,0.021667356482911522,0.0,-1.0138824387368746,0.3496714287209467,1.639343565113886,-0.11746548727902392,-2.567994015138702,1.4671412617002744,1.0893631932144794,0.03544224419316347,0.8034034996247331,1.0141485319674555,1.4280967971027614
-0.48900776573064975,-0.3251733346722952,0.08336487781804137,-0.021910998509843287,0.25625860362804354,0.0,0.14540325918402416,-0.3098537541096186,0.0,-1.1144847811733913,0.0,-0.17338652931102982,0.7491246946438387,0.5159285585008909,-0.16350702120445523,-1.0161682351146162,-1.7014593048177298,0.27024074881580495,0.2831338921487764,0.3792650693999182,-0.015578945100853732,-0.9402522541637591
0.476985635252187,0.8841372522772417,0.035376114123788834,0.0009358417251932316,0.14453112524279335,0.0,0.18794341378710183,-0.9254074879658369,0.0,0.010516860645358568,0.0,-1.0686483314354758,0.3492425427843229,1.6300385464024199,-0.12071216022288149,-2.784541530084454,1.3796000200759686,1.0272791012726887,-0.04002018554662074,0.7688351107320835,-0.15521132493576983,1.5725885897622351
1.1138292013067481,2.286047748880293,0.12018322301525461,0.11518407477785533,0.23430368467051643,0.0,0.1389002511719631,0.700885089981428,0.0,0.7350530803843138,0.0,-0.18971609547327034,-0.196010253900921,3.028033008912134,-0.12757081020050712,2.275014077451155,1.6675132953784457,-1.905734091430785,1.8505469066689606,1.0354004928879699,1.205037134161566,-0.6487402795060241
1.0822659177546183,1.906224489720916,0.0955214841989115,0.05506359029783617,0.2319929215688385,0.0,0.11093641952341898,0.684430189722946,0.0,0.721366924389449,0.0,-0.24665896458632988,-0.2127296491069574,2.8771188849243794,-0.13194971809517647,2.235393866886689,1.6422870453836957,-2.143858085275415,1.7785033709429596,0.03795291514582921,0.05549832390034926,-0.8391718140700833
2.3829640171505337,0.27238791436621007,0.08630422611242132,0.08380457330146766,0.19616113282490433,0.0,0.1346682995414428,0.7114705822366247,0.0,0.9752895965232833,0.0,0.5025026718100754,-0.33142953934574854,1.5275695058262464,-0.12312757721029602,1.8406508119208165,1.0270750649979525,-2.2314811010063753,0.22495586026385844,0.541809201999464,-0.19415348417223516,-0.24402444735999437
2.0881332148704566,-0.034901226676576226,0.07631019293452422,0.10242905408693967,0.10400578063227182,0.0,0.13169525904443488,0.7551306460012625,0.0,0.8210437871168205,0.0,0.745027258469583,0.2556448598889305,1.1872424873639544,-0.10559132981437222,1.5826569169513713,1.9186678479288544,-2.016445056381561,0.31398018238506054,0.9243196151906604,0.25124394334686745,-0.261376541522902
1.4576562376696116,0.7978345024361585,0.13199715256010797,0.10242905408693967,0.10711924301407001,0.0,0.2124927072153387,0.9252101502636658,0.0,0.6745018672839121,0.0,0.7533263551880718,0.2996124692755453,0.7893524136829473,-0.10963318402912603,2.0945224706388594,1.9052193418234409,1.3509357396541055,0.401894146209802,1.1383563532978476,0.253261503842162,0.1417865829421324
1.5723986432829062,0.27381504192949485,-0.16670361063408348,-0.12771254908992805,0.448374803023541,0.0,0.14580938787924572,1.1441566836895916,0.0,1.1689063451975508,0.0,-0.17994957874282302,-1.2732234828300417,0.9643533884127866,-0.1332308664519711,-0.9423700948938127,-1.83830477655826,0.3189859847672506,0.2977131867712455,0.4700099577122471,0.1804511669997953,-0.5313792187376176
-4.329220648821948,-3.6023904321599187,0.060623092514283126,-0.0004124202902698942,0.11238904721383655,0.0,0.0836125345557941,0.0005833974901849094,0.0,-0.37477775646390404,0.0,-0.15179831480545714,0.7358977608213444,-0.8198176407430449,-0.05922088406648829,0.8990651590669206,0.839516316325141,2.0247101278333295,0.36326669497697917,-1.7947126589535833,-0.5133253036505789,-0.23398690002102507
-4.485652398554826,-3.3921877453246805,0.05281102390079457,-0.0004124202902698942,0.11609927523921527,0.0,0.06965186979677072,-0.08971280370912046,0.0,-0.41467759745734317,0.0,-0.19719946646867023,0.7287590517225064,-0.8573738257501504,-0.05764390497539231,0.6035859470122685,0.7158021605301803,-0.32948284269658584,0.30499716341650496,-1.5177084617605576,-0.49947168665072145,-0.9076654090091513
-0.045202870321052455,-3.6490179622220777,0.23095220132102612,-0.01352126530014686,0.11578557232950126,0.0,0.11431690455103452,1.0500204794836643,0.0,0.1346061093646316,0.0,-0.05531860271173562,0.7597713700409526,-0.7408648428727158,-0.061156350095893215,1.3857365530554226,2.0391688930831826,0.9459648230898796,0.7261509524869629,-0.9338050268191274,0.20452426001729557,0.30186814278532786
0.17186774676406533,-3.481485860166894,0.19892561331134379,-0.01352126530014686,0.1203824060815337,0.0,0.12273360141343448,0.9142836813428601,0.0,0.15313549068391596,0.0,-0.07808681675215151,0.7897896773601657,-0.7083972910370686,-0.05680927299692968,1.2763177683830271,1.9031994226680553,-0.07178749446125997,0.7276864553206175,-0.7970697314884,-0.1639851399176867,0.5334663144277801
-0.49408359313269373,-0.08297574273852693,0.08619408389328077,-0.021910998509843287,0.43449108351993526,0.0,0.15853123503576316,-0.47353084348307883,0.0,1.0396043570976918,0.0,-0.09975231922924131,0.8633653814666081,0.9328908335356039,-0.16350702120445523,-0.7794491181237837,-0.9807545912400526,0.25179477038249853,0.3116585382110749,0.5383133456719507,0.0588439414275926,-0.8572095110450886
-0.49408359313269373,-0.08297574273852693,0.08619408389328077,-0.021910998509843287,0.43449108351993526,0.0,0.15853123503576316,-0.47353084348307883,0.0,1.0396043570976918,0.0,-0.09975231922924131,0.8633653814666081,0.9328908335356039,-0.16350702120445523,-0.7794491181237837,-0.9807545912400526,0.25179477038249853,0.3116585382110749,0.5383133456719507,0.0588439414275926,-0.8572095110450886
1.9786906172343344,3.7499169240846757,-0.2780394879885378,-0.03782155170648756,0.15953813648716347,0.0,0.22647760931988084,1.2466276829068508,0.0,0.5570154775056789,0.0,0.23466463005868568,-0.6260256290868768,0.06595325726848189,0.5008185953282339,1.993830734230658,2.204101701035501,1.9190901635953208,1.0787166495878084,1.8956871964115452,-0.702539978704257,0.9178322556831614
0.9382136133165297,3.104323335721824,-0.21057441955863415,-0.035988810437003325,0.13519091140969633,0.0,0.17568235592603965,2.8000918882085712,0.0,0.3562810080500366,0.0,0.35014626516878505,-0.5873239349083936,0.09794906473150498,0.6695379825464538,-1.7418184654223976,1.6980608790675502,1.5496169735165373,0.6151886581647035,-2.563443077692031,0.1398696169647527,0.7252627876945305
1.1830466699924205,2.7916083736479824,-0.32181527416574834,-0.029172525550012866,0.12669271108288332,0.0,-1.8217471170086117,2.9441508890610524,0.0,0.35106177480593903,0.0,0.31636637468498063,-0.6164785852973995,0.28494222253203755,0.7572529304914899,-1.678236880349492,1.7195638940148836,1.2734734489087773,0.5890133015144352,-0.7649974552586669,-0.6501797980016873,1.0726752593154103
1.5531871277038525,2.677033007527327,-0.31880374770807035,-0.029172525550012866,0.1310280562942918,0.0,-1.824131416148842,3.104150153605429,0.0,0.5294088717813347,0.0,0.2531717675049436,-0.6060914338368,0.2501373004239382,0.5740959661666684,-0.9547144118172891,2.334808918573885,1.3246147325123538,0.033226421699200946,1.081402012181447,-0.42809629137806504,0.9263561718331291
1.7178002936340648,2.023381119200272,0.07382350820017188,0.13681788576168044,-0.84978074258222,0.0,0.12354591321702767,0.49521549571585866,0.0,0.8098036051408726,0.0,-0.7911737366525643,-0.01673085190180473,2.894878824940422,-0.2726665256497918,2.011454292522483,-1.320672728964661,-1.7423660763554818,0.43650687083679884,-2.3241518137967745,0.7071419287866845,-0.5518855331250476
1.0515513317205911,1.1215122023280015,0.013999495241275865,0.1451827384577861,-0.7460132567277612,0.0,0.1195139178573025,-2.046002304620995,0.0,0.5503445699151657,0.0,-0.3070248191473515,-0.5183719168817956,1.7825106710989218,-0.2723471910968501,-3.011772957635595,-0.7490479322506585,-0.6295314318331058,-0.40674460006340435,-0.8943803115934463,0.3774304186663364,-0.5419222792132935
1.0515513317205911,1.1215122023280015,0.013999495241275865,0.1451827384577861,-0.7460132567277612,0.0,0.1195139178573025,-2.046002304620995,0.0,0.5503445699151657,0.0,-0.3070248191473515,-0.5183719168817956,1.7825106710989218,-0.2723471910968501,-3.011772957635595,-0.7490479322506585,-0.6295314318331058,-0.40674460006340435,-0.8943803115934463,0.3774304186663364,-0.5419222792132935
1.7178002936340648,2.023381119200272,0.07382350820017188,0.13681788576168044,-0.84978074258222,0.0,0.12354591321702767,0.49521549571585866,0.0,0.8098036051408726,0.0,-0.7911737366525643,-0.01673085190180473,2.894878824940422,-0.2726665256497918,2.011454292522483,-1.320672728964661,-1.7423660763554818,0.43650687083679884,-2.3241518137967745,0.7071419287866845,-0.5518855331250476
1.5002179253880394,1.7376288368874773,0.10629591957297385,0.15195880841832615,-0.7335712886762819,0.0,0.16179919944949653,1.126942918707709,0.0,0.8977424296859747,0.0,-0.5357306702205392,-0.25760736489534,2.56023530502391,-0.27425838844098016,-1.9955241271875805,-0.9328357304697237,-0.6667168687342818,0.6038407449860876,0.3348312582894722,0.1993904897513929,0.7677986348147903
1.5002179253880394,1.7376288368874773,0.10629591957297385,0.15195880841832615,-0.7335712886762819,0.0,0.16179919944949653,1.126942918707709,0.0,0.8977424296859747,0.0,-0.5357306702205392,-0.25760736489534,2.56023530502391,-0.27425838844098016,-1.9955241271875805,-0.9328357304697237,-0.6667168687342818,0.6038407449860876,0.3348312582894722,0.1993904897513929,0.7677986348147903
-1.5459264028190265,-0.16899494365662265,0.05996149065551754,-0.014256093229919014,0.24515168874440604,0.0,0.16846289888250565,0.2373714827376134,0.0,1.3283303682429846,0.0,-0.1732178108201331,0.5854282686555112,0.40988105194048563,-0.1624243008797934,-1.134129209310613,-1.6474894952942931,1.037738800644564,0.2343498929119801,0.2796160744004363,0.0458128200996675,-0.4916885614875507
-1.5459264028190265,-0.16899494365662265,0.05996149065551754,-0.014256093229919014,0.24515168874440604,0.0,0.16846289888250565,0.2373714827376134,0.0,1.3283303682429846,0.0,-0.1732178108201331,0.5854282686555112,0.40988105194048563,-0.1624243008797934,-1.134129209310613,-1.6474894952942931,1.037738800644564,0.2343498929119801,0.2796160744004363,0.0458128200996675,-0.4916885614875507
0.5077057249041567,-2.673423560534534,-0.35848547671468006,-0.031256009724396745,0.19824882558974583,0.0,0.13145613300979841,0.6021697397211645,0.0,0.25910439914126443,0.0,-0.6335350066444918,-1.0105254787280054,-5.957834606834691,0.5023630154113804,1.8947228927150677,-2.427825638811495,0.823956643064974,0.8577435727191435,0.4783256869773225,-0.9813164373535804,-0.6584971198354841
0.25970331702207033,-2.354631598651746,-0.03535377007234832,-0.029791323220825956,0.18444797574484736,0.0,0.11195511009525642,0.494169003861004,0.0,0.23460250595429175,0.0,-0.6079945267912696,-0.5129115695981853,-5.897056614126018,0.7863805961085277,-1.4805253262983564,-2.084897414783007,0.45650942250427823,0.5897436726252568,-1.8006364488977813,0.21545902898225477,-0.2626354731306312
0.5658045420805967,-2.546534236107236,-0.595663431722066,-0.029791323220825956,0.191515003234772,0.0,0.14896038394193575,0.5265435416671207,0.0,0.30386736801778946,0.0,-0.519310893652992,-1.050994563619463,-6.472244793115009,0.5336790416623209,0.23960324306979797,-2.224462119174852,0.21446218663902986,0.6383093141117675,0.7200050510852516,-0.3164172963319494,-0.3920113737780357
0.5587608535731053,-2.606985108459107,-0.7592854663519822,-0.03381574072065541,0.17733480177118577,0.0,0.1380156808918465,1.5547710444279907,0.0,0.27435382399804065,0.0,-0.5158498306519909,-1.0679348377399003,-6.301256970707323,0.4256319751547674,-0.18793507936152745,-2.2201342427335873,0.23243407347222236,0.6588835877430044,0.4055536654357165,-0.8527985183645559,-0.16104048521013659
0.15658833449049495,-1.9326182203866937,-0.11283821983043946,-0.017822364395747393,0.1757932661996319,0.0,0.11631458197131743,-1.1878006966813972,0.0,0.23451753305545714,0.0,-0.3826649459872274,-0.6470598143695967,-6.469329308982199,0.7943869608025474,-1.3322794872407577,-1.458007825684854,0.08232165434142774,0.5234533782025572,-0.11311186422289785,-0.21677300381179562,-1.6119573820455284
0.34101313363295455,-2.0201985971960585,-0.33660501814157096,-0.03381574072065541,0.18987691325896902,0.0,0.1261913085839522,-0.8976077737956459,0.0,0.2750105940800193,0.0,-0.2853852686575588,-1.0139843402720627,-6.003523629250804,0.5249078463181786,-1.159029016642248,-1.5543618021149341,0.025507294838955284,0.5339704244227413,0.8494483148519962,-0.8583881336458389,-0.5904517357189091
0.21505141470367242,-1.87618190026444,0.004824317604276269,-0.017822364395747393,0.1820086422923524,0.0,0.15543853774977742,-1.2064962639364591,0.0,0.2723585026540876,0.0,-0.39141210467602383,-0.5504463040081753,-6.696366194679992,0.7649897655066741,-1.6652533530875608,-1.4775063887063167,0.027522297683931347,0.6263418721826666,0.16130597744581737,0.8294151417238614,-0.22350310543845686
1.121666910621276,-2.193213230103181,0.09958302621899616,-0.007019161136968094,0.16109275188676703,0.0,0.05693798509145694,0.3778524992362894,0.0,-0.08781032694734019,0.0,-0.654134840615944,0.6235068991297323,-5.863456672932938,-0.11323950983306187,1.4279313890695962,-2.5536441939190304,0.10742497406726349,-1.7245387333966815,-1.0282215929993825,0.20631389063308297,0.012575222997109036
0.43427498857139396,-2.018340501157904,-0.0026100523719445453,-0.009918475094060011,0.1612204398477255,0.0,0.12208280404289394,-1.1241277828058847,0.0,-0.01150353391074127,0.0,-0.2977401364286709,0.544208542743739,-6.4468096576477185,-0.12425635042097895,-2.1839814286328196,-2.2657466100702903,-0.1380620056166048,-1.1377132002618995,-0.19729732634057176,0.35583712174256954,0.4635573559290918
0.4967170442817917,-2.1891909188442544,0.04923729698072378,-0.009918475094060011,0.1525976513218728,0.0,0.11834088200036148,3.168227891977992,0.0,0.02340850134632145,0.0,-0.35002867279022204,0.45713229803447586,-5.753392294005654,-0.08307623751773907,-0.9834960047649641,-2.5108883379681206,-0.1679969439812015,-1.0732650989415888,-0.34959944028724743,0.436967360800918,0.26487042624331386
0.449479032610393,-2.0192101438247527,-0.008363457866110095,-0.0024123512831271936,0.1612204398477255,0.0,0.12208280404289394,-1.1542825028477683,0.0,-0.007019014914669885,0.0,-0.303688964397058,0.5463476882670182,-6.423182383228915,-0.12691126345007858,-1.301217763734171,-2.2641399536968847,-0.1786554787014744,-1.09512286094069,-0.33594055043085863,0.3748065027366291,0.518790768406836
1.6479670853039141,1.6645248248574898,0.15322133898746443,-0.009664563214927289,0.14197143694173336,0.0,0.08237356367256933,1.0505639863358862,0.0,0.42451118175826463,0.0,0.22719016107661358,0.2677771364897639,-0.6683592792877263,-0.06837352086879597,1.2637293830769336,2.2142632697470814,-2.61063060217479,1.643094453199673,-0.5626302629997277,-0.5332283374894567,-0.15959394406360708
1.7822064427015307,1.6826846060542773,0.1895766705631148,-0.009664563214927289,0.14341940018652494,0.0,0.09076745169847111,1.0583601318747342,0.0,0.38196200302015587,0.0,0.26323224282056223,0.3507068947457341,-0.27667820427524026,-0.06837352086879597,1.3509948953555024,2.2281081045431996,-0.4367812066383539,1.4779022132754558,-0.5523242119486513,-0.29081186254544444,0.6980299804968986
1.5577894068490925,1.691861078783537,0.15235958320142448,-0.009664563214927289,0.1390659557774346,0.0,0.09206306931902296,1.1144034340317714,0.0,0.3860940998235956,0.0,0.29604003518317296,0.34454727433040483,-0.3025988500168837,-0.06837352086879597,1.647347761577553,2.2485753435392852,-0.09568078380107796,1.3425959089098733,-0.7186172178340222,-0.4354440580259443,-0.06331173500176192
1.7161166181075511,0.743793371457034,0.09038492639046265,-0.003145600691129901,0.16319209550116992,0.0,-1.3733407337428487,-1.8349007551131378,0.0,0.49779061606538155,0.0,0.24034019588794506,0.248432819427231,0.45372188119037604,-0.10542230639393199,-0.3204777181241049,1.1093253407164707,0.7180679811137435,-0.3146951409956575,1.3933353406503315,0.1151845933297933,0.8777211051337097
1.681451706268363,0.7443518190538044,0.06282242665952135,-0.0007223426239739272,0.16319209550116992,0.0,-1.246171697565547,-1.8948025189110098,0.0,0.43797337253950974,0.0,0.20634241940362713,0.24308902133135366,0.3519982210691534,-0.10542230639393199,-0.3204777181241049,1.087299797637541,0.7403929080251733,-0.3763292883826184,0.8450762062311329,0.09764793419577658,0.8632613957323159
1.6825127770797987,0.7691357657895384,0.06282242665952135,-0.0007223426239739272,0.16319209550116992,0.0,-1.246171697565547,-1.95451133899016,0.0,0.43975991785290314,0.0,0.20634241940362713,0.24308902133135366,0.351011845634137,-0.10978572183745103,-0.3204777181241049,1.1107305145956659,0.7403929080251733,-0.33713561034721423,0.8450762062311329,0.18680650498035795,0.849697630865895
1.6825127770797987,0.7195352166289782,0.06282242665952135,-0.0007223426239739272,0.1639602288751345,0.0,-1.246171697565547,-1.966057509870692,0.0,0.3757245097379357,0.0,0.1121316866294603,0.277230742030879,0.33846989885414963,-0.08041997789927391,-0.28281043885016227,0.9759064798154391,0.7169083524876682,-0.5342854535171121,0.7660819820625298,0.024587639817644433,0.8201217046541385
1.5873098322392702,0.676753604861489,0.06282242665952135,-0.0007223426239739272,0.16319209550116992,0.0,-1.246171697565547,-2.0066215889027785,0.0,0.36444047829096915,0.0,0.2014966253585609,0.24308902133135366,0.3362268421317258,-0.10978572183745103,-0.27532581048576293,1.1107305145956659,0.7106589499138952,-0.338265918001084,-0.029054486857973606,0.1329290051757192,0.7232917381184261
-4.408176300576655,-4.469082381083444,0.06717008026043961,0.12456666934776783,-0.13240724254568254,0.0,0.12152557330603035,0.4271579720727911,0.0,1.9177397958571047,0.0,-0.5101448203481134,-1.735849706292388,0.4665663765976396,-0.07518466322580038,0.7524911783906176,1.1069388740290647,-2.7671495466542333,0.14062914512036753,-0.14351694042649066,-1.550466745211592,-0.00837984761413061
-5.242250212082925,-4.351705517050116,0.07266610563755452,0.12568740797998174,-0.13671577981920935,0.0,0.11403069558590093,0.2626702431994934,0.0,-0.2319015131612517,0.0,-0.4385041922174975,-1.7404600597240774,0.48753778157315064,-0.07518466322580038,0.7635101288139367,1.0877704411205595,-2.751885112373828,0.13068779370553288,-0.27335305532751125,-1.5833068827938919,-0.04114227995832707
-5.242250212082925,-4.351705517050116,0.07266610563755452,0.12568740797998174,-0.13671577981920935,0.0,0.11403069558590093,0.2626702431994934,0.0,-0.2319015131612517,0.0,-0.4385041922174975,-1.7404600597240774,0.48753778157315064,-0.07518466322580038,0.7635101288139367,1.0877704411205595,-2.751885112373828,0.13068779370553288,-0.27335305532751125,-1.5833068827938919,-0.04114227995832707
