pred,true
0.18231885779460047,0.17
0.18228571428571425,0.28
0.17093062453302926,0.06
0.18653204119517833,0.31
0.18228571470072177,0.21
0.16285968804637085,0.05
0.18228571428571425,0.3
0.18228571428571425,0.28
0.3863411519525821,0.34
0.39732951039024994,0.31
0.18228571428571425,0.36
0.18218941270715236,0.03
0.182288129870514,0.15
0.1778409662420031,0.12
0.1632012612580948,0.01
0.18228571428571425,0.07
0.18228571428571427,0.36
0.23329768784056493,0.2
