pred,true
0.19459335495457397,0.17
0.224656743596105,0.28
0.024732838450767125,0.06
0.28826586166965534,0.31
0.2315731423860673,0.21
0.03369644704696301,0.05
0.19860250649553732,0.3
0.18707039217340823,0.28
0.3745823754465858,0.34
0.3662379223922379,0.31
0.18652498706656048,0.36
0.16661669695736817,0.03
0.1428035447855073,0.15
0.11151507044009502,0.12
0.021123570726813784,0.01
0.1292417917230515,0.07
0.3177970203560534,0.36
0.2125824800425558,0.2
