pred,true
2.848210521459625e-168,4.484824281
6.577690253683318e-49,0.18
2.2435678291939616,0.6
8.053368837922257e-19,3.306709265
0.072876653688675,1.12
0.00010670922947981923,0.17571885
8.861280929677787e-07,0.008
0.1326397326000635,0.03
8.962613260296538e-18,1.7
0.4428415672884117,0.4
1.3325223645464999,1.1
0.11018318299055663,0.08
