{"rf": 0.3205566022124243, "xgb": 0.3112374491304966, "lgb": 0.330883955987917, "cat": 0.31028477647390657, "lr": 0.5157417909577581, "ridgelr": 0.516195680929366, "svr": 0.5097331835501703, "gsr": 0.435413868494676}