{"rf": 0.49511881812112024, "xgb": 0.4958552519297996, "lgb": 0.47354201183622846, "cat": 0.5222178040026011, "lr": -0.07982085155226404, "ridgelr": -0.07581563953114445, "svr": -0.010917099203896496, "gsr": 0.19585040372419626}