{"rf": 0.18599432739066707, "xgb": 0.18572303086421835, "lgb": 0.19394305615346719, "cat": 0.17601127032120323, "lr": 0.3977976605098783, "ridgelr": 0.3963221713400247, "svr": 0.3724140503998025, "gsr": 0.29624249952075965}