{"rf": 0.8350954182530353, "xgb": 0.7100134502078645, "lgb": -4.462995438965405, "cat": 0.9551041876157086, "lr": -9.433016536411001, "ridgelr": -5.971157338129385, "mlp": 0.9114147540384785, "svr": -0.042149824973321426, "gsr": 0.8287996373942196}