{"rf": 0.018037609096405505, "xgb": 0.06313670333929244, "lgb": -0.015082340719577703, "cat": 8.05926790242717e-05, "lr": 0.08475522024755688, "ridgelr": 0.08592342780832385, "mlp": 0.202553899772565, "svr": -0.04610651806475752, "gsr": -0.04245585281571085}