{"rf": 132.21892829774902, "xgb": 115.20533603285597, "lgb": 925.3578553041034, "cat": 122.63712901972013, "lr": 2150.90962703725, "ridgelr": 1773.914945123567, "mlp": 89.9760701273806, "svr": 197.6627384752008, "gsr": 85.11355307172094}