{"rf": 135891.32642870306, "xgb": 238966.41609511717, "lgb": 4501837.902927936, "cat": 36996.85861583313, "lr": 8597435.200199224, "ridgelr": 5744654.316974585, "mlp": 72999.58829643401, "svr": 858794.3436912547, "gsr": 141079.42977153}