{"rf": 2657.356134705303, "xgb": 2538.0423910579534, "lgb": 2763.6378554832017, "cat": 2649.2105270812563, "lr": 2670.6655647429375, "ridgelr": 2693.4555108446325, "mlp": 2443.9483670003287, "svr": 2862.6380377617697, "gsr": 2765.5205417593465}