{"rf": 0.8384508542192175, "xgb": 0.9908669804795822, "lgb": -4.4974600661651785, "cat": -0.1961260529779958, "lr": -116.82656114131794, "ridgelr": -95.38688094821781, "mlp": 0.6482834705161789, "svr": -0.022437567791787627, "gsr": 0.20612494843004836}