{"rf": 11137.124949718533, "xgb": 629.6262296870125, "lgb": 378992.4073387011, "cat": 82460.38840531136, "lr": 8122909.765225206, "ridgelr": 6644867.922053998, "mlp": 24247.178261518537, "svr": 70486.38289449889, "gsr": 54729.38653477275}