{"rf": 31.718847995703225, "xgb": 10.329725436436725, "lgb": 366.48479531764514, "cat": 222.65449581458773, "lr": 2226.6060225542205, "ridgelr": 1882.1659908092981, "mlp": 57.923601211563806, "svr": 54.37993604032387, "gsr": 49.65400853684703}