{"rf": 173327914.2768013, "xgb": 165367393.57529113, "lgb": 179173975.05849198, "cat": 176497538.9295285, "lr": 161551471.0102536, "ridgelr": 161345268.6324173, "mlp": 140758618.23323157, "svr": 184650107.34340099, "gsr": 184005721.97874582}