{"rf": 0.6943651787499285, "xgb": 0.7808025278785772, "lgb": 0.7023669956963016, "cat": 0.777678497666965, "lr": 0.2277127668932344, "ridgelr": 0.21210776776047646, "svr": 0.3453659220919557, "gsr": 0.11422457976148359}