{"rf": 0.2675622373949579, "xgb": 0.22464811116018718, "lgb": 0.254475832666166, "cat": 0.2365560293567213, "lr": 0.42264386584237146, "ridgelr": 0.42973047814191273, "svr": 0.3428165097238495, "gsr": 0.4685277085832511}