{"rf": 0.1242530340453885, "xgb": 0.08911272234874602, "lgb": 0.1209999687389025, "cat": 0.0903827681853252, "lr": 0.3139662930930236, "ridgelr": 0.3203103623996238, "svr": 0.26613548167349305, "gsr": 0.360103874935811}