pred,true
40.054733378727065,40.7
33.613064290166506,30.39
35.53262592939956,37.2
24.561649815624747,30.98
10.758035186880761,26.7
18.73606569649894,12.09
31.155924423077508,42.3
22.082966504003807,12.94
13.004803983146658,14.64
32.296758689378166,35.42
16.980247233409933,13.65
14.956380717224349,7.15
14.792464787728179,16.95
21.6737419698444,13.35
