pred,true
0.18804583,0.17
0.23046318,0.28
-0.004224586,0.06
0.27257225,0.31
0.25003022,0.21
0.04493623,0.05
0.32037196,0.3
0.3264147,0.28
0.40887737,0.34
0.4120679,0.31
0.21777073,0.36
0.11974429,0.03
0.12012887,0.15
0.12043424,0.12
0.020566547,0.01
0.11972152,0.07
0.36751962,0.36
0.16237485,0.2
