pred,true
1.7659722902739932,0.177321375
4.092124928664979,5.4021825
0.20923629614099737,0.0329
0.19749070765699708,0.035175
0.3204386567409976,0.0044
0.5221616486961949,3.68253
0.5221616486961949,4.50087
0.41656397254557465,0.0306
1.0157902866339965,0.076138178
