pred,true
711.8365115481026,2830.0
788.2689577028436,17.671425
101.51424060626209,92.790225
2089.1736369411665,5.4021825
1706.109660158292,2480.0
9454.576150198547,13280.0
1346.998804966445,5.55165
