pred,true
105.39229424197077,50.3
40.90843180213312,32.42727273
15.827464551163548,3.172581818
35.15866359274898,4.066472727
31.040718907916222,57.35448
30.531533567494144,57.1375
923.4220649841652,873.77
40.90843180213312,27.6
30.531533567494144,43.75
724.7083235147103,13.16755653
5.015221171251964,18.42655855
1522.803745859014,1464.37
31.040718907916222,50.772096
11.513168282692796,6.8
24.175547554419914,29.9307
1183.5135916864183,1304.756602
