{"rf": 63.08426905901381, "xgb": 77.66725773124502, "lgb": 68.91098028284121, "cat": 61.551531491291456, "lr": 184.6999512180708, "ridgelr": 183.1378400587445, "svr": 152.21632104628281, "gsr": 111.41803865626665}