{"rf": 5.491761585283548, "xgb": 6.087948256591796, "lgb": 5.7304289407606905, "cat": 5.572589211321045, "lr": 10.909601981532948, "ridgelr": 10.807790420346906, "svr": 9.4706344892745, "gsr": 7.853553994511546}