{"rf": 0.6767389026083371, "xgb": 0.6020116688343243, "lgb": 0.6468812361489422, "cat": 0.6845930703041196, "lr": 0.053546790514663045, "ridgelr": 0.06155147655040338, "svr": 0.22000182111466837, "gsr": 0.4290634102210438}