pred,true
100.95731404095366,88.56
71.96207561409918,75.7692
90.06574952941972,103.0
89.33909816006579,85.7143
79.54725946602937,77.8462
90.75327938888748,52.0
88.84224512934978,56.41
86.80469933752991,65.5
82.36838145663003,66.1479
85.67850509497455,85.7977
88.32131341717994,102.028
90.95429309223053,85.6
90.365951880847,107.9
52.11194916761977,52.5
94.22850567599178,103.327
58.76878149487837,51.5
73.38186455809571,94.3868
95.771481968475,81.0
