pred,true
0.31022125,0.27
0.076500505,0.05
0.15538645,0.24
0.24392988,0.21
0.05403059,0.03
0.05646029,0.04
0.20199437,0.25
0.0836855,0.14782
0.14732568,0.12
-0.010305051,0.04746
0.050331954,0.06
0.16786131,0.28012
0.046875007,0.20367
0.088946216,0.05
0.25054327,0.3
0.046875007,0.002
0.23254089,0.283
0.21950522,0.21163
0.046875007,0.0017
0.25991133,0.31
0.26545292,0.428
0.11559438,0.17394
0.046875007,0.0007
0.23154217,0.4
0.16290924,0.13
0.3022024,0.38776
0.2590603,0.164
0.11559438,0.355
