pred,true
0.21794273,0.17
0.22422881,0.28012436
0.09411311,0.06
0.30337986,0.31
0.23443648,0.211626934
0.039946333,0.05
0.19921136,0.3
0.18630527,0.283
0.36485362,0.34
0.36211383,0.31
0.21740565,0.355
0.21061558,0.03
0.13162504,0.147816393
0.12917678,0.12
0.069042765,0.009720585
0.16760086,0.07
0.20464551,0.355
0.29647794,0.197
