pred,true
0.0,50.3
0.0,32.42727273
0.0,3.172581818
0.0,4.066472727
0.0,57.35448
0.0,57.1375
0.0,873.77
0.0,27.6
0.0,43.75
0.0,13.16755653
18.737064361572266,18.42655855
0.0,1464.37
0.0,50.772096
0.0,6.8
0.0,29.9307
0.0,1304.756602
