pred,true
1166.2177139325834,200.0
1230.1051767754582,170.0
1415.279723658694,3.969924812
45.06116161514967,2.706
8.728233806205253,0.368384545
373.0991044596858,0.774
-20.028121028228952,2.177509091
443.09729826023636,0.527
-741.0872152418599,1.042185455
-56.11706305790108,14.66
