pred,true
0.19087498131776098,0.17
0.2878043339193584,0.28
0.0330935136034089,0.06
0.2313245242565936,0.31
0.20896406068235757,0.21
0.07074999150657285,0.05
0.1771929329903042,0.3
0.11407896717379373,0.28
0.3062646025160675,0.34
0.3107159535545077,0.31
0.2724776704680589,0.35
0.2154849570601119,0.03
0.1702175195384717,0.15
0.13984812199700197,0.12
0.0840339941152482,0.01
0.09594902400801003,0.07
0.240640886572209,0.35
0.03857425452797447,0.2
