Additive_1,Additive_2,Additive_3,Material_Main,Material_3,V6_Extra,Period (d),V4_Ventilation Day,V3_Ventilation Duration (min),V2_Ventilation Interval (min),Turning times,Application Rate (%DW),Compost volume (m3),Initial Moisture Content (%),V5_Ventilation rate (L/min/kg iniDW),Initial TN (%),Initial C/N (%),V1_Ventilation Type,Initial pH,Initial TC (%),Additive Species,Initial NH3-N (g/kg),Initial density (kg/L),Initial FW (kg),Initial DW (kg),Initial NO2-N (g/kg),TC loss (%)
10,2,0,1,1,1,22.34804958550822,25.635324785465613,3.7609686442798798,28.055128769833484,41.332842842550924,0.631444492173155,9.239172124281495,45.57666835375439,1.0287900963018757,1.289908834636117,21.996524146752037,0,8.156839614686774,1.2203044357865465,4,12.098328559845521,0.5286866626595096,9.45788008303472,88.47875407201775,0.2071075753760305,[55.42353]
