Additive_1,Additive_2,Additive_3,Material_Main,Material_3,V6_Extra,Period (d),V4_Ventilation Day,V3_Ventilation Duration (min),V2_Ventilation Interval (min),Turning times,Application Rate (%DW),Compost volume (m3),Initial Moisture Content (%),V5_Ventilation rate (L/min/kg iniDW),Initial TN (%),Initial C/N (%),V1_Ventilation Type,Initial pH,Initial TC (%),Additive Species,Initial NH3-N (g/kg),Initial density (kg/L),Initial FW (kg),Initial DW (kg),Initial NO2-N (g/kg),N2O-N loss (%)
0,3,2,2,1,1,73.09380215172132,71.81186684002853,16.545616097957794,20.505917158173908,3.1316766044685096,6.9859541722125496,6.021876528575933,46.94540087077791,3.6388880249681677,3.770425510445999,22.176081807316564,1,5.117179473571177,12.701324206285832,2,2.896585522929959,0.8654327734324768,637.5353443065208,805.4023776509382,5.774724526728217,[1.59803591]
