Additive_1,Additive_2,Additive_3,Material_Main,Material_3,V6_Extra,Period (d),V4_Ventilation Day,V3_Ventilation Duration (min),V2_Ventilation Interval (min),Turning times,Application Rate (%DW),Compost volume (m3),Initial Moisture Content (%),V5_Ventilation rate (L/min/kg iniDW),Initial TN (%),Initial C/N (%),V1_Ventilation Type,Initial pH,Initial TC (%),Additive Species,Initial NH3-N (g/kg),Initial density (kg/L),Initial FW (kg),Initial DW (kg),Initial NO2-N (g/kg),CH4-C loss (%)
11,4,0,4,0,1,4.957090731570284,73.59894538749448,22.721041555314798,89.33380668202355,8.37918482585543,3.1376991192411703,4.386123377073246,74.98469070179743,-0.7891243047604872,0.6212618444853855,13.211258311254658,1,9.514084577449683,36.817509452462424,2,5.276822090954407,0.27283966905081825,3232.006597654062,275.7329432304313,0.35182523369976737,[3.04844932]
