Additive_1,Additive_2,Additive_3,Material_Main,Material_3,V6_Extra,Period (d),V4_Ventilation Day,V3_Ventilation Duration (min),V2_Ventilation Interval (min),Turning times,Application Rate (%DW),Compost volume (m3),Initial Moisture Content (%),V5_Ventilation rate (L/min/kg iniDW),Initial TN (%),Initial C/N (%),V1_Ventilation Type,Initial pH,Initial TC (%),Additive Species,Initial NH3-N (g/kg),Initial density (kg/L),Initial FW (kg),Initial DW (kg),Initial NO2-N (g/kg),NH3-N loss (%)
19,15,2,6,1,4,40.08956990299033,35.75124457932936,52.73735424609821,82.72829854501,32.183573469443395,32.141788851302195,7.176938227532838,60.84650258599836,3.10453106487446,2.161382984511497,2.0727909701050975,2,2.2483569351498653,36.27089500434662,0,2.1276282631960077,0.27186167321495214,3601.816724212822,261.30983118718115,6.113528621035404,[23.352945]
