Additive_1,Additive_2,Additive_3,Material_Main,Material_3,V6_Extra,Period (d),V4_Ventilation Day,V3_Ventilation Duration (min),V2_Ventilation Interval (min),Turning times,Application Rate (%DW),Compost volume (m3),Initial Moisture Content (%),V5_Ventilation rate (L/min/kg iniDW),Initial TN (%),Initial C/N (%),V1_Ventilation Type,Initial pH,Initial TC (%),Additive Species,Initial NH3-N (g/kg),Initial density (kg/L),Initial FW (kg),Initial DW (kg),Initial NO2-N (g/kg),NH3-N (g)
29,4,3,7,4,6,34.721649093684285,59.89631086556883,8.974413933928053,424.6064407705807,0.3790770930099914,10.820785194909789,6.752829477842881,35.04096450074781,12.115074869455563,3.203013232457968,32.54957905381446,1,7.413099058586881,32.58267653296308,3,3.9072418270396976,1.3495891698517672,3880.0718839931897,545.3184582626367,2.1220254321593877,[11147.78979947]
