Additive_1,Additive_2,Additive_3,Material_Main,Material_3,V6_Extra,Period (d),V4_Ventilation Day,V3_Ventilation Duration (min),V2_Ventilation Interval (min),Turning times,Application Rate (%DW),Compost volume (m3),Initial Moisture Content (%),V5_Ventilation rate (L/min/kg iniDW),Initial TN (%),Initial C/N (%),V1_Ventilation Type,Initial pH,Initial TC (%),Additive Species,Initial NH3-N (g/kg),Initial density (kg/L),Initial FW (kg),Initial DW (kg),Initial NO2-N (g/kg),CO2-C (g)
9,5,1,5,6,0,74.95746048030769,52.38354200494335,15.56346217456328,253.10921010785103,6.59880939014152,4.180053869506077,2.259198004828076,51.18982407013131,15.130531726344774,2.568811411487068,36.900995303841256,0,1.980327349363668,43.96535250781103,4,3.3552914581619184,1.4557686707980944,1048.3639038439455,612.8013376392302,9.72593137152303,[180219.66]
