Additive_1,Additive_2,Additive_3,Material_Main,Material_3,V6_Extra,Period (d),V4_Ventilation Day,V3_Ventilation Duration (min),V2_Ventilation Interval (min),Turning times,Application Rate (%DW),Compost volume (m3),Initial Moisture Content (%),V5_Ventilation rate (L/min/kg iniDW),Initial TN (%),Initial C/N (%),V1_Ventilation Type,Initial pH,Initial TC (%),Additive Species,Initial NH3-N (g/kg),Initial density (kg/L),Initial FW (kg),Initial DW (kg),Initial NO2-N (g/kg),CO2-C loss (%)
2,3,1,4,3,0,52.49115698364464,55.22046297710463,14.742840522373955,31.555178786253187,2.9247547059788817,7.079768959132634,0.6012207125973914,56.348081750615,2.437133909058108,3.353222839231205,29.822842507461434,0,4.424521798390913,16.395393908834627,0,1.2024548680735963,0.1550506117534739,314.50717965324503,97.32317001089982,0.817591712215265,[30.302626]
