Additive_1,Additive_2,Additive_3,Material_Main,Material_3,V6_Extra,Period (d),V4_Ventilation Day,V3_Ventilation Duration (min),V2_Ventilation Interval (min),Turning times,Application Rate (%DW),Compost volume (m3),Initial Moisture Content (%),V5_Ventilation rate (L/min/kg iniDW),Initial TN (%),Initial C/N (%),V1_Ventilation Type,Initial pH,Initial TC (%),Additive Species,Initial NH3-N (g/kg),Initial density (kg/L),Initial FW (kg),Initial DW (kg),Initial NO2-N (g/kg),N2O-N (g)
12,2,1,4,2,1,53.688696310802456,31.71583841724624,0.7137884161420724,101.12203970192179,0.4325740320740534,24.749578359768197,6.9302616803994965,37.58040631789538,5.11839486527905,3.3915815389509576,30.386233324356983,1,2.8270621280633494,3.2444535070836826,4,11.551946123593739,0.46050748507670447,3838.7570659857233,187.93179674224868,4.344105276823837,[4843.5314661]
