pred,true
26.01440042685164,13.648
51.130531154845656,51.5
13.103105728370265,12.09432553
28.100000612840308,15.25488117
12.811336056651767,17.0414
11.10935521372287,10.9172
8.238317112632457,12.943
58.353045421689735,60.2
11.34808880737203,13.35330033
11.226166935157798,11.8935
31.144959178146188,24.5
23.92152309323485,14.697
46.724341240335,42.9
12.716162513143361,8.07692
31.223033413441257,23.9
10.219540078205188,12.9586
4.587866285360999,7.15152
