pred,true
14.073776571634944,8.07692
12.731873836345846,13.35330033
9.70929514547694,5.167
14.731301739919273,15.59457151
43.50147780990422,42.3
27.979309891281122,23.9
15.292512167430612,11.4497
20.139622073875092,14.697
32.02207566085905,24.5
14.392602912452304,12.9586
20.392088745400706,21.8343
20.94786910849031,24.52
11.534718306000213,12.83668421
15.292512167430612,10.9172
6.613891925424889,7.15152
57.922156069567045,59.0
15.292512167430612,10.8284
