pred,true
13.215957506758352,8.07692
14.108381656062937,13.35330033
10.585287135752553,5.167
14.332824913236564,15.59457151
41.94131901157497,42.3
29.478906108794213,23.9
16.709382075913116,11.4497
18.018234775371052,14.697
31.941012789896185,24.5
15.13662776906935,12.9586
24.6694855293872,21.8343
23.408424106818646,24.52
12.480198200548324,12.83668421
16.709382075913116,10.9172
5.573549902965231,7.15152
55.48401121676324,59.0
16.709382075913116,10.8284
