pred,true
0.2618459703726289,0.17
0.2082285703468281,0.28
0.09465487335720671,0.06
0.28354959800321083,0.31
0.18308146998310684,0.21
0.07222906778926899,0.05
0.3766146910364895,0.3
0.39517770769288296,0.28
0.2835780639539969,0.34
0.2864867105543535,0.31
0.19652599212234487,0.36
0.24737992326010508,0.03
0.0922807002285663,0.15
0.2014362402596672,0.12
0.09077561905867476,0.01
-0.06970218283364069,0.07
0.4959047061618873,0.36
0.19518374965408444,0.2
