pred,true
0.05450945671284413,0.02
0.2221131250214501,0.35
0.15030780646520758,0.15
0.25753876571019263,0.31
0.3241537927568407,0.06
0.19902826366268803,0.16
0.19999719700922297,0.27
0.19666259033185063,0.15
0.25792191043258206,0.34
0.1560204606882542,0.28
0.16787229243309257,0.4
0.2034295545050245,0.02
0.3032928428285295,0.09
0.19219004876787543,0.3
0.31057853903095645,0.41
