{"rf": 40.558910289265846, "xgb": 39.5215002689036, "lgb": 41.80408710608316, "cat": 46.34685238477572, "lr": 58.386067309585584, "ridgelr": 58.058793106580005, "svr": 53.556732025042905, "gsr": 66.8806294221094}