{"rf": 4.857099578495445, "xgb": 4.5661403886333325, "lgb": 4.55799705218798, "cat": 4.776078905299656, "lr": 6.140296883843872, "ridgelr": 6.102012798180346, "svr": 5.688264975717532, "gsr": 6.265814463917061}