{"rf": 0.4511947916929985, "xgb": 0.46523205300658343, "lgb": 0.43434622457275873, "cat": 0.3728777771395816, "lr": 0.20997439025022357, "ridgelr": 0.21440275841576373, "svr": 0.2753204347547584, "gsr": 0.09503392719556947}