pred,true
0.26146117,0.27
0.022353077,0.05
0.23733938,0.24
0.2283255,0.21
0.049629305,0.03
0.07859512,0.04
0.21705347,0.25
0.06495415,0.14782
0.060533185,0.12
0.09561535,0.04746
0.041242532,0.06
0.18482831,0.28012
0.16950682,0.20367
0.006514826,0.05
0.14937237,0.3
0.079809524,0.002
0.18470304,0.283
0.2398957,0.21163
0.0011577856,0.0017
0.29374668,0.31
0.3506735,0.428
0.10346385,0.17394
0.0011577856,0.0007
0.2050165,0.4
0.110103406,0.13
0.26958382,0.38776
-0.16100532,0.164
0.36460337,0.355
