pred,true
0.2401567006619739,0.27
0.06853542531888546,0.05
0.13532907431556906,0.24
0.22570802014023866,0.21
0.09024086139012899,0.03
0.08004851960307359,0.04
0.245723070571036,0.25
0.09891428819444449,0.14782
0.1459938706618903,0.12
0.027210139973958318,0.04746
0.07505733849425184,0.06
0.18267288440025178,0.28012
0.024596240210310517,0.20367
0.12027530679563485,0.05
