pred,true
22.76833862002726,14.697
22.322536222179494,8.66667
24.359109395441063,24.5
22.4083440268542,9.51515
22.30951789259754,7.15152
22.32649647737159,9.36364
