{"rf": 3.048719042273774, "xgb": 3.5563782184092205, "lgb": 3.159099026009591, "cat": 3.4397428354885924, "lr": 5.548327669891971, "ridgelr": 5.89681688596252, "svr": 6.388417588154334, "gsr": 5.832646745121785}