{"rf": 0.9299842316381142, "xgb": 0.9139418595935562, "lgb": 0.9342448975693669, "cat": 0.8842841435925148, "lr": 0.7303529392446813, "ridgelr": 0.6402251618787516, "svr": 0.542157254112971, "gsr": 0.6676368912491223}