{"rf": 13.298579281053032, "xgb": 16.345617990790867, "lgb": 12.489321523800584, "cat": 21.97871317438245, "lr": 51.215931771586234, "ridgelr": 68.33452406540978, "svr": 86.96124025896042, "gsr": 63.128024661182906}