Material_Main,Turning times,Period (d),V2_Ventilation Interval (min),M1_is Enclosed, Composting Method,Additive_3,Additive_2,Additive_1,Material_2,Additive_4,Material_3,Compost volume (m3),V1_Ventilation Type,V4_Ventilation Day,V3_Ventilation Duration (min),Application Rate (%DW),V5_Ventilation rate (L/min/kg iniDW),Initial GI (%),Initial pH,Initial C/N (%),Initial Moisture Content (%)
0.30741398056575964,1.5386042183580133,-0.8101141605942026,0.9989373118079499,-2.6008642331926097,-0.4310920330947001,0.02485194503804078,-0.18206928523112495,0.01661959052987479,0.06858743624652344,0.0,0.06340965648004164,-0.6769547401289846,-0.3689426419238668,1.0695676492168085,0.5955761993257087,-2.276963681832068,-0.0487910865933614,0.12027449744795739,-0.6832958939781809,0.34573526060353,0.0826302490440973
-0.3290847933521308,-0.24610433643269103,0.8879605869998495,0.773012551890513,-2.1257460662195147,-0.5454865749127245,7.090111437912938e-05,-0.392719937694636,-0.4458715592763302,0.18260348252766428,0.0,-0.00667805464456802,2.194693886117768,-0.42190080717767636,0.6512102325283533,0.48534979810249235,5.035936709678411,0.06846986445107434,1.6697299891929993,1.4171335369430507,1.0618229552284515,0.9422018730305421
0.11063151284953907,0.07171298663306716,0.15619573985921917,0.5279772915532052,0.4967094710748329,0.22483993340976893,0.0037950893499834096,-0.5573342100791858,-0.3575758360791658,0.27975776621254506,0.0,-0.03950603791577329,-0.03459259651535245,-0.1305271920532649,-0.7040961348246692,-0.6794633137959455,4.760984154527759,-0.003429093780869525,0.2419376932083351,-0.6944928708234115,0.6105866612030729,0.16434122408152652
0.039738859913103906,0.6155956404098063,-1.8632904860131445,1.3227536671736617,0.6096070022958118,0.15241195010750835,0.011122947917597444,-0.534301169620913,-0.30618157628076165,0.14476998254124065,0.0,-0.013606258383086503,-0.4501029257873666,1.0036876593581232,-1.2924957314769376,0.7279161576120993,8.435169033076134,1.7090749230648952,-0.015601293175196776,-0.12242696335769854,-0.013150298942924967,-0.6619508823366759
0.042117835990596854,-0.32564883481256957,-0.3089597246946487,0.23427940330897815,0.4118570108742821,0.2209094985117993,0.013423436922491063,-0.2822079230707215,0.2829721507969313,-0.061634759789021866,0.0,-0.015129905908674617,-0.2939146309896171,-0.45640398474213884,-1.0048807943235067,-0.5637518570350014,-2.4861438672740643,-0.6289555342199706,1.0445108338392828,0.8461435640417719,0.5398186531435908,0.39389166752545574
0.03950966347732637,3.8178398473814448,-2.1939184600575516,0.6642159632027739,0.8191437979444999,-0.3682033561037353,0.018054347532157112,-0.1864573203527156,0.0649266309323331,0.14574941378390974,0.0,0.1251672869753847,2.5738665890966628,-0.8404177186288224,0.3915525190812585,0.5268770552486591,-2.0355009809147497,-0.23889036306515055,-2.940952383945045,0.5524303272680039,0.603011028580946,0.11929068399102967
0.16569270307768721,2.4845101315698734,0.15234860719737345,0.9807224973188888,1.0263010253804503,0.4143657737445451,0.022001209109413188,-0.21142266811915317,-0.8869812437171752,0.1706142521759566,0.0,0.10748368200346999,3.459802670942658,-0.06504082046275227,1.3164094009528502,0.9052736680629647,-1.4670220023564904,0.4010416638344139,0.5776749860763357,1.0907763866630678,0.7676672415928285,0.6914150730480533
0.22932756597776224,1.6485227507159297,2.5292435681588716,1.3319655647881785,0.6771204917385889,0.2078589737045041,0.034226583943339176,-0.22061210951823837,0.2424791239967126,0.13035025272268022,0.0,0.002566724752885872,0.013577374345872162,0.6718976745366069,0.9789122367268766,0.43178726960190045,-2.393698209711018,3.6122877068912334,0.621764793632586,-1.6223994622072848,-2.1980108433908527,0.5488902066882474
-0.14901083507539992,-0.2297343754070223,2.0014416415736496,0.5822554693618293,-4.29826503954799,-0.31389179838116515,0.015777740555953712,-0.25370593980528305,0.11166093885748782,0.046858012401670576,0.0,-0.0015287300380724578,-0.18080550216260088,-1.0639750161547867,0.3211695161986504,0.29341223157211643,-1.6126079438995267,-0.5454116750466242,1.679891232657425,-0.28736258870651116,0.37610736665219135,0.6431445324893444
-0.14657890074805968,-1.873757293883413,2.045974949094966,0.7965258150043748,0.4919534035069886,0.19550388144142936,0.048770018796378864,-0.3051713710860348,-0.032181441140123494,0.043214513976684445,0.0,-0.07036718896484627,-0.2579449747618151,0.6703006488046008,0.07706627397964302,0.1161255376324727,-1.7504922095265225,-0.619205180501301,-2.5891061938473476,-0.5115035253166818,2.846549593663653,0.9677858819701234
-0.10331709180396839,-0.39791765072797775,2.355574903857573,0.5835055420978635,-3.1460857881347533,-1.1979913133416098,0.013907220677582946,-0.2924087378369119,0.2669184394645686,-0.1905289533255181,0.0,0.03833742821989594,1.240665768503248,-0.9809075048845121,0.28061982288148524,0.5214611588324196,-1.2998054718144065,-0.33198042194383887,0.07959993839307383,0.7436030750472462,0.5783551629895191,1.2584077109443041
0.216813990862292,0.4816827522749176,2.1689213548756294,1.484449308935288,0.7224250486268247,0.34045691991460497,0.02876490990699875,-0.2345962278276349,-0.6219180076110336,-0.7314685592770516,0.0,0.014609258828056203,-0.40778980804806486,0.91984005606805,0.8058892092377945,0.41276002162753345,-0.8020826492863463,0.03613508980461031,0.6218589600774159,1.1382962186130823,0.5811979841413092,0.7040484063509743
0.5288246796885193,0.17076856286839276,-0.7167517254080947,0.955589109489579,-1.5654111894720275,0.02387365623038468,0.018102688670388167,-0.148097023648666,0.08066253072507706,0.14511566361935654,0.0,0.10774953531875396,2.842731831306746,-0.1165680185482751,0.9324896459818743,0.6442542173417023,-2.5215567465015503,0.5563365342146047,4.299933552210866,1.8180477195274287,-1.3741515855828597,0.3972196000630362
-0.13406961584679009,-0.5092166032525751,2.1740543289907888,0.5480619178182925,-3.5678279105593087,-1.205466732503401,0.013806959590096063,-0.3015138469617161,0.21586386745676114,-0.23009201338603724,0.0,0.030137394776032403,1.1743079802661425,-1.0432236238898234,0.2659622665687159,0.46467994949663743,-1.3863054478264718,-0.4161783108589295,-0.030888329620335858,0.02484252041444293,0.3199022024757039,1.1358542849470614
-0.0009759958572564628,-0.4631879789738072,1.7903156920812782,0.6408550272041741,-4.4263429171339155,-0.04355176849431379,0.012804093721977512,-0.2254668874254293,-0.06531117698788506,0.10584089087807684,0.0,0.020351261685455223,-0.1234085103419713,-0.6638094207089843,0.4037679279444631,0.3216989496307354,-1.4099373416556884,-0.6472007281584424,-2.283365320024315,-0.7000339711974606,5.059924185359572,0.8008672265489847
0.12877049963786624,0.60897156507791,2.2421553518100956,1.308985306075559,0.7182439388324903,0.26625971349472727,0.09214757028698306,1.5253431399631976,-0.5173478022169911,0.09689570535962572,0.0,0.03059610114242036,-0.31501042142167174,0.7378063196850294,0.8486647348466666,0.6046539384325034,0.07413182313636849,1.1089390368819478,1.8574202593272895,1.9653332095799336,0.5966192067316437,0.14547204143176876
0.42455430230205043,-0.6025656095037599,2.8773755017436593,0.8790555135427544,0.8921154693403694,-1.0073077768440506,0.015132202689413376,-0.15137755219207513,0.1628825323893478,0.2610456575067389,0.0,0.04793350742330803,0.09209805789305037,-0.3910212696879078,1.2560376445045087,-0.9426374100238484,-0.4394346090493752,3.0583983048294914,0.22995570323771894,1.0734932075908785,8.745577893059428,1.0707981102006534
-0.9192569324511796,-0.3659849107935439,-0.707932428505452,0.07277510470507,-7.266351747956689,-3.8528189806356856,0.012563017522919199,-0.4327566814366315,-1.8015896614679523,-0.21118141772071997,0.0,-0.04255463464214474,-0.6888592978678066,-2.7068175769532687,-1.3832022114073559,-2.9496103394095012,-3.1888912154949205,-0.6806176218066591,-2.1560618259332043,-1.59586657959459,-1.5790818524726846,-1.3034099675827304
-0.02974375628795155,-0.609641501344585,1.8945034932058686,0.5205273120462327,-2.0981061293139787,-0.604556805310844,0.015953516343903042,-0.20496495687328345,0.26209337868281923,0.1444119707300812,0.0,-0.2740113979350657,2.2299500516096615,-0.7615553881090643,0.49944590704890623,0.38971742186403846,-1.6945667486255167,-0.05030612055301617,2.7987592965952475,0.743854371705685,1.274436962945187,1.9932813596709242
0.024669190713115116,0.953089178365502,0.09280778050126255,1.457024213673,0.5749301338818195,0.24185014341945846,0.06368610344838765,-0.5396027860142953,-0.12826595250188869,0.1561403535242672,0.0,-0.024916694114742347,-0.3896529971345741,0.6812361965378585,-0.5472851003186237,0.7414062518737734,7.0339588641042745,0.8124074247636299,0.10579987578586235,0.022501616932392304,0.31385363161603375,0.11531180903876719
0.07963687977163324,1.2223902445394998,-0.9509845575913397,1.2243093589984237,0.6359595045567321,0.14358899795793403,-0.005119105661818493,-0.29824503163559407,0.027020220826405636,0.21889224191888143,0.0,0.021638741673644706,-0.4450905655607133,-0.20461911134156546,-0.89484236362448,-0.21804503073980566,7.597313594754251,0.7041680725736367,0.853667151909569,0.48196289758919153,1.034148296499476,-0.22358419931869966
-0.04814944973289961,1.7616257764330068,-2.070023722163588,0.6636770918135074,0.6597376202061098,0.3146760326144369,0.028471902574486414,-0.16625541836300076,0.24594963063462386,0.2667130525634068,0.0,0.08115130028075214,-0.7449041803325394,-0.17946158085266495,1.7226579885462239,0.6327576855468711,-2.6012229468028214,-0.326909281656509,0.7030370140620145,0.31818866886545194,-0.4983452301724875,0.7756209506975056
-0.16656093253682464,-0.7084034103018244,0.040245109699942785,-12.322425510846376,0.23784717184581605,0.09346913190226905,0.00776679396164467,-1.1280380668211407,-0.4735663195147755,-3.0383071495393024,0.0,0.009337823150451728,-0.5095218285753175,-1.6976498306555778,-1.7540322054351545,-2.9269572272469038,-0.09145613117257577,-11.017272457042193,-1.7812934213937166,-0.6205773326627344,-1.453670713125025,-0.027152255595467623
-0.056013456255943485,1.1519239098772838,0.1864501584976234,-3.0480080360848656,0.27612896581416424,0.164603070974638,0.009382434378090493,-0.2718592643773344,-1.0799393372468886,0.8985132928711902,0.0,-0.019120526437653308,-0.33482646538747024,-0.6095467061404484,1.5464574515416731,0.20826936683003097,-1.3697102423648744,-2.7051408460854525,1.6534330217290603,0.2079447784280054,-2.4517938798324823,0.1551265473668833
-0.09352470206772188,-0.8666343506214391,0.3031688751035096,0.7491264105980223,0.5277596672464617,0.2187648762343107,0.04880687677980121,-0.3450582150038084,0.2540441882995445,0.12197629109239894,0.0,-0.02521639560352609,-0.09439806553198644,0.8814597528235512,-1.0878294177678804,0.5872610790425308,-2.127778125596601,2.849678752153861,0.7487666749000773,-0.7718597360573255,1.0570623196908113,0.026754482380552697
0.15899751923700026,0.6603415001180972,1.908321324620946,1.417550351650829,0.6845534753863937,0.413954182862649,0.024915967585815692,-0.24905491574702968,0.3603438077198862,0.2983897541856524,0.0,0.5342787498624173,-0.12447482659191696,-0.27434665692544946,1.4010036551540102,-0.525798534912201,-1.5427433743917702,2.2284112677728545,0.283856411367971,-0.7111270392502697,-1.3211236455549071,0.390441263944262
0.29278939220319655,1.1315240688785488,3.010305348876986,1.4338402887165558,0.7134740706384125,0.1903670005045592,0.0152861065012366,5.607169822804393,0.18932868484232282,0.1069357137551215,0.0,0.019840635532767426,-0.07259131317567225,1.5529200648272583,0.7590699149796888,0.7805145760039993,1.8786597300107963,1.836268972977818,6.0312435953964165,1.8873286528619273,-2.886695054972863,0.8061459659317186
0.29274558609936996,2.287446843948016,3.048302688000552,0.9635789143959035,0.5947767491556696,0.1389096115457299,0.03082044325961916,-0.4817859872614484,0.13616019675630212,0.18058424515074648,0.0,0.05663112990822393,-0.3571201972089638,1.0859086758296945,0.5203902292578991,0.5941267007513724,-2.184631246087794,0.37525446689415476,-1.4868278872516225,0.9046232023283254,-2.8144846940078674,-0.13604743336864814
0.24835588116722282,1.8249137160741986,2.915251713399147,1.310497780929745,0.9605841042583233,0.3783516581065926,0.014467502640916473,-0.011704895358401524,0.18343113426456165,0.4440692283587154,0.0,0.030512227493709347,0.0033289365520805018,-0.09126674649004334,1.5414426982645644,0.5767803946364052,-0.7945551943626389,-0.3700775337389598,1.976847008231063,1.752337939714639,11.102939247897405,0.7971174360559489
-0.08684816125122384,-2.5201270214235407,1.1586706536287266,0.3397570032655421,-4.44131788286525,-1.4774175187243976,0.012981547821447186,-0.26898266184572334,0.14698883329245674,0.08836548780034251,0.0,-0.7880862502560244,0.28299243461537443,-1.3179487379327484,0.09643559800537278,0.2019533991976901,-2.3748285462047307,-0.8734774289935122,-0.7144162295955323,-0.47420390933819556,-0.5682048297010509,1.1229974586002158
-0.35846137834071384,-0.9612657632072072,-1.7050058598429518,0.6202833743919748,0.5986589368466444,0.10763418956254228,0.016952950727600575,-0.3746675611812716,0.002746158646482494,0.23873030734491088,0.0,0.018540980899816498,-0.7373168517886952,-0.5391260725006873,-0.7954523828173711,-0.990344333800392,-2.3457231393057874,-0.6732496841613312,-2.7903210275855868,-1.2208056179628624,1.215297985754484,-5.619138973584319
0.4012122758645677,-1.7623648563466754,3.3724108693791517,0.824774078228234,0.5196954875084805,0.14725368411187897,0.036170970908391935,1.90388552979279,0.21112858660530254,0.038316861324844166,0.0,0.006460069290228256,-0.20163132164260605,0.6342700100949547,0.9409616458315357,0.4552684389131774,-1.1950944784671385,0.7945930787119938,-1.7638721132431734,-0.5985692902715936,-4.783120508571114,0.32063022007203335
0.43846156464604424,2.063506099122908,2.882683667683621,1.2361066638773295,0.8289742798146682,0.3582643539827846,0.0249738786125575,-0.17237482248386204,0.9583806442169692,0.384711791364416,0.0,0.042557031289494424,-0.33166407441345996,1.0825856246385914,1.6935603465902678,0.4026420600583915,-0.8704775117216902,0.9008080094231689,1.1634937614821117,2.8850241433361044,2.3294019901236385,1.0013097364512231
-0.08788033940055107,-0.12135331077937375,-0.21254389987166186,-5.735212938723436,0.2985899940788378,0.1438248225696331,0.01584103435174594,-0.29884115893368984,-0.07486363316912856,0.4057596357774229,0.0,0.00893593297317551,-0.8008427080526231,-1.3207679946785034,-0.6033266263792633,-1.3378489264196094,-2.022069993321328,1.5378374148808986,-2.473212794268615,-1.4246445760608892,-7.494196673885886,0.05703297740820802
-0.6765353991523074,-2.5372998619275653,-4.207815078463841,0.3868903098277501,0.3086189275565971,0.09586414521720275,0.009761596840337568,-0.5173738893166423,-0.7703190894343364,0.019205806953867838,0.0,-0.005838823439675367,-1.1551316210566676,0.20294845319713134,-1.278754766027043,0.03168231655094446,-2.540059496525167,1.1255294942475946,-2.6311465626367516,-1.3338280852658881,-7.860015255813564,0.08671011676334418
-0.23734202085207076,-1.1003651403659636,-1.0591425283445661,0.7110417482915574,0.5676870425986305,0.12271056577887282,0.012910215342237233,-0.4261261078753194,0.12973293973037242,0.2759290722350101,0.0,-0.009227336208242445,-0.5278019488454904,-0.419191608980976,-0.8024242403645953,-0.6718955089969258,-2.14545520137233,0.8348296552667204,-2.1325648549711187,0.38159673183624326,0.996453570975748,-4.36651780678259
-0.03765118420091528,2.0555523567448652,-0.5009461837332404,0.6830274785196104,2.0878068537942194,-0.2908788130915881,0.019325610386423386,-0.194505424027893,0.25301640529082525,0.3200568853633028,0.0,0.09860036352549394,1.1402168774296313,-0.538912237141892,0.7817491024870113,0.37440864304090266,-2.0727901402306523,-0.30485952096885394,0.6445191480483827,1.1768735647532163,0.26138811028855696,-0.5288629915155348
-0.026703927789987918,-0.6242086175835374,2.933440944560353,1.6503481834435998,1.0411258928140537,0.1595402411464082,0.024865954274725745,-0.1402441853435029,0.05608337377725205,0.04539144759098604,0.0,0.02784474548247174,0.0561274566233341,1.115505262647167,1.2257242753828914,0.4655282249228643,-0.9142766863659888,4.275934832934455,1.6291628073157285,0.0630122873818519,9.510487350809186,0.4656553740709646
-0.4556096972145234,-0.33504685551977076,1.6903647158895516,1.1149677532883586,0.439250902351195,0.04481053962067069,0.004585779990833818,-0.5611295022692165,-0.10938388873737653,-0.3659511111627707,0.0,-0.0373479604733969,-0.2456540847236543,0.6124522096639402,0.38214551767713373,0.43397162646739956,6.930799201019142,-0.05018535267204942,-0.7299981433625111,-1.1889007139831098,-3.612199488025833,-0.3124922097287291
0.21473608608184022,1.9796923709574725,1.894045873078475,1.2678228882550855,0.6034859004979289,0.09256801528609118,0.018110024787198142,-0.5986776349179785,-0.40864542506741564,0.15712734046950136,0.0,0.010177462246200013,-0.3088402953735839,1.3209808066887163,0.3568012668275354,0.7921143561373872,4.546589463419294,0.43467617637464656,-0.43035213408515355,1.436205504856395,-1.051950443603158,0.46819563517865387
0.03439693235942725,0.9220867260489947,-0.05815018316348002,1.4546046219164517,0.4809901309059418,0.19306553971883408,-0.04082781954784487,-0.6110729312327889,-0.08309545889805481,0.1720264866969251,0.0,-0.008351317283018972,-0.41106427055458855,0.6344629030010518,-0.5987714351526082,0.7374801726912346,6.624211684832606,0.8932448294542157,0.0970533912641262,0.30068303853037076,0.2345396447828022,-0.05311144827532008
-0.322364826765714,-0.4770355690180079,-5.286298599555085,0.6076879189019881,0.3061204601344088,0.02210035494159143,0.02276203922678656,-0.43932376594252465,0.05944297851278669,0.14045210768764402,0.0,0.004216872405073704,-0.6913019834763704,0.5898415090090467,-2.7733323108374535,0.03733369955474745,-4.359106826530827,0.5624737502301078,-1.9982304198683711,-2.4699212317346944,-1.3425359587308445,-2.3989799600490516
-0.030557628763386427,-0.4710088406302007,0.1127833810859056,1.118026082355887,0.5004890619999941,0.1459540562743741,-0.027371790000185327,-0.568734207825089,-0.11422532530097111,0.13517019004374575,0.0,-0.02677203048427871,-0.24741084932297627,0.8128243948521431,-0.48675304263728136,0.5989716508822135,6.956099088591251,0.6777051423184847,0.7457681139709896,0.04264043988840526,0.13424074374071515,0.06753860705549608
0.3043161946373914,-0.05598040898141423,-1.209502886204496,1.3653775535314374,0.6757244074784858,0.08660229664025652,0.004060237136551544,-0.3517874778561866,0.3431604132539785,-0.09888153588667582,0.0,0.0021613796945307707,0.21856039653591755,-0.006340241854929684,-2.052741781894277,0.24780939612618652,2.598057550881754,1.853402742610497,0.6034595694805232,2.9453839437425016,7.760084505364785,0.07044098365844279
0.12957442479644232,1.062453922727948,0.9530165298105117,1.2145467501201301,0.8484167465369338,0.25519032370349687,0.07017465883470016,3.0746880620356922,1.266517741008313,0.182334749004348,0.0,0.050234620663134645,-0.4667771229323879,1.465291209347542,0.18739144890716297,0.9223225154275208,-0.014376330913132883,1.8118484453033583,1.2490860948154519,1.3379618426862803,0.5830560207048463,1.037288585506829
-0.20973308737396276,-1.8124558919421156,-1.831453464034561,0.37262254147330826,0.33447323055642314,0.13727901904210613,0.011296097763912747,-0.479223312599174,0.20738993920457727,0.20920132223663265,0.0,-0.004142920606910205,-0.4943030818832593,-1.1131552003081813,-1.3194744265514664,-1.5368060729560455,-2.645440131089373,0.28472915775354507,-3.5196445223245587,-1.1015654322497377,-9.76289902624362,-0.5832734997722399
0.09897459254925833,-0.8561818999003646,-0.3560544944945763,1.0473404537341997,0.5967271453918144,0.19756980604914484,0.034157255400676045,-0.31231811046102603,0.17988801080716504,0.04666731916800806,0.0,-0.001339297884268916,-0.7592535532936855,0.9094429717801095,-0.6482061410949967,0.6700705725881171,-1.8876569505268561,0.9117786699969124,0.6789663986444004,1.5540487469876136,-0.06699762803000248,-0.05377762931646112
0.01703402379989641,0.9815811394634044,-1.9766735901539922,1.4483158110120382,0.5420351998265881,0.1355317929701717,0.008440638101972448,-0.5730341202928524,-0.2749678417986818,0.21134630393181236,0.0,0.018352377221884462,-0.1272801535061914,0.9709311242046331,-0.3849900422288676,-0.02288834592112892,3.1008682818284306,1.3371506876781036,0.8047570814369267,-0.7156291370640664,5.101306598662202,-0.021966591077088257
0.11164380951311682,0.9864597785060583,2.0622269297974483,1.2113225190361285,0.5891187377931764,0.18396148716780023,0.01902101891220811,2.1054002534193175,-0.451097962906782,0.07556023488832533,0.0,0.021700036827871104,-0.44338296413672335,1.1398665027750048,0.19084300326096618,0.5203690875078697,-0.9601328651361022,1.158160727270785,0.5491882422190424,1.1020622543259035,-1.282173528757889,0.13028193581170514
0.03767973999053451,1.8886576842710456,-1.5219492792059428,1.0991866838855646,0.7663985233474617,0.09174526694930567,0.021085061578840304,-0.27260059360383027,0.24382982051549953,-1.123089541961477,0.0,0.06189065888790757,-0.723291909485088,0.9579803204089985,-0.5264575543112673,0.28908824198185823,-2.086337484587083,-1.0960970136812525,0.4646202331050069,4.8961898989218,-0.15545402816145487,1.4098575092488024
-0.3133181956562832,-1.3449695824219936,-3.6875570448522197,0.7927522443118195,0.5559633779232167,0.012081159768223607,0.010409356850024743,-0.4548830529163491,-0.5862210889795003,-0.041163443208098435,0.0,0.027823687915436903,-1.1892142588888985,0.34100600565175687,-0.983453681051453,0.2865521899026059,-2.2435720683618126,1.0378069683721052,-2.567484068823284,0.27831134925883194,1.1884888372357953,-0.20376145393464548
0.04440664623371946,0.8684182037529741,0.005036626518849023,1.3098142512739464,0.46709492541440334,0.16223429487513388,-0.010654806542983546,-0.7095761605818623,-0.14513032976794454,0.16030113181233635,0.0,0.018194732141001275,-0.3117205941079689,0.7348580523138689,-0.6755174327244088,0.6578813699533612,4.966413085345117,0.8457859946390478,0.015569759097321596,0.24354477036213443,-0.2715746161456718,-0.47605766576714986
-0.007213076179709865,0.6299913276618815,-1.9220364440774598,0.6506685607163262,1.0748969565871322,-0.33928888668322554,0.023329267700128564,-0.2071967284698622,0.0937437953694591,0.21760130845752215,0.0,0.12733386667504337,1.833238814789526,-0.8693038182417229,0.22079325671591463,0.5058253071940246,-2.1548933041697937,-0.47014907801739464,-0.4023868873200651,0.1992697810772907,1.2216963770700162,-0.0056641587598724235
-0.18804115849444364,-2.501129795869535,-2.396884544810445,0.2464214676057161,0.30397464343098,0.08415063168232634,0.011455831294712447,-0.4784215084759836,0.04992450063149993,0.17469159018073427,0.0,0.01764309823793299,-0.5277414951946315,-0.8837191305011853,-1.5611799093455085,-1.2145041534227585,-2.7845952230056477,-0.39578261713909113,-4.147209467736498,-1.1646296573542918,-9.273058682441334,-5.608649181177277
-0.2610681210013867,-0.8058448149991624,-0.4769996675166802,0.8671505315852909,0.6082348120443544,0.33610295598209394,0.01720275133725019,-0.34718848033118055,0.4048475595225287,0.3598843909649388,0.0,-0.07655941256254022,-0.574095164240224,-0.5891259464111629,-0.8020304709779524,-0.9145900498579961,-1.7858460234314533,1.2716969277203771,0.6598578367946483,-0.7982433046462938,-0.12207556389095187,0.15658749201070807
0.44302636855451927,1.3789207088374649,2.4711289767680173,1.4553088647640449,0.9522640054712792,0.26671695127322476,0.07867593174040449,2.463846488499364,0.3785674851748952,-0.16808720047104853,0.0,0.022046532978158607,0.22068754953094313,1.4869440207475149,1.1141656564007572,0.5480896867121652,-0.06956594182314974,2.1895109831536717,1.5470278919357954,2.1917995750893016,6.524032685333589,0.6263040174243703
0.24555664562084387,1.7695978675413508,0.6851376473755972,-1.5981187038278954,0.7200163697303306,0.32697746400672967,0.016928631394566084,-0.232252695996147,2.818116129885684,0.6501452793977347,0.0,0.05172873164187966,1.378228838410627,-0.713029643438271,-0.2319919692059717,-0.3463173501691663,-0.714911552813776,3.226471782636958,3.0437413343153974,1.2812334525778086,2.4243760836563246,0.4870088953546489
0.006517987136790988,1.7810339015649819,-0.12048237418810741,1.1064315401046423,0.7192118985323683,0.3283839612279412,0.008256367063218464,-0.3041082630631739,0.5433526782379426,0.23132391592769316,0.0,-0.004582012453161111,-0.17843661110679293,0.1809798334174879,1.4339485748271041,0.5942553528102051,7.296896590789329,0.17452969558957082,1.8507927642560562,1.1292375931117518,2.068191563527507,0.9131112807818523
-0.09048154666565657,0.8226613007990681,-1.807804501581283,1.3569890942050316,0.5136725704282648,0.18486229880907273,0.01071212544273575,-0.5611975151435936,0.2424970554097395,0.17009553558431084,0.0,0.030072570731248974,-0.17702642737363158,1.2319554805006196,-0.6996481284853591,-0.07015371330077592,6.32026188093402,1.1265772461071908,0.2676875040021815,-0.32793220997770783,0.05865866033907394,-0.3880100426694409
0.18137058841565434,2.276431638523014,1.8344599107313722,1.5851856481511488,0.8114228818178921,0.2870241156687661,0.016639499633741568,-0.24548799356503545,1.109277444081327,0.2610623168547014,0.0,0.011709070236083214,0.6296713293360803,1.1178158655459562,1.3658827364914665,0.5594785133485569,4.71342193402021,5.060118139514479,1.6814075775139476,1.5989474885930395,1.8904075838223053,1.6512389493604707
0.08507255724009592,-0.8522345288874082,0.2588044298929556,1.033127598318562,0.5539405784692677,0.16257430610269658,0.012649373771401143,-0.732368590892097,-0.32572188896568743,0.15282698912446108,0.0,-0.031048856392777536,0.01231773190221538,0.6753193886091841,-0.5228952224247612,0.45812145072129973,4.901890727091965,0.9799040076552357,-0.15185606473872373,-1.6062728133426316,0.712917014488581,0.446374050351278
-0.256287265031935,0.8622576302790699,1.0134543933375526,0.8510057640840294,0.5127978156313594,0.18209499825737027,0.015050959713865336,-0.7073342830714756,-1.1806569955057398,0.08750244922772707,0.0,-0.00944094502836028,-0.6226705985454691,0.33610542849210306,-0.18913040625017363,0.2340213763719529,-2.4954196229637318,-0.5261236370405452,-1.3161589552000128,-3.037097684018154,-2.1870667290657755,-0.9655364555785113
-0.20633979070600905,-3.480079988136211,-1.938630036024628,0.5536118363367744,0.9450194709248654,0.2992338928417466,0.008517942498683371,-0.3586788730672377,-0.5086970416774209,0.00873478101640786,0.0,-0.011333617960187573,-0.5067334085587564,-0.8437670144120714,0.5372317052586849,0.3482831812773868,-1.5878996756164425,-0.8027992738399138,-0.9385940539570109,0.4208252163849784,1.0680596144974601,-0.3813186289858276
-0.09507786920743166,-0.010907282838228281,0.24766543674481445,0.8700939454384692,0.34088658136020294,0.2161802691396643,0.0167680926191818,-1.2672474015318513,-1.4265419746630654,0.07457587886502967,0.0,0.010839348941461772,-0.6327843492301615,0.5972620263180316,-0.48988798891878066,0.393399871897561,-2.2306427240845537,0.24595648934036296,-0.7094066305584115,-4.0583729356994365,-2.2817788583453638,-0.6417966874921017
-0.17706135601331574,1.3316810426586025,0.21688929867129192,-2.601384939683079,0.3028031569667349,0.1281257871252456,0.008022249108698722,-0.28386882778028966,1.4961100848199997,1.1102426492664055,0.0,0.005505624578941706,0.7708718552262795,-0.5051125551491293,1.652473279439334,0.3106875087429145,2.841972330045727,-2.5836106679680606,1.9449627656895179,0.6496138753193165,-2.40038167555317,-0.025144247416713804
0.07697713029319714,-0.8681603845729531,0.2500956075760586,1.008847603740388,0.5670719684373351,0.15020264723428808,0.024185948558793368,-0.7325283273965207,-0.4262992255552082,0.15717747840449495,0.0,-0.034106509526658946,-0.04702655433577967,1.0226327850487111,-0.4584120909261029,0.6012913720915066,4.304908960662619,0.9500502935420886,-0.043740099819774746,-1.3391616799451407,0.7456475066825756,0.41159280790130637
-0.04728360677698121,1.0420739473997032,-0.007193502622366139,-4.911752727894473,0.29469038080838184,0.07079914636676456,0.0018387374103543842,-0.3485014160069183,-0.7482080465941692,0.8433932586695698,0.0,-0.0068916420687228815,-0.38794929112284937,-0.8882305927494666,-0.5637348548505522,-0.22974866006628475,2.7324443975151302,-4.345065372026568,1.3717759753243057,0.1854248506915739,-2.720567743765485,0.18313200045431954
-0.22215956294439954,1.044769580360477,-3.042555745994489,0.8490936666487663,0.6542458276679735,0.10699864979789707,0.015203630652014972,-0.38318693949095267,0.2387303278800541,-1.173365942361747,0.0,0.014832884868913074,-0.9830689358839302,0.6934590340842471,-0.4475446345391343,0.2677284754271898,-2.5603746513251604,3.775083291760209,-0.20603519844961046,-1.426737068568144,-0.80294531452063,-2.0882611369743334
0.21310030774612623,0.4865111975341512,2.7574374601441245,1.2005939888833004,0.6117109361980143,0.20396155063316582,0.07870737987342338,1.537613998564302,-0.10165327529443359,0.12956692457148827,0.0,0.03492684060764542,-0.26552894392371784,0.7855677873500265,0.8606393277174967,0.6135564464931352,-0.4514766760398196,0.799578284094236,1.7328991536003395,1.4669545018411705,0.9892180853764515,1.3431959621244998
-0.04198805612423787,0.8810867728090688,-0.7102561070529587,1.0165620930619865,0.6042822331611143,0.008895217021383194,0.02733983809322101,-0.41678601367947443,0.06383898665581703,0.05632602778737011,0.0,0.001780266286743204,-0.6427865911487164,0.9733898611868602,-0.6690237047093108,0.5389772846480394,-2.149150139030707,1.4925101742822648,-0.45570596959742576,0.015060510290963608,0.02293993716604701,-0.8118203830127614
-0.14598435162626036,-0.8638086049721786,0.052709380138777934,-12.188566315027018,0.24265523676439862,0.10165010180640038,0.008196652937414402,-0.3743291343506955,0.1463436706791665,-2.867700080025645,0.0,0.006345832337205275,-0.6167835409647155,-1.5581821476629538,-1.839579034862198,-3.0482341949558056,-1.347376898641704,-10.370722214780042,-2.5036735076831236,-0.85229051608551,-2.0702628598007347,0.0365067648704151
-0.35809979961935884,-0.9793104300996421,-0.6661202480474528,0.8257935270283548,0.6511684566888526,0.27694704522489777,0.017083278362218145,-0.3625846009180584,0.37793015031236626,0.3697237359455928,0.0,-0.025408886952599304,-0.4623563434043524,-0.6321186161130019,-0.6415045732092559,-1.1168664618779973,-1.6488297085025372,1.2747690902781132,-0.9822437260245055,-0.568586848370943,1.775358007299775,-0.036743809905261125
0.225746809299198,2.204715443527286,0.40630111366727967,1.0744648048395165,1.0721833907034863,0.37261638335235997,0.02279032075236769,-0.2182414309414957,-0.49002148958856534,0.17125132207934268,0.0,0.04810959247322005,3.011415534322767,0.3286809936558687,1.2869509813629376,0.9327982469139452,1.1735416768401965,0.4006209774681436,1.0480906473326115,1.1591897486246323,0.6831631941717413,1.047652977238463
-0.11615886738332853,0.9627045084907435,0.9335289815377997,-3.9669996129735368,0.3787762218533713,0.12455251818421727,0.026145784827056148,1.5373380813908513,0.27727004692441387,0.15910719802892798,0.0,-0.06207920509396212,-0.4837350872707755,-0.6199890476347182,0.016815547420344096,-0.6263661355493685,0.4190142763244359,-0.5714903305969687,0.5563183025160748,-0.4277672306495054,0.14937052851064153,0.4375387592384202
-0.1879266750635565,-0.5572590980833263,1.945766546299555,0.506930053162534,-3.714456034159665,-1.3234641083632241,0.014544438375254652,-0.33090903576825303,0.1412805317671986,-0.34676507533327033,0.0,0.022293197384708294,1.1097029098277102,-1.1559756216723884,0.25540125912053385,0.42991968343976017,-1.518153776039281,-0.5089273519565279,-0.17586231754268133,-0.9442439955744487,0.13446491552270903,1.0559337927519419
-0.08200841258449255,-2.209459970745235,1.1675721999966386,0.6872392719259135,0.42250602348114746,0.1769732837502622,0.023802036909274547,-0.37396144689247585,-0.03645437406884939,0.23611890119422707,0.0,-0.021576210491451156,-0.4314464162246893,-0.5057889322909135,1.0119089209207688,-1.3839061882487838,-2.048986074072252,0.26837252443096127,0.0733280513252198,-1.9441036761860626,-7.470942203990396,-0.06643507004350363
0.0886278070291495,0.869378019034005,-1.850838597670979,0.8320953701399305,0.6502719694095391,0.1699149832285962,0.008152871861085747,-0.37982697224851897,-0.4557038187963227,0.19798659632280105,0.0,-0.001078366855762591,-0.6802009585411356,-0.6943138236382553,-1.646718157900193,-1.7224650291309955,1.2266421073505895,0.5494476828958783,0.3640335654583554,-0.3847429811897438,0.2397691475324381,-0.3034821761951036
-0.44081734704012576,-1.299715825716144,-3.586947006996903,0.67635023212271,0.46153616487492655,0.0995451429057357,0.010954712661215237,-0.42606689833059924,-0.8195801001615503,0.010848899237115139,0.0,-0.00983275181392294,-1.0158896237040764,0.3114451080846675,-0.6109129627048365,0.1058408169734875,-2.2370938316110616,-0.5089852172902098,-1.998572560129572,-1.9928733770343026,0.5764767040686596,0.08864295970005019
0.6318725697498271,4.747490354672696,0.2977503759056288,0.8716178111687892,-2.2587798358153632,-0.19296408806168167,0.028679283178091854,-0.13948428708071398,0.2865933183339762,0.19035623408383381,0.0,0.09931591951871836,2.4658512737032576,-0.5982605855766489,0.8248203099362597,0.6916992327823226,-1.2363729721758818,0.29971974791925776,2.332399826618904,2.059463947868473,1.8612936234035216,0.6160191779619933
0.48684557668011746,2.0124436680483466,1.2588660019582043,0.8062552659042483,0.8042779625457808,-0.22037097081612494,0.012170480612470117,-0.17223821919450877,0.002086095789964287,0.22984196123784167,0.0,0.06470464001169786,0.035230239937218105,-0.7154922997630071,0.9758206289279325,0.6028384993238312,-1.9330466053934294,-0.4125189248194165,-2.2106538077509854,0.5747374694796611,5.9924949128671345,0.42415666250836564
0.17244857098721258,-0.2824934412868623,2.2688032261035804,0.9781746358102482,0.7614439602860413,0.37205317636943336,0.02448424276405974,-0.26789138171930216,0.4071938501704853,0.21559182568986196,0.0,0.5445111837008375,-0.02381573898214314,-0.45394152402543286,0.7942639044231138,-0.1709570860671673,-1.420772136973439,1.1904089653727796,0.29033328692846233,-1.0660829117110742,0.3275731840638439,1.1223304461907224
0.13153431077810576,1.152238491955277,-0.07698029697638832,1.6080836618818242,0.5705716518580717,-0.2506094442038939,0.01069670020090077,0.010510795561519808,0.676012001731191,0.33043996504442724,0.0,0.6454573604098381,1.3542074500529615,0.48017151767637567,1.0141124758037574,0.7955148815253739,13.19239314453201,0.7901318737772772,0.8167713787667522,0.9473875173982661,0.4018882354934343,0.919008564828084
-0.29355022749449705,1.3403060406146823,-2.7719542909300987,0.7037382083093996,0.6557349620711032,0.16782042502674807,0.016354560471203886,-0.3457519551354774,0.29020626055530974,0.23866650159716316,0.0,0.04246419130907346,-0.7494524987932198,0.6909712307849756,-1.0776644271543345,0.18905537050893143,-2.3385754141331785,-0.5691268933709891,-0.1512873076692682,-1.5384742343227826,2.700787472910246,0.3571722629402521
-0.35214096763989117,0.8928084132377276,-0.28700151269598884,-7.144491194562321,0.41956343992632433,0.2013512751803078,0.013399909699183952,-0.3184656716807069,-4.983926285920157,0.3918803648435796,0.0,0.008990685415690628,0.03098091055626726,-1.4609758056087963,-0.9884160892681628,-1.549970744055045,-1.9272100244891088,1.1249530547870863,-4.651451436068532,-1.3465552712115951,-1.91785253063123,0.008357718280592593
0.11466023415767233,1.3685386883651234,1.8031496781444003,1.1623227027025533,0.5212450717991057,0.13375814204075973,0.005368856001562465,-0.5944217871887518,0.9193735870266462,0.19691628692173374,0.0,-0.024582004437556558,-0.3306542391121942,0.6348892523241224,0.2916791586644293,0.32362948802601205,2.869187390795662,0.4741797157958207,-1.0095998856262112,0.7620625380602187,-0.9194312927725551,0.3144206564066299
-0.17898062844767917,-0.5280049438792892,2.0114824030519527,0.49483334302739695,-3.568626651801003,-1.310427170781192,0.013907220677582946,-0.3350038275551548,0.17613024196131163,-0.333923315385006,0.0,0.0297043599318198,1.0674901300635964,-1.1221974758770283,0.16083786724788182,0.41567214312575695,-1.526196238773192,-0.5522254591875462,-0.20359599977564674,-1.4651793398781294,0.37655502175050326,1.1128845585983005
0.40947684468064255,2.231081224500217,-0.642024888014787,0.8541841145430544,1.452477666440891,0.8015647245430518,0.015618157872191837,-0.24683888598746903,0.33407811505093254,0.2138365255232938,0.0,0.09012245822901517,2.085318077327729,0.8336555806568486,0.7426119147201123,0.3304014143665634,-1.5397616630395974,2.956399635435768,1.9291735676412,0.9338216957535426,2.614206102657283,0.5722175218614156
-0.09262302442819394,1.2602697837364807,0.015112346766864281,-4.271558525747081,0.2856450600442089,0.11109654779208,0.008353511350185854,-0.234163945929772,0.5361166113970537,0.8410433221456663,0.0,0.011917399038375697,-0.5909982567274813,-1.0262438719316098,-0.864329987887078,-0.07152814429492034,-0.9694677582818843,-2.5437232902205626,-0.9838012896022598,1.0451123636240371,-4.943778310395679,0.07815569764680484
-0.08450772987020179,-1.173743762200891,0.6104279530966351,0.7407854052836433,0.5792572398951615,0.20673862377706662,0.045353334394368935,-0.3801378633254514,0.12455610642484606,0.16938530677707667,0.0,-0.049440545659907215,-0.3587610371519469,0.8853749277424139,-0.7267987450784574,0.4997848009001488,-2.353271376762007,0.5292338657397304,0.5818003182097625,-0.13624523564934762,0.12922041024280226,0.5333162413098057
-0.17491115164683485,-1.2811507258094894,-3.3247960720516088,0.7130206380669336,0.5258606320643618,0.19443134740744183,0.011596269184745142,-0.41993246245320415,-0.822801276095659,0.007191013865226276,0.0,-0.001463716005727998,-0.8111457995726437,0.4582543894153078,-0.5517103421125341,0.17312508841215787,-1.7276608449932456,1.179609863696796,-1.5352764407112172,-1.0753426517821132,2.2953854383785712,0.21564904083796702
0.08543673567423506,-0.27007865073503695,0.13303825704920635,0.43603156160679307,0.41343162031628106,0.2365436570408874,0.012500104690715186,-0.34940460301052323,-0.2737287016710615,0.20803454576485558,0.0,-0.015553363682796638,0.004961953245219246,-0.6047399368884449,-0.9765269492972697,-0.586044862092106,-1.5278628872737814,-0.3021081100210487,1.792751672610662,-0.17227294139764568,0.7645625547020415,0.7388365814639968
0.24450523072774,3.049409198202292,-2.6791840198090946,0.39548513831496757,-3.1258175218869444,-0.3562755150005791,0.01123349623070555,-0.2777964025249909,0.14700319406092277,0.19540340111657478,0.0,0.062254857973166405,1.7787383735245446,-0.7156654156432163,0.5270996122140102,0.3174365982861848,-2.4361497845898468,-0.14695510109863943,-3.1544531988247986,-1.8593685436617184,-2.0981624628914797,-0.09327089662457944
0.006713476183009197,0.7914185208880775,0.8924581580147732,1.0767313324364611,0.4654875559882185,0.07137262774832731,0.01595134664965122,-0.7286911539941682,-0.5444863893986898,-0.17463275482555912,0.0,-0.015941095801481866,-0.39273816251676535,0.23375958089441287,0.08712451718969182,0.3576747032182333,2.9009675975573406,0.4611900554728633,-2.4223838793417687,0.30960976343539526,-1.0877815809171365,-0.5988059807856563
0.052805120335217746,0.5402564132893679,-0.30395729013612455,0.856150453061796,0.6768288910468764,0.18797318533333202,0.007075829616576714,-0.46068612022811284,-0.8230040190627943,0.1260645437575563,0.0,-0.00807036647288665,1.415611528020484,-0.38284728595661077,0.4776794584759994,0.6080184436004888,1.8514750850138957,-0.09195816228488501,-0.5114818357381803,-3.7590537330949134,-0.38854928178604276,0.5315283813042013
0.02519291049531792,1.44202774322503,0.45859987744535397,-2.131050098033227,0.6089289331977676,0.2999251427662631,0.021548552307484994,-0.23707321775467097,0.8936487147973763,0.6240889385659719,0.0,0.006894632081275888,0.6917456842821779,-0.8636311902119814,-0.3031451339866381,-0.5534303422158626,-1.4167352951946937,1.7755620280037452,2.5022000565199636,-1.0328896132666938,0.4953851577681868,0.07784375730317249
-0.04034387649035152,-0.2993840112907007,1.0980307753820935,1.002725414426919,0.655357293090017,0.21836754020544502,-0.9009074495572617,0.7553243917966864,-0.9394463287236622,0.053395620238530485,0.0,-0.03762138880423306,-0.5825488843285797,0.37015530091254495,0.2648675455833247,0.4781237891684269,-2.793258138269148,0.34065897764062253,0.1652971543504419,-0.9276211123505099,-0.39718376823584983,-0.20401260664968698
0.0421337253211879,1.3046404275574637,2.248095210931266,0.9742099618272341,0.6021589805511415,0.14814247076898623,0.038971003770936645,-0.4532452017934804,0.16542892718178523,-0.1448150721086114,0.0,-0.028327463512270935,-0.46006541635808035,0.42951270939756064,0.3587284664368658,0.31337824156810906,-1.8175287437133154,0.7567174888163216,-2.3632955711447092,0.2076229518077885,-1.4480236469525956,-0.1939302122586046
0.12926947855467474,0.22525899569690172,1.6085809797736028,1.3112110511258657,0.6094266427719448,0.37098068420827096,0.014708302092501383,-0.32546227104428466,-0.09323159113470078,0.41407865970453234,0.0,-0.15380976481188305,-0.18454846634618913,-0.5483601250763808,0.9512364609027028,-0.7750364070176164,-1.5965782731534346,1.943995561500353,-0.6783449184758467,-0.6409494750313339,-2.315264099390736,0.030468813246383553
0.7134184197193048,0.14923390913275011,-1.1321779869030086,1.1286553047892576,0.5537824301432296,0.2665376609723835,0.024966937039730464,-0.22816889412688485,0.14355384615879482,0.25324175608135585,0.0,0.10312936476326216,3.7666787824144343,0.2597725662458438,-1.1340438565496576,0.6120588289089773,-1.7705495516208576,0.32515000934336813,1.4351318221718328,1.494905033980956,0.4255745374164271,0.7189743180138554
0.4689949350712392,-1.802383958499168,3.1763139017477204,0.853478987628812,0.5170601956188546,0.14726177201299984,0.037083655573613865,-0.4254073975728503,0.13116940772359262,0.017438896249812954,0.0,-0.003761406100646564,-0.13791982819150805,0.49350914151709335,1.2394384661839715,0.5585699392128382,-1.9845123621249832,0.5481316377590635,-0.9109991389518797,0.6866874149968843,-5.718938995347027,0.23929797358681157
-1.1544900496183197,-4.076836064491518,1.6336997261746746,0.7513285986832927,0.5198392489502291,0.1387980128412972,0.020723716771204256,-0.4741280659842162,0.047100903903590084,0.07680063335566065,0.0,0.017259083448416576,-0.676948264166687,0.4890322077780662,0.33522923897318363,0.22739386333918737,-2.3193973908043337,-1.5056476719505523,-1.6574968241499333,0.7549394361420401,-7.308364281640749,-0.0506208194593502
0.10905223548340698,0.9753160541976437,0.641739776620047,-5.753954778670736,1.2407178134255556,0.5777933215486827,0.01650732806250064,-0.3072761050122154,0.8153626254036476,0.5886879114052379,0.0,0.05301062988564435,2.451728204933443,-1.3306791597324885,-0.12995487239339187,-1.1753470451008954,-0.5167703001953969,0.47513309119409286,0.8485575006265954,-0.38200923471446674,0.12559496407449278,0.11583327705389455
-0.4298106391049807,-5.648578588047098,-4.410645681570012,0.25782510819958704,0.48976751868600055,0.2629854449008,0.01006010414213451,-0.39652870864656975,-0.3835367743807736,0.013900744881382252,0.0,0.0277146811810634,-0.7540083861845879,-1.4259777351632237,0.435158133114676,0.22400319383075876,-3.0422258403319997,-1.245436521978527,-5.112861909770571,-1.9715720945578707,-1.622549274215555,-1.7159245368893228
-0.10380748366511078,1.3171388084317885,0.24134405487986538,-1.8345424182851506,0.3097143062876803,0.15882191143975616,0.01852212374032653,-0.20423263326960409,0.7176803557172236,1.0588792108047154,0.0,0.012264685842645897,-0.013115140866259754,-0.5485395525194452,1.3908386481181465,0.5087628735200369,-0.89886015245951,-2.1889990242021025,2.796157248347309,0.09742730232476415,-2.0922872306704154,0.16103934457853472
0.3250523948685905,0.7205634593801422,3.149056584943542,1.3455906210749555,0.7125801428975959,0.16767524515040255,0.09358256412397972,0.03080451204487026,0.4874124853841376,0.18752739258979936,0.0,0.03786738687901758,-0.21222514746741722,1.0322501092967624,1.1377990406561824,0.726198661131284,-0.6317609479081084,1.2757958939487952,2.2267756670332752,4.1070578032808545,1.717376602168283,2.625222766618255
0.23763581301673672,1.8001316731734698,2.8427832447549677,1.2662214442654178,0.9264897217700678,0.2723307411349856,0.027466954234743976,-0.22458568051570837,1.5993388165654472,0.18604580177390012,0.0,0.004261676380715563,0.3515538022257622,0.841313534355154,1.22337301003234,0.35720394822620843,-0.7386669585855432,4.5596427162359525,1.632602118352214,0.613004786622452,2.3817018502555856,0.28284422382027125
-0.0031578307060967734,0.9823075414814615,-1.7674146102699295,1.279995314695475,0.40741961736903953,-0.5664568581640024,-0.001214279743790959,-0.8240474176805684,-0.05793348698815104,0.008086889265755699,0.0,0.27387207708618044,-0.16437543996098328,0.12364334759358452,0.4709736281569871,0.5192752753457759,3.725591422788371,0.034241928405946455,-0.274249872453784,-1.03768720960651,-0.8226599852191258,0.46002418669977324
0.024316860693815605,1.1085564503439063,0.13598219326386876,1.23127073222668,0.6068511293032307,0.16150749403566572,0.07662418478793807,-0.6414755121074431,-0.20562273820277174,0.12848658792950443,0.0,-0.024145011850477707,-0.3565021285937793,0.6341951428517817,-0.5590122277341829,0.7005126850413826,6.6522743888865445,0.6273349794526927,0.7217146934266787,0.1934437439846296,0.38712285528482643,0.3408107350707598
-0.07962919876414608,0.13067802613389998,0.6642701892030032,-13.477967699691122,0.3369759292109287,0.15562294948754846,0.006441537319907929,-0.7860747886970563,-0.8725202961406212,-1.8908659492038935,0.0,0.010916548685506306,-0.36082717875548925,-1.8617074191352656,-0.38802037011234786,-2.762772402035128,-0.878936652398738,-9.836430943078364,-1.5166370063506658,-0.34698686097084525,1.400715839900031,0.0776149834881733
-0.3946764944599954,-1.87107049344277,1.03269753565205,-9.244375130838058,0.45920702277744135,0.1641254822451987,0.009836096400533866,-0.4669345688495731,-1.06361293927106,-0.27466742138930517,0.0,0.030026608864331998,-1.5168770333378994,-1.5260814003866257,-0.31404174822256753,-1.8077603931793897,-2.1046830446595997,0.05286426137062302,-2.1335999733534954,-0.7587180787858172,-7.670422642310181,-2.0188824067286126
0.0030681114834814074,1.4155194515119425,-2.4228930096305423,0.8415389364206411,0.7142897985313857,0.3027017075728514,0.01776695416480286,-0.36470249246894365,0.387316689105732,0.1609202141019666,0.0,0.05005578831888923,-0.7058779124608251,0.6327521129684484,-0.5567712088613899,0.17653381846049718,-2.0739381233068266,-0.2730798598166944,0.6664025996656584,-1.6918704833054188,1.6694674415192012,0.5798567041203534
0.08782650166735527,1.4248515580328576,2.278757529873871,1.341938641668206,0.7790032303313283,0.34521538421855236,0.053326939157841514,3.630170155901112,1.062959529352702,0.35750046143008296,0.0,0.013430785916678747,0.15905605345098964,-0.35642012260253436,1.5972797829498853,-1.0518607558404718,-0.671949712567598,1.1233920459401254,-0.1879178377924016,0.9220416849319679,0.11908517165893295,0.3236692104157943
-0.26167259436013496,-2.5017093935595702,-4.41526786447057,0.8122048508207245,0.5694073704467796,0.07430772788437662,0.00612998259141427,-0.42295896449660025,-0.3290306642952668,0.019818474142132406,0.0,0.013390748484978305,-0.18063437659405185,0.27487963333663723,-2.848760345120513,0.40163229876665435,-1.463806526261606,-1.2055658180459483,0.6575903167676646,-0.17308972135154355,4.183971804831951,-0.012129701422244635
-0.03811270190277251,-5.4900283688106635,-4.689562806668603,0.15168259316997784,0.4537933840144961,-0.5815936926462834,0.009882028667241922,-0.32099945196076135,0.04849560669341374,0.10526053244018028,0.0,-0.025217816563987146,1.8352025795899476,-1.0874720984030193,0.02861063664394477,0.06535333203020163,-3.264952679450659,-0.8749749456235683,-4.054014360178667,-1.2959444298208804,-2.7205257885521266,-1.0825803145722144
-0.09076297604325181,1.2813656584687096,-1.8129681173675967,0.9859407446096432,0.8086349087825949,0.11808742270170834,0.015203630652014972,-0.34169429665838097,0.3193400270171375,-0.963085593112551,0.0,0.022797176997298586,-0.5968524853706649,0.8411760354157939,0.06723131657204655,0.2757753950157076,-2.0978085160832256,3.6730645935013366,0.15863158594696822,-1.2772724520170606,-0.29755697067432335,1.0825931497413137
0.034658199536472575,-4.5169242513617025,-3.991953166255685,0.06547669638790768,-2.476229948236401,-0.5256654951004465,0.009137584585868039,-0.3088927839915661,0.028837282852719397,0.06754397490744539,0.0,-0.029080450595938664,1.3600654376026946,-1.1002453543241848,0.028554853422355798,0.08959419498283691,-3.1767463012482864,-0.715684730667872,-3.580463908080155,-0.5389141233108095,-2.4312428850254997,-1.0471935879845229
0.06634767545322065,-2.786883588160823,-2.390962463523211,0.16349122630021257,0.28287619766442407,0.014662635825043959,0.014920156499209155,-0.44538792432874535,0.08012464049101198,0.07588228431082636,0.0,0.021173703430180872,-0.5572289880432512,0.8930338250476079,-1.189890970671175,0.4650546669098365,-2.892131209928754,-0.013418582114407097,-4.415327856535827,-0.37489693625629567,-9.392820593987352,-8.024083660286431
0.2238963967533185,0.2741153921999348,-2.6296553388883646,0.30455270240513055,-3.3098123079327197,-0.3212364741512036,0.012461467817920178,-0.24740763823719797,0.027290259833594316,0.16916939260481087,0.0,0.03926259474151108,1.635356629660691,-0.653048389644787,0.5407937129993845,0.3828520315547688,-2.4019640265928452,-0.4766631595690386,-3.5324329925174918,-1.9662931851965828,-2.2104963651723546,-0.35802046457323516
0.3317641198846416,0.8193455182960304,-1.0262773018713682,0.5063197133734817,-3.4188436882797886,-0.4968639635870718,0.009558702657666156,-0.3837263244224391,0.800236553007438,0.08560877988020509,0.0,0.008017450288488387,-0.5874922148858421,-0.5942667527758605,0.8104139476431957,0.4532128929430342,-2.310709471782574,-0.3613466950724305,0.6582177628235569,-1.4707368665510372,0.2779262464856696,-0.2862641699597722
-0.29519981337810774,-1.2242054952298784,-0.8422347046541042,0.7516237095667874,0.5727732521939888,0.28502459246133244,0.014922717242961682,-0.4017033945790332,0.23930904567807376,0.2719015230423109,0.0,-0.07837103453836554,-0.5278477329469258,-0.6348104365249058,-0.7496784804503437,-0.8290463921092156,-1.9170133435405285,0.6447813412175417,-2.7151755535129007,-1.052211280599429,1.076559898078246,0.09492382067774222
0.2708955156828458,-0.6378704773657928,2.412705354686434,1.3781372194219152,0.7557220562151559,0.41424114511146165,0.0384570536976234,-0.20440052238121598,0.4187569105243672,0.3092983169551065,0.0,0.1856459574063047,-0.06795265397684175,-0.08121676254800186,1.552881252863005,-0.22449040151645017,-1.2865803874732646,2.5910182932741823,1.0856269917579509,-0.0732470090751494,0.2952606454337836,0.5264487394017625
0.16105970359821511,0.7667569347252762,-1.8585904892199,1.2983708968141676,0.6133991217863232,0.12217673984300959,0.0062889342712991805,-0.5275369816471763,-0.49297478210715295,0.14609064401888314,0.0,0.012642418609145388,-0.4190291668411477,0.9694508619125896,-1.615333811676137,0.5801743602873453,6.625088066894323,1.2103436467147477,-0.023083688151830588,1.183648335919013,-0.4323130232703645,-0.5488284843853621
0.23801540753639772,1.4883712039058223,-0.24020637018771673,1.4103005471678423,0.6101009993327563,0.17506119168664097,0.0025508102138262984,-0.2208401970588199,0.3214104978129234,0.27260359093677056,0.0,0.0005397869643690057,-0.23761377552506233,0.25312504679651326,-0.7980412854053659,1.1249186762058787,10.684628715134593,0.9668947085908473,1.5514549671865048,1.1590690180562533,1.4062917172787959,0.13990398146544736
0.18753153839178924,0.39007851950693717,1.7311455461208038,1.3860019836485107,0.6107586587547764,0.27931623625746027,0.04324963476167392,-0.28589843418126654,0.15973040369246225,-1.00408551404189,0.0,-0.06343502615837196,-0.4262132641476723,0.583628016068293,0.4216198197448301,0.26785615858238393,-1.544008472408636,-0.20806706550625248,-0.29233929409756687,-0.5680270531086208,-0.5946864835302832,0.217040329745937
-0.17645486552526055,1.3885210092805313,0.0678632606531615,-9.8654169649738,0.34437963995984233,0.12231686760933846,0.007369192439961035,-0.3178287474059455,0.2509110450985096,-2.3540316354770403,0.0,0.01621741479321692,-0.35304706314000545,-1.737665578067789,-1.7087105936065818,-2.48044337587448,-0.9281427704418247,-8.380401633651227,-1.1511329762301514,-0.4526435157828666,2.1528865552616403,0.2808069731758996
-0.02766031732979117,-0.6190796390336385,0.2749422615468853,1.0292486546473787,0.5183970644454736,0.1879307135262759,0.013892691601121054,-0.7649716669352207,-0.6226173717873684,0.13437142552742498,0.0,-0.026562013059966964,-0.30978785778743506,0.9722484194389052,-0.5299062139986623,0.7065369146661457,4.454874997018501,0.6278193494612562,0.30985624552082996,-0.06951859781231629,0.08732850537294927,-0.17142432693336437
0.25894369724966143,-0.035676058253254254,0.7957534780962615,0.7602469470828016,0.5035111054920629,0.15034603590381876,0.012217098775837132,-0.2009086269859029,0.26560972148134854,-1.358210255341666,0.0,-0.2200108355755625,0.8762245973441154,-1.0072880972048088,-0.31051630220450777,-0.5673157291637465,-0.8473705535812127,-4.502814526751379,1.425872561777453,0.06198513454254502,5.557392364193368,-0.06343251878198727
-0.11861351438652339,0.49948807019073904,0.3534002247809077,-5.691874328723054,0.36893672778978986,0.10085450284911163,0.009551793961473912,-0.39530174249832173,-0.7493288292077195,0.3054970556848246,0.0,-0.23799846585151221,-0.6292104781848227,-0.8436565141762763,-0.4966188568438731,-1.7699917565079297,0.054394147816018444,-0.6116726694967753,0.2009861307480332,-0.6519904054113373,-0.6964729398711746,-0.054833914566283025
0.39235835690963317,-1.2687528688580305,2.2635004042547564,0.5153964650985112,0.7560916233423491,-1.1549081699569756,0.014725213661393287,-0.1780176491279703,0.1043983300031558,0.1356241214391352,0.0,-0.019196982644218617,-0.03623905679219399,-0.6072508446085769,0.8005472758228109,-0.9281859314009779,-0.9474037176637919,-2.332841761717148,-0.16776042879023778,-0.03278653054980555,6.822745991345741,0.9898868411847809
0.02416130624249739,0.5079618271232357,-3.4307093151592074,1.0793931860596149,0.3906662312861976,0.19089436930075324,0.029395246793145115,-0.31364602075460296,0.025767227639104374,0.3707140414862295,0.0,0.13502105135785925,-0.8326198050674132,0.8749920923129185,-1.3522626366470099,-1.563939155611168,-2.9799520875509,0.9200636864796355,-1.361116678346971,-1.7306953206989915,-0.6147180506730082,-0.14969195747663802
0.3533155207110164,0.933809465057572,2.0787225013515123,0.9321330578282377,0.7651680977391051,0.3246967683439008,0.02243867423510651,-0.23117241068184025,0.40028323446553593,-1.0238323619249998,0.0,-0.09595903887820567,-0.3208789456138287,-0.7416671322001392,0.42871885108107616,-0.6809746827545611,-1.070750372006809,0.6991472517723397,-1.4157758456378218,0.27357773774427946,0.16373673078612172,0.2594911366776822
0.3864817930172306,-2.1908343971151725,2.216379288795233,0.7983630112840056,0.4498461060611198,0.14491414247231016,0.028576098853308685,1.8383294004561657,0.2639415181125374,0.1466164251205041,0.0,-0.01567879659907995,-0.13609943142523367,0.7163522550208558,0.8966285687927262,0.5102157324905937,0.9020819411960083,0.914253124771015,-1.1506205635053,-1.3500738319961663,-4.266275585210511,0.3731424375031203
-0.17080249385601812,-1.7211686695199633,1.3341353887821719,0.8378000612127318,0.6434517911388916,0.3840319187077006,0.04103364379295447,-0.2695265753400185,0.20612933793820862,0.23751972970823573,0.0,-0.11478916574686193,-0.4189707009772014,-0.47082372053171706,0.7093801431171557,-1.2878968629042542,-1.4822007779341277,0.7266675718911332,0.7063202841821423,-1.6595081682955024,-0.37396494464739194,-0.09009955262294159
-0.9109104703195903,-3.4693248341172986,2.0132633746635107,0.8104234111647522,0.5517760127003071,0.14064144251981772,0.020761594680939924,-0.43505534069068863,0.10712732351262934,0.09539353713838328,0.0,0.024236674964205743,-0.6273302826953054,0.599058474207191,0.4524642588296358,0.23633769296842722,-2.1945867117315148,0.14754782649498058,-1.3390798004354436,1.1626660411315153,-6.5399946910355675,0.06979970414433359
-0.5099350801052264,1.0090479817366056,-1.6143952791170169,0.27099165875531883,-8.171248391267016,-0.30803403000560636,0.015232970397907192,-0.2822528956291227,0.11388151681256196,0.14846078408451283,0.0,0.059610945224627156,0.11339851403200964,-0.8463163396162023,0.19262810643405873,0.32937704353752123,-2.5287998618964447,-0.5289537641965398,-0.3263860368257609,-0.18727541430779707,-1.242145969577557,-2.213068887042325
-0.05149008972666934,-1.0587132232312275,0.3981574823237943,1.3267449579513066,0.5298687069048376,0.2091731307585526,0.024040273146506485,-0.3114558942011876,0.12032867849075665,-0.38429237039350644,0.0,0.0018328154508020203,-0.02522599639054179,1.0575808948046883,-0.5380507735855593,0.5442234813723144,-2.304726029490482,1.4420243928185197,-0.01837092190971146,0.10313841167552004,-1.697185910516814,1.4275942218431918
0.25131381614535886,1.2215203784478854,1.4059068473067766,1.215466790339246,0.670478691617626,0.23689213283210342,0.043202954003229384,-0.326944556951458,0.2989695925001733,0.141531736204883,0.0,0.028764204726075857,-0.5979457745047823,0.9379011361846558,0.06054271366719052,0.6945740577923015,-1.4355599850534904,1.3862594486392557,0.23589664028210824,1.8083214794972409,-0.8445171406182661,0.4471820750371234
-0.2445132034063535,0.357937209311506,0.6566029411083562,-5.383769683981606,0.4531475555429614,0.1510972678266413,0.01899958783659226,-0.2806344471961374,0.3615123905406492,0.16555792556610743,0.0,-0.8392642267922685,-0.9461891175577304,-0.8589418379606611,-0.44555135725740214,-1.3940308705491056,-1.7905664406969777,-1.1298542614615221,0.7518558166386767,-1.716050520138039,-0.6625711777533325,0.2588896884749538
0.11193046291569415,-0.9844203442599924,2.0069364582798674,0.6793156752742916,0.6829270111969363,0.2666530429420416,0.04413134050598675,-0.33207110135864004,0.1673671597415944,0.0111137651538329,0.0,-0.026839061498045474,2.2553163246503107,0.5674139573480832,0.26689971029993603,0.31280266904668985,-1.1697870169475069,0.08563428830398827,-2.27000306741833,-1.7906311432439375,0.0270742806042214,0.1785358265580606
-0.17423213973705487,-0.6872797380833374,0.019945031886311672,-11.85189249325899,0.20366202021916724,0.10008961809418615,0.008897345733627392,-0.9351227897341228,-0.5051658746700379,-2.5806714569661287,0.0,0.01944293658685987,-0.475737803823909,-1.693452664491023,-1.8945498007045471,-2.9690786048863593,-1.3398985862949955,-10.72722113043767,-2.1996443891850794,-0.15703149347642958,-1.3436949672488454,0.05995621857362842
-0.07088648983238448,0.2743873029063469,0.5854723711268419,-13.320092295489177,0.29181596629671497,0.1089365260670477,0.008920249748671836,-1.0321039750888081,-0.9402140360247396,-2.3196366571673415,0.0,0.004500433825100337,-0.3335809650759615,-1.739730959797503,-0.4312744671849162,-2.7017668582074434,1.030918946374859,-9.000542419893304,-0.8813453700075186,-0.36644547472463035,1.713988242245692,-0.02426983200225274
-0.1170962212461459,0.6358577877061244,-2.846505778436115,0.7113563974414385,0.545007293271573,0.13677226652653293,0.009412903422386598,-0.45769705473368544,-0.8456879398608221,0.15284803985515347,0.0,0.014237599772030145,-0.77983670788648,-0.7213848690133468,-2.1473971518852903,-0.48960083893320183,-2.3092020600508714,0.2848445574615224,-0.03575264056359771,-0.5794865663664978,-0.5124945915516504,-0.2232041868337374
0.06153250366209154,1.1958436812455935,1.5327326558706489,1.3984465992460284,0.7279610009130378,0.20919112081918376,0.012751562819080737,-0.535108037922295,0.86034270865898,0.33746815270368985,0.0,-0.015016697495475967,0.11741438369887354,-0.04956579208153923,1.1699573941719992,-0.7724329838271061,3.9549746585519543,0.7460371933583031,-1.0532628493474108,0.6708052526775694,0.04702260458754824,0.9769521257844547
-0.026703927789987918,-0.6242086175835374,2.933440944560353,1.6503481834435998,1.0411258928140537,0.1595402411464082,0.024865954274725745,-0.1402441853435029,0.05608337377725205,0.04539144759098604,0.0,0.02784474548247174,0.0561274566233341,1.115505262647167,1.2257242753828914,0.4655282249228643,-0.9142766863659888,4.275934832934455,1.6291628073157285,0.0630122873818519,9.510487350809186,0.4656553740709646
0.33087696556667323,1.4062967562230633,-0.2524876700776453,1.3090613691737851,0.6843752558536339,0.3819062705557375,0.035131140613551805,-0.11191094503874356,0.13177007455153908,0.26538630012658276,0.0,0.1321055212692746,4.3771633611457945,0.16428088723447315,1.853261976750766,0.70284081012243,-1.4073192813091362,0.6446781951730427,2.521547197610309,2.2219656994254433,0.1716689458174739,0.6473234073071732
0.20847315909257558,-0.5924775320099225,2.0877951627590945,1.0159807967794248,0.864390714632942,0.25214572343563624,0.04880331702773188,-0.2542228787391756,0.17382305151719044,0.22228683475623423,0.0,0.018687102587063503,2.7098423395867224,0.656370767776852,0.572815928922811,0.6337551598781411,-1.0202275377129564,0.49234979261520906,-0.20628912528030732,0.82385033129351,0.10564746393002049,0.34352666524637265
0.2918266420311163,-5.3723772299359345,-2.1829414485897964,0.2853613160274751,1.8370713008876802,-0.18133224542025292,0.011730439751248179,-0.2092510977475746,0.19671796381421072,0.2113892731316026,0.0,-0.03819701409297572,2.0448440652711883,-0.8639370366342819,0.011496767516081283,0.1818795619365394,-2.6204532370918607,-0.8160203655300511,-1.2667504226300297,1.0036448151191328,-0.6938878433474858,-1.4211859663707656
-0.1260618783044689,1.460650553108768,0.24446999364388092,-2.672828188162462,0.3048811766129426,0.17055982177400722,0.009104098577648205,-0.219719370829526,1.645060934718842,1.0751972847870352,0.0,0.023980827313550297,-0.5152204353706417,-0.5821028233477957,1.4506607951654755,0.41317871538239603,-0.5652860968254293,-1.9983904808598598,1.981453112325015,0.5694040146252992,-2.4075809633939667,0.29062114715452037
0.12079685231486265,0.04013752588697644,0.10394028087261792,0.3678122264738752,0.48907324704981103,0.27883245553557795,0.008416235602775194,-0.41056741875422104,-0.14967886496496174,0.27794451861099584,0.0,-0.032514026443409325,0.0077848938149350285,-0.41580705097017834,-0.8015678754524187,-0.5578513619432081,-1.4847441057702375,-0.2692487690663065,0.850718121136852,-0.9176032357764955,0.4436896687903798,0.5968919211470154
0.3450737102749754,2.1257665914267934,1.15742977205086,1.0613951681334004,0.9289669079343997,-0.21343206920878968,0.007217813880969325,-1.0110707482418035,-0.37212879329775955,0.20943599842951227,0.0,0.06943327297747316,0.24607464475383095,-0.5396370201420158,0.8022874840605436,0.6952095890845559,-0.5938859802018843,-0.049776045195066385,-1.477905243907319,0.20866977627134428,9.118209202140685,0.408246206870538
0.40448977457292107,1.851064762766984,1.2895953147838446,1.4266988082752823,0.940825975972067,0.2990157845987382,0.025548365191716688,-0.11429383443922772,0.22954708650888614,0.2796827927979319,0.0,0.040517743901385295,0.1444478213586219,0.8926155244420796,1.770824781303001,-0.2647176716136251,-0.4859552943926425,3.0238740708755434,2.0789509818658884,1.919797344851783,10.335949494689316,0.7353656097847416
0.4093696063972461,0.3035938142740071,-2.522826538939187,0.2600267534715481,-4.0493141414338,-0.3955739549368823,0.015233433846765383,-0.25400812538114714,0.0501672107751896,0.1202248482910623,0.0,0.10207899635124477,1.2026998130178808,-1.0934822596069467,-0.038401210979636495,0.3908555582923821,-2.5711597069032686,-0.3846545472028546,-3.5754081786345053,0.013402634553579472,0.12744371434105517,-0.07247414816521162
-0.8615902238177336,-3.242492530719876,-4.830598027376368,0.21936953642481657,0.1782756811717821,0.08891891802086517,0.011011585701929422,-0.5227688984119437,-0.9596725128116653,0.05600671758335321,0.0,-0.011824201579397078,-1.340002959037161,0.04512707438809646,-1.3687208944840885,0.03436138543783521,-2.839387272356257,-0.9139002291345683,-2.403082248882815,-2.6356606686743036,-9.006373848639114,0.45673685529191443
0.05243149632281767,-1.1058294564944835,0.16523072753995338,1.170064741919543,0.5872062749692684,0.11208408395241726,0.006766033383919453,-0.5750980980783043,-0.007016446755099714,0.12217027006912601,0.0,-0.029659050486409735,-0.011180383173474834,0.8504152651039255,-0.6272324687401584,0.6125113187598634,5.83430140735056,0.9079529888206944,-0.060649793726226545,0.7793580780333339,0.6263958719622149,0.5419523773617776
0.17095748698360033,2.0158369440346036,2.056365375226261,1.2909383225804023,0.6099075907636688,0.12175563152858673,0.021129044996144482,4.401565873797796,0.22648222506274698,0.149265538856667,0.0,0.0061701636749225556,-0.2146837429091527,1.4185354653002005,0.3882995848481952,0.7598107730170656,5.450064488861761,0.2647974633348408,-1.703691394421146,0.8256600986930974,-1.8315077528860912,0.35386805675118066
-0.013501518055341909,-1.5552338901834621,1.9482471619742499,0.5873009733895802,0.6161466359853761,0.22767693220336233,0.017995833970426606,-0.28235198177647813,0.01044960625926169,0.06952707016417672,0.0,-0.06766328774492832,-0.15045161689138867,-0.8598079769531267,0.4505841714736051,-0.9655217114843584,-1.5056997355995376,1.088441130859325,-2.503316708210148,-0.9238207859260964,3.196430065198713,0.7385258694420518
0.033965785342546975,1.1377557503009712,0.18584906175273636,1.2513839804707632,0.6124796082686493,0.1621800603106643,0.08184864133803506,-0.6075810863957,-0.17420510559478602,0.13364545403456732,0.0,-0.022458415694011812,-0.3353380517575377,0.6737917008571489,-0.5170864535414429,0.716126194544099,7.063145105002086,0.6708425643662765,0.7614729651652403,0.45695638254870524,0.42550532435108707,0.35802377242513556
0.485675752966747,2.708307711059257,3.5809405312539937,1.0882592625021812,0.7473180141833833,0.14618415168770563,0.04280046505082834,-0.29193332888492224,0.3246919650000944,0.21090692854280935,0.0,0.05874626912336359,-0.27433967459936787,1.4671739487350166,0.6892502612193433,0.7650542594547995,-1.642284554051165,0.9688065032326544,0.14220940987540415,2.263487031719372,-0.36493304659437836,0.6902253766181217
-0.16875102555916272,-1.1334883244183604,0.8673055082808822,-7.657507816211082,0.4582928708821428,0.16302956303279592,0.010458966294126092,-0.4353808266163471,0.2551112584781679,0.06007482445732325,0.0,0.009974623963063829,-1.1850065094766746,-1.180351458362777,-0.2708076383576836,-1.4534599103091188,-1.6571833154120426,0.45830667295673955,-0.6279232053165766,-0.8727241982067326,-7.1842260898240555,-1.34175573217937
0.01510006931342093,-1.3788388317608054,1.7187884999128404,0.3651643833398479,-3.1894248472294953,-1.2077713054302281,0.013773247554672931,-0.2270092861108374,0.3089815314088083,0.1423605643529515,0.0,-0.07845092890518197,2.055779215800752,-0.8419510424125107,0.6665479290395551,0.3159774679337594,-1.815346054171274,-0.22519337193792804,0.050506570536368964,0.25257763405299893,1.1263021726730267,1.8385856201344946
-0.43039372145938876,-2.4400242002721138,2.6821861306336974,0.5667716031417022,0.5190285296546907,0.2108543229762098,0.012285942626153295,-0.4263016941820579,0.12565327653196384,0.13482047647801712,0.0,0.007491825000285113,-0.3501263001656459,-0.6101882713944505,0.14650109268764763,-0.9429574297705631,-1.9539665425012063,0.7690773271497201,-1.9829141523882856,1.4009748863547395,-7.0304713515112605,-0.02559151149462956
0.0012053185168831957,-0.5860189624763743,0.23721781462246244,1.0518983729824223,0.48894908950290733,0.16372614276655087,-0.010340347786692562,-0.7383456088474138,-0.22264975543919727,0.1329690728931034,0.0,-0.01525518953281228,-0.2626092476426364,0.8142873169510182,-0.5352651547179853,0.5733548889837069,5.374595818900199,0.6504690608716275,0.5295682961030609,-0.10904745813740734,0.016783612679732655,-0.2059558430979303
-0.17427617488580063,-2.1725282369706327,-1.6737582245617648,0.3443650558934394,0.2664307366702629,0.14591763679050343,0.013063691529082204,-0.4135190848489053,0.16541845639519848,0.24789739930439722,0.0,-0.012712345150617194,-0.5546433488275581,-0.8881421141813458,-1.4211377703347932,-1.35596407992235,-2.551324171283437,-0.749884513374858,-2.1619552811622085,-2.139494381791773,-9.840261202729323,0.1713421915377067
-0.05119595449231602,-1.3544222008253406,-0.6378363515014259,0.8165186010141927,0.5499400575204276,0.1666105660726221,0.004780840669423905,-0.4906150835416888,-0.630534364822828,0.12366342324087622,0.0,-0.024653251748717936,-0.5314867639452873,-0.5988059863156702,0.46388949197279217,0.3586241778273721,4.9548808319858475,-0.4772875210120874,-0.40121962398194105,-0.7776609824122335,1.1710668480798654,0.485277484311348
-0.14506098853455646,-0.6958828174760284,0.04015778898046553,-13.325701847987261,0.24397690867092847,0.06800623828561478,0.00720327125320037,-1.3564755621130138,-0.41814257127012044,-3.049978175171689,0.0,0.0008460936581853912,-0.5423892136375044,-1.8149366873939383,-1.6532881537065498,-3.201866082125054,2.875942362964007,-11.312306213895686,-1.417763634305792,-0.5773541191922082,-1.2061288932015362,-0.15724146570620207
-0.8926896405645137,-0.30897597139472405,-0.4582725538880126,0.018335434191538956,-7.6039732716266455,-4.013202417988053,0.014800654696599469,-0.41068484189679505,0.39087470923803436,-0.25573745510280327,0.0,-0.039691298121084774,-0.6106851336502773,-2.8600034712959577,-1.2377720796912866,-2.8208476431481215,-2.7012130150329265,-0.513126847474768,-1.6951085892592352,-1.4394240625896817,-1.472560253461577,-0.9476060138444473
-0.01801161222395442,0.663153000488264,0.6008042190220841,0.6790245884876622,0.6347743620115779,0.14690658403205092,0.044957258981179145,-0.4014050739263266,0.2032075174972076,0.13940210335303396,0.0,0.0024011326605886153,-0.562699757701177,0.7589426108658796,-0.8966170889116896,0.5488176016808509,-2.304066699600412,0.40372121706001046,0.15107367591414678,-0.19550538136752244,-0.19180224575243812,0.0729612255240165
-0.23596849156514313,-1.494018063149748,-3.1311672162376847,0.7622140748258047,0.6163207724805179,0.17335805115115524,0.011841834314271184,-0.40912840470118833,-0.7346638396901108,-0.035217320507085065,0.0,-0.002360247238273497,-1.0268263366003432,0.33677938334427115,-0.6900321012541674,0.17859873113823402,-1.9668326158284801,1.1634359771106653,-0.553564634216354,-1.1820192552316973,2.608430385045978,0.06751455490460992
0.17407976700173594,0.7823568592361713,0.9501235557981266,1.1609273062534424,0.6578215212983552,0.2143382547715057,0.025096652785350098,-1.0549688563292827,0.5765167050700557,0.13940320382147314,0.0,0.026716704278976468,-0.6127985978906216,1.0579070083585305,-0.1293005767244983,0.6325934136162715,-0.6963738844421791,0.8321841464577275,0.04230646527560502,0.002257645210192268,-1.4276603057185309,-0.012155750033262192
-0.01684387667176222,0.6756690282608494,1.048874660991905,0.9561153246507783,0.622382469800168,0.20706346986551893,0.04170407939020154,-0.47519983668811666,-1.0503374853644416,0.06108299452548593,0.0,0.004891568257857643,-0.6143297273773258,0.639311359799819,0.16085766910532834,0.5007768203559319,-1.968645589400112,-0.06829040361276684,0.4895336278349139,-2.1431105703363893,-1.9545201838829411,0.2626168385904531
-0.41718156301404,-5.797804382226068,-4.402345989274009,0.15477564854121198,0.4648397665506592,0.26624936797617277,0.013118466032968632,-0.33838131339310396,-0.010580440104265764,0.04133679328604491,0.0,0.026104748745655264,-0.7773491219632634,-1.2890347180212387,0.3990461629615096,0.1684161484805798,-3.8219389354429936,-1.3967490161177696,-4.954749034399828,-2.3079872788248172,-1.48989690198025,-1.7815601697178622
0.18381703575954506,1.6014734489728866,1.9489417215513956,1.3026568279491406,0.6369071096868634,0.10413956771557949,0.04441715030663068,4.771323975793804,-0.2665155089714882,0.12931597162720362,0.0,-0.011367231231112968,-0.2322822524410712,1.1422886410021338,0.44153829115417487,0.6835430615299203,6.397575331713433,0.5271819761740925,-0.9455820311774343,0.6835778019432501,-2.522507894515106,0.6429412435513677
0.16683998162491698,-3.2144856482971735,1.5418628963939467,0.7603064144897095,0.38661648906694607,0.10496259227615508,0.03214656388727973,1.3595433753459631,0.0702835410334663,0.1162571440296386,0.0,-0.02350795001719835,-0.29411528688255734,0.5326966791649836,0.491019294931801,0.35476810087609384,0.8879501862419897,0.41452003575088714,-2.989780092748642,-2.822958213711384,-4.6305675330869045,0.18151866772534292
-1.1101072144271023,-3.3356979008353216,-4.135585738670682,0.5302221553085059,0.3093939345612966,0.04573267828371611,0.010626266576098806,-0.496897681200613,-0.7897216559812705,-0.0512983389656005,0.0,0.035499469583243175,-1.54324047302527,0.01043641905789908,-1.8341068649386185,0.21733806705736436,-2.97571895745139,-0.08781480878606633,-1.1307909294003564,0.2888433860648083,-8.561398245223266,-0.7462303294921654
0.39235835690963317,-1.2687528688580305,2.2635004042547564,0.5153964650985112,0.7560916233423491,-1.1549081699569756,0.014725213661393287,-0.1780176491279703,0.1043983300031558,0.1356241214391352,0.0,-0.019196982644218617,-0.03623905679219399,-0.6072508446085769,0.8005472758228109,-0.9281859314009779,-0.9474037176637919,-2.332841761717148,-0.16776042879023778,-0.03278653054980555,6.822745991345741,0.9898868411847809
0.16394930635100707,1.2410446921487333,2.736743390417244,1.3046069347203368,0.8144344502680407,0.28737946612518905,0.03540578485113914,-0.3968968391989814,0.5022331332880441,0.1663482697445252,0.0,-0.00012764728787518142,-0.33117053692820453,1.2809599756375916,0.5399224446111018,0.5415407249938868,-0.9615047054414179,2.2915103608436507,6.6779843789150775,-1.1033148528535286,0.8294168394109028,-0.07337133252125062
0.27353033619793243,0.6411509897081239,1.7069378445256715,1.2569269213834602,0.724293010123782,0.35518721001044246,0.04490182630213916,1.1833359910512498,-0.02181895194039319,-1.0131005789581173,0.0,0.003958178513951774,-0.3163914610191436,0.8493675880769337,0.4709195002045365,0.36220918014447157,-0.9906295524012331,-0.13143911085085058,0.6982377025723085,0.564111470237057,0.5584394218230807,0.5481447223896615
-0.07973975521220288,0.9156738904643391,-1.3601185702327154,1.4789619130177696,0.5403984888106564,0.10511768450502429,0.012496057665631864,-0.4302925791162883,0.37945129012498674,0.16357628818205094,0.0,0.04692703055366203,-0.31141836664642947,1.1018723980557845,-0.056652317996092674,-0.05995334834476874,6.659403394425688,1.2866566233552261,0.3289830094550214,0.17904197220855747,-0.2288119738039312,-0.28142389137676005
0.057006356942111966,1.1573873360636235,1.518751292124346,1.1440874176397293,0.5028964879373354,0.11553688087276183,0.004889188519667771,-0.6762689204191434,-0.7708547435548918,0.17660178448297081,0.0,-0.03624344519536142,-0.4062572987667304,0.5398628991746077,0.14147397955287402,0.338577134654321,2.6456843675276778,0.38581885295700713,-1.6734670020678752,-0.1480445147403787,-0.699952480230181,0.17511266462065012
-0.14856487832710716,0.5671006602669777,-1.8706461024816055,1.3436026579939901,0.44625282483787415,0.1429485400364726,0.012409572100219483,-0.5798301917950887,-0.7928312252136084,0.17285100218617838,0.0,-1.9063351796041886e-05,-0.4016572973850365,1.0327789664956313,-0.6892099781752375,-0.18813663827993304,4.3003986227553055,1.168043235750794,0.03522984310450513,-1.4402144646413837,-0.8180512291772751,-0.47123461860468296
0.1364408505089529,0.7140705948601648,-1.802722859696488,1.2966001515688756,0.606431803359319,0.12108134858981513,0.006352818610650783,-0.5405445650854237,-0.5156639419499355,0.14545876745295513,0.0,0.013607661702954778,-0.4579612401321056,0.912198440389634,-1.5780002841239809,0.5784010162143024,6.613307124548856,1.1058039593821831,-0.03535250913093647,0.569645872847347,-0.21602376318837418,-0.5699900086335123
0.015792372417753046,1.089229429430981,0.025206425906026984,1.126842666594178,0.597653437125779,0.10726484942116467,-0.009400944705375471,-0.6365602092886646,-0.15034718166322225,0.12430322597501844,0.0,0.02519933928385392,-0.30445600838790693,0.688280129245966,-0.4747901833226252,0.6331461332170177,4.660481654994209,0.9048288740300464,-0.11228890480609584,0.6596035045732358,0.6787999001645747,-0.11593227211066098
0.5266485692808657,-0.11122924635375266,-1.171555203217346,1.1364921008891131,0.5523046189970618,0.27245315414498317,0.024896900745570473,-0.23644090387693362,0.16211404298926646,0.1735340671944235,0.0,0.08771187431027748,3.064056607811742,0.3062461794476739,-0.9605371269843173,0.5967171072555775,-1.6435848936654838,1.502475020724727,1.388952888427201,1.2015347318700444,0.47067991457317776,0.7652208335314077
-0.006674159291759417,1.3222761816376087,-2.6586585959662643,0.6391893306496753,0.5534071207295027,0.17249958288457046,0.017647504531237215,-0.3981318676393621,0.31954179280605616,0.06581579242728805,0.0,0.04578042782569777,-0.8839236087523789,0.5370993088369069,-0.7398612079032766,0.05192254012809891,-2.40558586846499,-0.7471912905669722,0.17554608107715675,-2.021460985606771,0.9637789986262196,-0.5469388398730272
-0.3229591854286246,-0.9396008811998657,-0.6838982609798637,0.7271061274364846,0.48295905457302574,0.23783884970742478,0.014172216248046116,-0.3970859036826418,0.3420670112269554,0.2897297390997649,0.0,-0.014922095195990881,-0.5039945994201879,-0.7629434072095027,-0.7246060088171231,-0.9541724435901018,-2.1365693056011867,-0.5348857037524699,-2.5247579336054975,-1.0551150226441528,-0.3402616348274885,-0.4742053742417213
-0.13358096648489878,1.1229011698595472,-3.444912828456094,0.9694471982767527,0.40552553382914913,-0.6937818260812885,0.025747944815707514,-0.2650824674775662,-0.07621605768581483,-0.14377546811460126,0.0,-0.8593472189783303,-0.5579186546901721,0.022813774713102034,0.5609603873689671,0.41806896254795595,-4.507960179667124,-0.8541361970900686,-1.2489915743635502,-1.399577003275811,-1.4268827773093054,0.07697581969207853
0.3063053332030872,-0.4523951723030388,1.418201666188677,1.4087341130448956,0.8645285500828042,0.310288391644489,0.010331218079899056,-0.14021314994901204,0.19306946262043262,0.39459708194959964,0.0,0.002077405870387233,0.46422771271392405,1.6332086282548428,0.07523000096649574,0.745324874262899,-0.6566824493018006,2.435839573458495,4.67855430775615,4.573571756830354,-0.5752155586959351,3.311003491417591
0.24622778171958706,0.6227839036359525,2.460760808148147,1.2900959052335277,0.7881248723058731,0.29535991505016035,0.012250855021861157,-0.17943972805131156,0.18440794715595032,0.3315606779774254,0.0,0.03624853986590471,-0.09307525694965617,-0.3802460674965737,1.6865726919657402,-0.7122067147906612,-0.8693924663017693,2.0493836861822747,0.4200758782556165,-0.8005588225958996,9.9060527433224,-0.7269399115592765
-0.11662963567902934,-0.33681514503966353,2.252672302624483,0.5567781669119118,-3.192273757745437,-1.232821036944354,0.013907220677582946,-0.31468884659164365,0.25752163610751067,-0.21870409918161848,0.0,0.0360970459019601,1.1952835034372344,-1.018352777090801,0.2555988538281211,0.4936011165597004,-1.3516328382064207,-0.406802055004924,-0.034265432026146556,0.02206939472252554,0.6453588262383082,1.2511937945959744
0.2693002119099008,1.8256594189670394,1.606919514384452,1.7167951702659947,0.8241110866063789,0.24752194610363792,0.011825649538774352,-0.23572878056847493,0.26970411458370913,0.17408493112770274,0.0,0.02358803432563003,0.20651300666388184,1.0903376890019396,0.665992543818402,-0.7863472008557073,0.3530553178427282,3.2682020800536478,1.3508370425058507,0.6060749290902645,11.261444320478109,0.5932282122513559
0.32481540906511375,2.380050002261881,-0.012715775928533162,0.8657814071160836,-2.0938211602949295,-0.12934730719669146,0.0316159385102217,-0.16832862148895036,0.196853615257333,0.1419560319029109,0.0,0.08956569294419435,-0.3519199241976204,-0.16395333345839477,1.415367085607269,0.7600216607462095,-1.5021077908491287,0.29079988702899556,2.9687210485460676,0.07723383497391459,1.2963181629639255,2.666571374585333
0.13388286623314083,1.3351963969464193,-0.8858910363071564,1.6448658508620464,0.5458706975807467,0.13593715014329577,0.00901960547211338,4.642381859798055,0.3844945655543222,0.24844780423678792,0.0,0.025614387111473732,0.15533863870130768,1.3398306881486985,-0.09640265592329324,0.5119728425882575,7.302144941836195,1.484438934556869,1.0123555093407037,-0.6686093092021206,4.302113367661103,0.25275813275630077
0.23392391521563852,1.2057984493827008,-3.2213733322867513,1.1768285400786178,0.5505502151110302,0.18844419624132633,0.014014698401563911,-0.24689427296020397,0.05328313120432539,0.39228506943996394,0.0,0.06945634183535912,-0.678403472062474,1.2803031191000454,-1.7847979324817138,-1.2244904590880563,-2.1456942445889604,1.4527965673152965,-0.27643909807954486,-0.18893877719387306,5.754080949202486,0.23998763430845424
0.1646695214692253,1.457204690072462,1.832449749173481,1.1682628672853355,0.548734095454053,0.07470018170505181,0.00488909650777279,-0.8112409812290026,-0.4426674679938374,0.12601185887540536,0.0,-0.025252447553929285,-0.3659261228398046,0.9538621723120606,0.2636106528541769,0.6434162473272128,5.437025535610137,0.17060139168929694,-0.7363376884944993,0.19745676999399905,-3.0051771877491507,0.5479083036259201
-0.17764850327317147,-0.6274917764300889,0.17382263248390553,-12.215235331085754,0.23518239737526384,0.0988770077504679,0.005900268971033181,-0.31671831864115824,0.21880742635462916,-2.762681705348494,0.0,0.015102430861755247,-0.41984630440202597,-1.556068145222019,-2.2291287826098887,-2.8858685341532584,-0.9479115830309113,-11.664842979170327,-2.3025914519456068,-0.4563342373837982,5.3352842252519554,0.06398550174274646
0.22504569908834163,1.912797656490448,3.0224819783568933,1.6982281825619419,0.930877819910659,0.3398614857541505,0.011139039230732483,-0.032009567565924234,0.07320118109092696,0.31467679765485496,0.0,0.07364720110038461,0.07692643232857928,0.025554313441454847,1.8222663749928911,0.5891060487814435,0.2800477566899177,-0.1468352574498432,2.072434292566958,0.5796438982841509,12.242119441592653,1.1012514631936228
-0.1056328426965116,0.6140523396059977,-1.937591887474952,1.2766653192843254,0.4243619826772406,0.19824769875367731,0.012207112928376729,-0.6704404220060319,-0.6806190247145312,0.19267672897680171,0.0,0.01847442554988245,-0.06809487709503133,1.0661660634586154,-0.6379860315938723,-0.14251513553075784,4.948346105580993,1.1791046276059582,0.5227926717523952,-1.4211094440582737,0.21174469790425612,-0.2429468708134527
0.45471357258087247,0.45933021090719567,-0.3077020877530796,1.258948385699611,-1.3923065640577816,0.19748251510023027,-0.0013921519017592481,-0.08743870768524152,0.1977206832359876,0.17898457870935489,0.0,0.055247404593731154,3.581973926911435,0.09010704979613963,0.9767519760536074,0.8217723898820851,4.695614386560862,0.8595987517626303,4.065937866207334,1.574617394814933,-0.5888336994246319,0.7595193561016733
0.12783439101626212,1.7225032057403726,0.4860988960181146,-2.1640498671893384,0.6186985642697213,0.32455487842946074,0.014852377805897772,-0.24441448867131838,1.0861438780642994,0.7314817164849494,0.0,0.060800533137311916,1.086644015920705,-0.9368927473700704,-0.01518043178248049,-0.11506009869603284,-0.4898028201569084,2.8595198206248553,1.6248912197124,0.19915730648756058,1.5462694196967492,0.3815314685528156
0.11977820276968557,-0.04331282462179952,-0.5426252651188056,0.7678239727157573,-2.9944006457737604,-0.35797277395988314,0.015210326023171874,-0.6301989386246509,-0.5811315587322589,0.06427034543023176,0.0,-0.012702797392854995,-0.6617091099283421,-0.8191483787295278,0.759768967639718,0.42123747645274584,3.713322968344184,-0.16104500028628416,0.9457711221568443,-1.3619088388618128,-0.6562551804858253,-0.6569628309213169
-0.4884717606351788,0.49289508515852004,-4.581538084046203,0.6141005628667288,0.5003829960099776,-0.019744253880742822,0.016290060354648698,-0.36641512355913214,0.06281729210154482,-2.3155816454895106,0.0,0.0046287751681110875,-1.6258017888689227,0.2933169362347492,-1.3646997813748944,0.08986238761332677,-3.631956096436548,-3.616451901667915,-1.140849706959471,-2.782396059248344,-2.790487903126924,-3.868446752118578
-0.14010003526206619,0.23048822293019117,-3.69606212365273,0.7320375074332994,0.5216733952992926,0.0496564443438421,0.009375561111427254,-0.43703169036296763,-1.1858231671418806,0.10173786047712471,0.0,0.004221000228653172,-0.9896271987846318,-0.8776968242330833,-2.8886436708942154,-1.592021745255551,-3.295570462163487,0.2555971560620182,-1.5145247617023125,-0.8806450732879744,-1.0690804132076408,-0.6259047438420026
0.22227673578731202,-0.05159269150664622,2.43873638561375,0.9958415775928121,0.788933247116679,0.39847964037800326,0.02635921408199477,-0.22198581500767456,0.4969233992342131,0.27902759131795635,0.0,0.4834500516840143,-0.04454651764659494,-0.3590014307122741,0.812598122421958,0.16192443120796432,-1.1208001420776157,2.692850041482144,0.7336238535554481,-0.3010930570735801,0.45900954796838195,1.2364690526769921
0.23983131227927418,3.1117957998309214,0.8368117036055216,1.0884623183603046,1.1999587666833487,0.5015324622200824,0.02994738040732802,-0.10533779004500067,0.523088847292662,0.2643401700056767,0.0,0.11206427717467331,4.56884222118812,0.3266138607932728,1.912853935515227,0.8941275299164947,-0.9246487236357971,0.6135465458011943,2.605937595064878,2.4757033608141907,1.6042930151194914,1.0734756497033815
0.16110612096449253,1.9442741240588246,2.0096937186111727,1.200473918634198,0.5800645364720566,0.11462014047915746,0.015257240420867837,-0.6900051584353911,0.37360435485950255,0.14847944228997825,0.0,-0.0035973641690921643,-0.33022960742966173,1.1286343989634755,0.24208726890253632,0.7242900758304016,4.994800307217207,0.2684502742647682,-1.2891165197087795,0.5498037129260362,-1.9074403351119316,0.08551758805536815
0.405027877250988,2.349012553683106,2.871571183375753,0.9697525912066663,0.6409184947214808,0.1325537942710313,0.03304815724415599,-0.45653947839889814,0.18237719036809713,0.2070839377390622,0.0,0.052737918803863304,-0.4398590212939113,1.1185773025319175,0.5041804311137307,0.677381838115101,-2.203049516880662,0.3211715945427462,-0.5361504079105858,0.8996618255321263,-3.4096978033052956,0.2690697753846882
0.20721173574442509,1.1368593826197961,2.3973951177787263,1.1873843257917231,0.5313355308111253,0.15998655692944494,0.024357961828610615,-0.6899196370954804,-0.4012676696749556,0.09179310995984331,0.0,0.0364769282984019,-0.5065359475379538,1.1008000452833806,0.017414093416023475,0.66960989975553,-0.9976151622687535,1.2713307922616162,-0.7188895316196772,1.8076192157638364,-0.7919530933670638,0.21937258341638904
-0.026703927789987918,-0.6242086175835374,2.933440944560353,1.6503481834435998,1.0411258928140537,0.1595402411464082,0.024865954274725745,-0.1402441853435029,0.05608337377725205,0.04539144759098604,0.0,0.02784474548247174,0.0561274566233341,1.115505262647167,1.2257242753828914,0.4655282249228643,-0.9142766863659888,4.275934832934455,1.6291628073157285,0.0630122873818519,9.510487350809186,0.4656553740709646
1.0328027724150541,1.1971920495270918,1.1394500111425683,1.037684249249773,1.3637856491317302,0.6818471126187856,0.03039471951166213,-0.30391925211227216,0.622293064559736,0.04029904433185383,0.0,0.04960757119098821,0.8573581479655578,2.0942766593404722,0.5787703131461664,-0.977697481014418,-0.7023645670634486,1.507437368898344,0.17679207419840054,-0.22767941894400395,1.1050586549357977,0.7097524950653574
0.6253351810580117,2.5565840218553584,2.1312297413576355,1.2436979145566092,1.0592183679756804,-0.0060169279026118,0.010838152335187649,-0.15301237211922794,0.0747997440704407,0.2469125791035531,0.0,0.08452247824697011,0.3313838828160795,-0.6737384769717483,1.0242252741820461,0.7639656527776774,0.08589646143751692,0.12338669243753159,2.253963790488747,1.709807110170106,8.783162876186195,0.7189330940334889
0.005521525276143209,0.6412647175999757,0.4209152138446573,0.9879595560921794,0.4746854804707081,0.14748301090407503,0.03956949791347518,-0.3633778824590026,0.1061693933777512,0.19842527516038458,0.0,0.020354618779840256,-0.5244712344035156,0.7687805175873557,-0.746750280496419,0.6181622449442106,-2.650439435103432,0.6734753023872608,-0.6269674412058576,-0.2416313712122953,0.027404088713612867,-0.4829095600760052
-0.18413692970360704,0.0828015480496011,-4.323294006933457,0.3457293398821089,0.42004232970429944,0.12659258813107543,0.01052656669201487,-0.4474812162344435,-1.2602443340246838,0.0880368744915751,0.0,0.0034589101655380654,-1.0644632070607618,-0.9159249512152102,-2.7833608401167993,-2.3839657551885027,-3.778217286223158,0.01900738119948815,-0.9832689800336718,-1.0272991658902928,-2.029916525515085,-0.85598410208072
-0.02942612257200172,-0.40294378257674285,0.9045972284484586,0.9994459367907137,0.6169943592624377,0.2198637421656345,-1.113182335391513,0.7506514062117714,-1.0100831302401698,0.0416149418577221,0.0,-0.04882060459864711,-0.5962763885099247,0.3164208064943797,0.16541041696533035,0.4332404287891871,-3.1105655717079297,0.1253649243479798,0.3599701178819922,-1.2483718519470288,-0.8529056617065639,-0.48567062186975596
-0.113436501299,1.0461024916189605,0.06911601030091602,-5.395623725113621,0.2734080115673089,0.058469548073368495,0.004881535464506564,-0.3328268100731631,-0.6445712659851031,0.806156006301379,0.0,-0.0002079917015903707,-0.3838947804621069,-1.0611202497134424,-0.5940720447722071,-0.3753150604410344,2.9525720022101813,-4.747917677500229,1.8745529469674007,-0.7407542915945857,-2.4481113234195693,0.2551334076669312
-0.06859577593591537,0.3433589641759225,-3.6609761928499016,0.309427283090781,0.45115401545077577,0.21205821579300382,0.013347227787721481,-0.3344241001493807,0.22977693873280683,0.1599136136768348,0.0,-0.004970993931451867,-0.6914547379948394,-0.5323101000766639,-2.228691136596096,-1.4759822007770305,-3.402614547093769,0.024402865692206902,0.07681843633491972,-1.2847083206786427,-0.7468078782404769,-1.4494953383155644
0.43906641255065615,-0.6510623108974903,1.5730747794632391,1.4048164495545188,0.8863525108997903,0.3514491822892804,0.019141502330152355,-0.13764522836024312,0.2406744255496176,0.018697910877699106,0.0,0.02477126170780381,0.6404525361012773,1.5352825375309715,-0.18420429993130222,0.7930090972684369,-0.8407068999365364,2.973499325427924,1.0164084589175866,4.600918106714935,1.1250274955025361,3.270819984534363
0.40405221885845,1.7245904534543401,3.503563399449733,1.380494957689529,0.9033634789832821,0.3044684078190529,0.041103758869975186,-0.10753935072090476,2.3183080498101227,0.1663962129070561,0.0,0.012451544591343263,0.41592981434854276,1.0425912265498698,1.405148876875586,0.5114037897925211,-0.649616917693961,4.865835122464761,1.6844178374809733,-0.5041026048172805,1.9301411840876055,0.8610297772945527
0.018766134120105187,1.1142188181109531,0.08608955572138863,1.253576834892194,0.5756169870305571,0.1764717449489479,0.07962109309590558,-0.636631811059107,-0.1348638402653419,0.1337744171316052,0.0,-0.00889864887074599,-0.35520353870364396,0.6634212161767009,-0.5837024397791002,0.7142926579936925,6.7353122067434,0.8450545428557588,0.7961098193893545,0.21495757602533028,0.5162593197045547,0.39010659283278504
0.10602704969198497,1.132773722267753,-0.8875192619810006,1.5811766048825266,0.4700509657602994,0.23801803236722874,0.010790184337068864,5.126366978558346,0.41360697549029146,0.23538903524405297,0.0,0.026842743283758668,0.39711186967453144,1.436608496880296,0.08151632360495831,0.6729095228397484,10.356589589920034,1.5974368028376154,1.185670983725782,-0.5821926963111178,1.4720777817468094,0.14449053327428713
-0.24357155622281174,-2.856038594898757,-5.1965171438900875,0.6311425497050323,0.5078897549332335,0.03195699982599186,0.008896214451953474,-0.3120254183444992,0.11569769338176832,-0.025685824077809845,0.0,0.026659199839858514,-0.2622041187242009,0.4158550855467485,-2.984002241330728,0.35442816315366477,-2.72962312501081,-1.441614741480559,0.42311201323470665,-0.6593224267324946,3.2559498022928204,-0.11977104755780056
0.07601498589237413,1.831701906583677,0.10421974782017243,1.1575143915688078,0.7973698263521042,0.3235286108768414,0.014869220414197566,-0.15560706060786011,-0.15890720140288864,0.2098139169057798,0.0,0.009548673445840318,2.0641055412119798,0.04573488028545895,1.3884467099589122,0.8589194647203413,7.318715045738892,0.6069429012470552,0.480726322798528,0.047985881183608345,0.4999306782680169,1.4972207948333884
-0.15633705106112056,0.038349662691477604,-0.6623648130832646,0.7510872380273429,0.5147824300350549,0.1223288096645684,0.014675719906013482,-0.6325635168840628,-1.0635382008532626,0.051451295475807644,0.0,-0.008921728825316855,-0.7387583324549384,0.4608209976684529,-0.6606616417230454,0.31318202969273584,-3.108113127151598,-0.38085019747697907,-1.7773799448373877,-3.3690741008099967,-0.24691576128797374,-2.0542095286172604
0.175838613567631,3.0263448715688237,-0.030041679000487445,0.6439153419778016,2.109279925641125,0.13576908683398614,0.017652258874244143,-0.1591089774298477,0.29418120051049357,0.3253216477551187,0.0,0.09374953747151267,3.3744307559409332,-0.42677885594831194,0.3795625142747802,0.49734984780509467,-1.7137852557461806,-0.08438683607956596,0.08181791897016828,1.4934479135106962,1.8021197804559088,-0.062098372858700096
-0.15292940768753766,-7.300211508846145,-5.039134299557939,0.12289247747349182,0.5894208409309025,-0.7608566119695717,0.011729535985277812,-0.3104484569465781,-0.015299794378193296,-0.004107882166119002,0.0,-0.007053931585855733,0.817810387028165,-1.5592187798418247,-0.030340380800997293,0.20157553680968462,-3.317626301099415,-1.3078245978787681,-4.897872091839189,-1.3843367369040995,-0.871808764709145,-1.3113209939209314
0.3243152037979532,0.7237985733469352,3.1501971826625907,1.344867523561147,0.7122534631834913,0.1623302029393967,0.09332767631537962,0.02474438623166734,0.4858013459806314,0.18739153909228853,0.0,0.03778200780197603,-0.2130430123509654,1.030567807621223,1.13510745393642,0.7249300698958999,-0.6338222482529162,1.2690462899796915,2.2346240981920653,4.0923444941427825,1.7131242337900638,2.6206649462274654
-0.19796663704471665,-2.2821362415544613,-3.912901674690186,0.9010924025845288,0.503033578302298,0.05568910076506033,0.004608521056572507,-0.4728147202310809,-0.3601694977614912,0.03795258938533342,0.0,0.0006543227266581212,-0.24144324653045496,0.22153954132134626,-2.825695529497117,0.41581068240214936,0.41895575732566365,-1.3548322166332563,0.40460997766984247,-0.34565317403733037,3.420577826920838,-0.09319012438493193
-0.17584633047904832,0.16795037125244325,0.573739867838612,-12.605575251053883,0.30581023179430483,0.10120992350258196,0.009080335702069222,-1.074052234538626,-0.8763491110424212,-2.588720610138209,0.0,-0.006989166794816575,-0.2691970268577522,-1.7175890725212097,-0.5175266173920812,-2.809947893803265,2.100437564073646,-9.819181256855554,1.3259207630767273,-0.6257242427251026,1.5446263976655326,-0.05676240260865098
-0.007471281284508089,0.004674332245677541,1.907402874027379,1.262144693254168,0.5404089644069819,0.22704706202783045,0.019544459608465927,-0.35880865855318184,-0.8760516705870944,-1.051388218018279,0.0,-0.02643546672739675,-0.5772987861723412,0.5136420713515547,0.2936182745641947,0.11968554841296676,-2.0255842898065124,-0.7053255724581949,-0.5827799484964368,-1.2885962848334764,-0.466463261439604,-0.04751960342689989
-0.1736717545925566,-0.9119239129798664,0.05394569146576053,-11.921226934837632,0.23894415777377048,0.10775248331821116,0.007566489609844405,-0.37650977447597317,0.1627209258192084,-2.903474120709916,0.0,0.008524259566308787,-0.5104467744223196,-1.7676981051556355,-1.836525964300428,-2.901310957115443,-1.4109750814526487,-10.742125637919,-2.2198624960472304,-0.856472547118022,-1.4018670454038862,-0.06714666292728817
0.03615214155134343,-0.4270397009229776,-0.713636155540948,0.6423309417487483,-3.513788705509831,-0.4087881213367547,0.018380300528302564,-0.7069137345172236,-0.8751883842443057,0.04779676221776197,0.0,-0.025450392494152627,-0.7650452576681753,-1.0075232586810963,0.6327311952782769,0.3967757656417821,2.6968100063257614,-0.2895007650988783,0.8820324990083331,-3.4708514902565133,-1.019787755460234,-0.9783976524739469
0.054083052064307996,1.8203272551732574,0.3578934441427403,-4.84099049921608,0.5609851909674194,0.24339592914922437,0.012331951899402744,-0.19094783376829877,2.162313873504108,0.9029142235437397,0.0,0.05316398081947341,0.6534971533712879,-0.9259290297816004,-0.42277525655007564,-0.5822509531825868,-0.8874352384630086,1.2638062095817988,-1.7532413867064498,1.9793578410923836,0.8323926327687817,0.2701916976854016
-0.4901877334834148,-0.6005196278080368,-4.724087878429227,0.11420285967955643,-5.350820311707907,-2.341458817812276,0.0206940104114458,-0.3610380824718754,0.051149626081256644,-0.524702450827121,0.0,-1.8518114491017952,0.8694195942456844,-1.6303720739582592,-0.2917362772062484,0.337963973292491,-3.1962625327652043,-0.8246617885536845,-2.2913966750309336,-1.197277045371509,-2.0578611384870795,-3.347270942600681
-0.12655876842767425,0.4254670907036515,0.40244175336014637,-5.080320162496703,0.5341238584352783,0.16952416651387087,0.011144366496237375,-0.43608561422211306,-0.891041736349419,0.20062691392878265,0.0,-0.13538739139749706,-0.6888221077982452,-0.8086400048792194,-0.15795478191264248,-1.687745729184814,0.5453649668855375,-0.33659296747188444,1.6669238185046424,-0.5729953899526185,-0.3892490174389822,0.25267897479893525
0.20415249244723632,-7.8664343489572826,-3.100535263774149,0.14552133978226178,-5.145599883925436,-0.9292402987900352,0.012016601792826301,-0.27541145313508686,0.15068346759145032,0.037443399640224376,0.0,-0.0322737489879967,0.12920202906782627,-1.5060174053334028,0.06695120356672742,0.15658944764950225,-2.976450102864639,-0.9311112810323073,-1.1618497920747022,-1.6059224316674006,-1.0824759599933116,-1.7058257729070085
-0.1381504976947849,0.3352189106410283,-0.07872499558126528,-3.373372399831728,0.3247213520771847,0.14763015931480722,0.01227412804667813,-0.2924780793069666,-0.14142400691892,0.4637460521303102,0.0,0.013172041992713114,-0.7599316147584343,-0.9210326555285178,-0.2602736957563199,-1.1034807033742196,-1.8213013060269587,1.6995340274345938,1.862897888214455,-0.9342888315351963,-6.184124035843308,0.10796650040028868
0.07964308864836007,0.41016128626440035,-2.722320273225194,0.4079807991816343,0.7293610358315973,-0.40006560828401583,0.01557497459160743,-0.25683092865984036,0.06806242423948282,0.23594271432386132,0.0,0.05935408113051981,2.4563713249425385,-0.5342997008220773,0.7683195864914908,0.3544737747783457,-2.357308114700252,-0.41807511350747745,-3.54116664067175,-2.2230820980234,-2.207228332538829,-0.34431004189573955
0.04081517061687295,1.019421504955102,0.05662954261549467,1.4702521153826706,0.5572310633290932,0.23238948034796766,0.0666239378441649,-0.5380020532807361,-0.11003537285738776,0.17816175386372546,0.0,-0.023156885459285532,-0.35168515782041215,0.742824189343698,-0.5019202409886003,0.7642577515712801,7.889254684013996,0.8084671108973489,0.1685745835793494,0.2742686914867134,0.4157799694410007,0.21137739921317522
-0.12902226711543233,-2.131689326519154,1.496170988805911,0.37885055579659227,-4.231998722473669,-1.5582515466291176,0.014660101887911172,-0.26602219819496936,0.14718126632271716,0.12074386485518042,0.0,-0.7187822847652617,0.3742763877998191,-1.0661336885006418,0.01772029831886091,0.18767611672769732,-2.4310312302068717,-0.666740119825658,-0.36084394403174413,-1.041316716623246,-0.5814525553125904,1.7323622577788982
0.06992708431069267,-4.797077162649348,-2.6661371070217164,0.049253758200984765,-5.707323680175692,-0.23961087883226503,0.010859439391472615,-0.24539609443662136,0.12493460894285756,0.14812864660530356,0.0,-0.04442583928659825,1.2643844330165244,-1.2058180500490343,0.008745786268384223,0.10609240520730448,-2.8687629611723007,-0.9005755824807324,-1.7193572653712967,0.15180904936238265,-1.184715218824666,-2.738284132910373
-0.05904986445346747,1.208198173637117,-0.022845944682802065,-6.92235897369645,0.2703686968090172,0.08103461729003573,0.0017250916332592651,-0.28520155214470966,0.9075141443404777,0.8361915762312297,0.0,0.0010287981647482667,-0.5195920423118203,-0.8498378788254787,-0.8530301555572913,-0.6588787935216824,3.5030545391075916,-5.746742645695784,-1.6319840992153916,0.8379041866544167,-3.460994730501392,0.2672620948336668
-0.12397124772030486,0.38724018116608855,0.7274721021086372,-11.355394966583356,0.3102018975694228,0.10981690208807789,0.0074858017577741146,-0.8915839790368478,-0.7204754556376725,-1.9807451102963336,0.0,-0.002612277507763572,-0.25920365581538535,-1.59287355326798,-0.31297168832749184,-2.4416228809681373,3.347430268942051,-8.671967251305851,0.9772574105413486,-0.16209458461189644,1.9994382449688886,0.028549080031995428
0.17353660294787093,1.9921775877164847,1.9935082492795853,1.54372659390164,0.7102707833110566,0.11800691827872657,0.01281007387391458,4.700444142929534,-0.13736066382558443,0.12549719422727565,0.0,0.01060303784768869,-0.2354136315305183,1.6159512775307958,0.4561273892434843,0.8126311317526528,5.820630585552958,0.5241590821706027,4.158155714843361,1.1014831439375405,-1.8538865868260146,0.4576286109321487
0.02832721656863743,1.0722391693830369,-1.1296132521382733,1.3129244498212722,0.4889050827693781,-0.4208909702648007,4.7401819464776285e-05,-1.163880649020361,0.29841791612242397,0.1490661698727925,0.0,0.16596489672078674,0.17880085296427334,0.30057912366002765,0.4574985039893194,0.5485398811348424,7.095740452825313,0.09541607349406571,0.026292134328899198,-0.5235155823429654,-0.8529920114362415,0.5111013778234283
0.07404732737768806,0.43091129921998644,-3.7334626952112573,0.9277167032738136,0.4049381840509226,0.23504568629250241,0.018944365633618596,-0.32074954113822657,0.11898119838390653,0.372753874405572,0.0,0.13294256498464824,-0.6637833510495222,1.3615351440121937,-1.212033795253578,-1.2710700889953777,-3.0852248396386353,1.5961802274908974,-1.1222366567117819,-0.9646457370534773,-0.08064305039533111,-0.16394658158340733
0.009442429956134021,-1.213352829749083,0.9511833703392228,1.0111172508960529,0.6649584959508386,0.2809728654482737,0.06139666177937636,-0.2744460735142602,0.18302527476322267,0.10756922928566497,0.0,0.008394350376604697,0.23878170455624148,0.987336715366726,-0.5251083904858606,0.5563654437526735,-1.7994535717206286,1.5164380129835944,1.6881187632100625,0.20072390231075615,0.7269857126343612,2.236200919955145
-0.03590061802452274,-1.134904057683148,-0.9569736405842604,0.8374391002956285,0.5673126106146913,0.06902082614215405,0.04089584470073509,-0.3913364498836558,0.026071641978025806,0.04685693753973164,0.0,-0.03605055659487837,-0.7423323363439819,0.9464741813681369,-0.7638405012355892,0.4656070713196912,-2.5968176521459183,0.7773357787069402,-3.3069498463551565,-0.6316703419923575,0.4807887311363462,0.08085451513665656
0.17719439150556,-0.6227001924927689,2.1756312901820642,1.065105482745886,0.7546495951135758,0.43899137078952544,0.04109347106250619,-0.2684994191761947,0.3755002830963124,0.23736956393243222,0.0,0.29065823164894483,-0.09516366790575326,-0.19526693861332498,1.2677048965335522,-0.5144945187439985,-1.387496726264164,0.9023938058696526,1.0464032463154553,-1.1070838938407703,0.2317690832494291,0.4499568830872736
0.08444586843457343,1.2543209672837847,0.2344889131367514,1.0901937252155107,0.577779319584443,0.06994878502774349,0.03558142669293637,2.1477535133174057,0.0033193896578768292,0.15713073981680434,0.0,0.01897594708349882,-0.5692739629306611,1.2528742196625469,-0.36621844489581823,0.6498892249259376,-1.3575631954978309,1.49408723400349,-0.2992536848985694,0.35737861258879655,0.4922190781336205,0.462970561752298
0.40125353395489033,-0.7742759787416956,-3.1964717094671005,1.0105183759865242,0.5599097885635701,0.050727202481498715,0.005800452232991418,-0.35224846964763956,0.011344086384133036,-0.17801756503720884,0.0,0.012200061713538239,0.0022341065007617307,-0.3942403352713378,-2.8669760199465837,0.06517610969739702,-2.3247868286032913,1.478116136549906,-0.21180353801717924,0.7887478513706159,6.768409141170951,-0.416245163779518
0.040095033056125606,1.0117802933428164,-0.9400214842361743,1.6150542564361685,0.4878770006843286,0.18649098036878037,0.01188128522168341,4.0647444302557325,0.3565102778864599,0.21508548226410884,0.0,0.003158374090238153,0.27803150279476746,1.160394099769457,0.06774811057247833,0.7517339751392332,9.201087131597163,1.4009064634945099,0.8265360884397331,-0.8977308078062565,-0.4069754740065373,-0.09128678126957221
0.13903893894334138,1.6634814917538123,1.9676235560181905,1.4680976690030934,0.7237071111308858,0.13998062972832628,0.04681430635684504,5.055711134138084,-0.2718440538939778,0.09643368724019208,0.0,-0.006136864096846145,-0.23626211791583446,1.3712565048485756,0.46911443591252133,0.7467888089446353,6.356059793856152,0.8681168860137624,4.630762461804332,0.0548822733194003,-2.4566191519978404,0.7794437369875281
-0.1304704795016429,-0.5175098559051138,2.2193121928579744,0.5566591811169451,-3.498521037428229,-1.2363618297904877,0.013890237608265014,-0.29948001202523394,0.24215883741363292,-0.22622729918125306,0.0,0.029754290789504007,1.1433403096334032,-1.039522015303217,0.2635601920246261,0.4737492750971764,-1.4011380152715678,-0.4015777336342367,-0.028589874718059675,-0.0727674117890957,0.3275653256917971,1.169658960410121
0.0079271100533657,-1.0759058371792989,-0.5496071801494354,0.8846910153020622,0.6813994435571596,0.05095210615846948,0.04604739912665647,-0.39879271545180955,0.07362789827387502,0.14790454254189203,0.0,0.01683611478946251,-0.7535057226650843,0.9226030608150624,-0.7732454851550831,0.617487146113267,-2.1795403457375246,1.0590117148723017,-1.1366979829478683,-0.4613799607441469,1.0397724999423328,-0.6118395834205508
-0.16681946256418462,-0.5563153683465972,0.17157792437325092,-12.188267047342597,0.27951218133228034,0.10499609517815983,0.0059808369001403405,-0.307516923961429,0.21402470881142097,-2.722025611812477,0.0,0.015032971432119163,-0.4473077354570245,-1.6208913278923793,-2.3870707085478426,-2.8711025731631326,-0.9835843227419127,-11.57501335683721,-2.115612328411601,-0.6456909589972214,5.377473700339975,0.025835545803528596
0.2542945518301485,1.085796551958938,2.4365316575713014,1.3055466100943873,0.6709557512025551,0.11419875009097841,0.01803020536867981,1.8190939087142073,0.08219157247137933,0.06459410730805874,0.0,0.016845126122733034,-0.2746656227384803,1.3741017601288836,0.33777621864674623,0.5944509945673861,-0.8155089736714638,1.7440703458842195,5.177240061039788,0.9508160686468561,-1.5663840685285058,0.22459466138643566
-0.14665324896322235,-1.4693763787513308,1.9702367355029409,0.7644626215175231,0.7190086181832157,0.39597568402969313,0.03352728130626111,-0.23620434859967582,0.3473624127819216,0.27395883301385476,0.0,-0.07115804619260373,-0.46527511347931433,-0.4747581117801662,0.8237281752286364,-0.8598593073299929,-1.2739197124254509,0.7893306546377469,0.1054307017474711,-1.1479449692771138,1.4145518957942373,0.14382486115074275
0.22501301435869417,0.46999805861079036,1.994398904953018,1.4628355904439505,0.6440501765952994,0.4131733695933735,0.02339524372034601,-0.3122475611066569,0.3057074255399811,0.4383397176065483,0.0,-0.048623351181478605,-0.1370293397677879,-0.3039427691870212,1.1804265676445342,-0.6061639551054046,-1.1620050759984837,2.5093168203184937,0.7925971578102253,-0.23026278021967767,-1.163322459364496,0.49254248283102575
-0.2571877505215789,-2.484053950704463,0.8655016094233053,0.490620531642762,-4.196987894413794,-1.357773282913789,0.035656645284220745,-0.22234651329557836,0.14608099461916801,0.08257944594601918,0.0,-0.5298840638298157,-0.251491074678799,-1.3854124901567069,0.10752894963902389,0.2245869614610669,-2.1680274218180395,-0.7947186340896008,1.0025660710987077,-0.5601495000344124,-0.4094424602298886,1.4478200656674178
0.25052137383975365,1.748187127680508,2.653440554853371,1.050486117295175,0.6512474249381808,0.11899277155137944,0.022446087353550772,-0.46061409948661486,0.20104058374645725,0.07428559520626704,0.0,0.03463589023234995,-0.3940159744108025,1.1389510313393367,0.5211477473814159,0.5565776177226124,-2.284411866492679,0.26726132810936143,0.12054569880046603,0.6900484033016355,-3.820053504511332,-0.43528667035513874
0.10340823137802614,1.3127040244666752,1.9617164563446123,1.4989191855895625,0.6512491008639921,0.2331340352260303,0.047259658907732364,4.1434825219928655,0.5775016412426976,0.3327323678534916,0.0,-0.001879732859736224,0.2640351652991434,-0.28114037042543943,1.2331758013001195,-0.933400107489204,4.824200027226378,1.0011192801869415,-1.2996824153409905,0.7445808410281037,0.29404255586227296,0.9878409694419744
-0.1684627821314634,-1.1100153031498279,-1.7828790748894445,0.5399199077034523,0.47435505189999605,0.021491476468368454,0.026691111319063515,-0.4016448239663003,0.019146403562921528,0.09311049840883681,0.0,0.025236079343970687,-0.7696969641738335,0.5412104885776707,-0.6434296384432516,0.32178947648309036,-2.491564844098906,-0.5420674910889416,-3.672437030509461,-0.20770448065143135,1.2008324619814956,-7.062925284550679
-0.12154632692037648,0.2352465491697746,0.08641481909435249,-3.3851280823562173,0.3511184302034161,0.16165694225742241,0.012252635639132911,-0.2986214621737542,0.15074610860055002,0.5404507758657273,0.0,0.02294884742243035,-0.7307742174756154,-1.069615227451112,-0.3737895201377632,-1.352322366378784,-1.7437339472270095,1.5247922812801333,1.4452055197479925,-0.09942440836324466,-5.250455524011818,0.18724241131016273
-0.24977302743386967,-2.735627911701908,-5.101387756116322,0.7199826464384954,0.5009324362842146,0.060526955893005906,0.006661679982997748,-0.41277671102941166,-0.37212338605888795,0.004074001659971198,0.0,0.025986755761868114,-0.27765715659570056,0.3153983047480851,-3.1963808119525763,0.39504835487799955,-2.660849829121183,-1.4007625046140055,0.28131921822686284,-0.9878636468484382,3.419294526858686,-0.14607390116464755
0.03959639574982967,1.0972158897455004,-1.9090285190088918,1.175949419269159,0.4364392498289391,-0.6649223146734445,-0.004233362195445348,-0.3345853513713887,-0.11546591460453957,0.010419852943655206,0.0,0.0554278920660972,-0.23530325124409263,0.15664158111496124,0.442934046107781,0.5349455725970876,1.5777875872942169,-0.16623482371980228,-0.23963578211665615,-0.961044805849652,-1.0558250820635435,0.36460895822561046
-0.0008996351358654779,1.4027008675846269,0.31560752642423473,-3.832638057538179,0.47759058355801487,0.22005438731783528,0.011455416235130723,-0.2993687900043682,-2.186586925196496,0.7078889455651165,0.0,0.016240041455760586,0.5906181298159936,-1.062622220328125,-0.6789449569719874,-0.8202235848567301,-1.6638575444437418,1.3479104755795552,0.6704702422722711,0.21893147713734273,0.32940890592070565,0.23077495370417664
-0.1553168213810891,0.10774212909396719,1.7616782773010675,0.6824672685034898,-4.506083527294871,-0.33765007767985455,0.012999952226349362,-0.2864731106273705,0.14047797902483117,0.08461524577489819,0.0,-0.012811492854230293,-0.15280246055908125,-1.0353780804473103,0.3657711403512238,0.2985747803569946,-1.630851458037899,-0.4865345265388645,1.9721800062795538,-0.42466800901389956,-0.7417712383956323,0.7043522620130248
-0.4087024305436072,-3.7583557607681457,0.5506291592904298,0.422145083846159,-5.493668932878132,-1.695002532553329,0.01872444814710454,-0.34081902807333236,0.1498766130858014,-0.036692795666322,0.0,-0.08183392060229751,-0.16015990381213038,-1.7698192801669403,-0.022821475747391514,0.15827134924367617,-2.5042168448142434,-1.1652397564848207,0.28312907185362657,-1.382411878185974,-2.612001478966163,-1.77454446810876
0.4197082677581171,2.117185315765261,1.3350100222450834,1.1087353412279908,0.9316835852406509,-0.17263803311890458,0.008306930699464293,-0.2397875951937139,-0.4194545442694559,0.2241236315404911,0.0,0.07162947297737017,0.30498865083129517,-0.4676053868795798,0.8566043590874058,0.7636207499103459,-0.4405455298342322,-0.045949868253683426,-1.0696691901460196,0.5692576537362382,9.347304125271807,0.4813802794992988
-0.508149002090586,0.07064410443492902,1.8388781978213267,1.3479555874456683,0.583187161619896,0.09907542864590749,0.004441790532685513,-0.5463882463564304,0.036531964702173465,-0.30289057315904444,0.0,-0.015898887761991515,-0.20835936737454883,1.1180531790776753,0.5826847206043931,0.4500684752669656,7.413359713323552,0.19301036891799261,5.379003565612717,-1.4011453669982414,-2.6039309374817146,0.16958936131191238
0.5082154432142699,1.300672277787916,2.9117714164954234,1.6972887859271855,0.930549654615221,0.288209607359035,0.00826964503234753,-0.26685915857172116,0.13888014433904633,-0.17786991126563081,0.0,0.026581133092419898,0.23309529535886345,1.4777730257584831,1.1667494447799147,0.6288424823676086,0.09072861845375302,2.3333622043777598,0.6636075094541469,1.9948252642517672,6.033981487449193,0.47993086781819844
0.25258936543684773,-0.018791487277023924,0.9527186579946382,0.8737998944058888,0.487446063877965,0.1499809170631611,0.016398225909235488,-0.18842210346905364,-0.08627264891583766,-1.2491574655569937,0.0,-0.16965881929033955,0.7840452851536672,-1.033222097683381,-0.2786993183956932,-0.7332729544010269,-0.7751111936598487,-5.141978474654159,1.3268261588492025,0.09305158526919119,6.055056040154929,0.0011406072838965823
0.11261414450196645,0.21670679673011944,2.0509564464817793,1.4779569273765725,0.5562562915564591,0.2392649309601215,0.012024960352595062,-0.23245662824135427,-0.9888879081684824,-1.0090574520585338,0.0,-0.010196113974549106,-0.40057633982897695,0.7561701796794347,0.7344619257143112,0.26580205885023167,-1.1316262254915166,-0.27550590632874433,-0.05611448226580359,0.2015173930781202,0.3047212456140342,0.05096099355742222
0.4561566318119895,2.372090118130524,-0.1004808304649577,-1.5968141741020005,1.2731155290154361,0.3260499594700554,0.008976145615391291,-0.15005767322067518,0.9923557168447268,0.7867236309637567,0.0,0.061632003260663495,4.298109590783216,-0.4226636963367341,0.5830169926543348,-0.5256456256474663,-0.9717337613453293,2.9659197376056325,2.4258330719506502,0.5815353101184256,1.7593425243237604,0.3564360366638671
0.2101885872932567,0.5736406045033878,2.662507006304448,1.1985002168664387,0.5985188388396284,0.19729625834386066,0.07169566993544929,1.621846265428495,-0.09551385083315243,0.12093028635108286,0.0,0.036151289718975854,-0.24020492707812405,0.6759079282885305,0.8480883259304858,0.6111470089809261,-0.5236147760450949,0.8511290018270585,1.7314688654070285,1.6460261568988839,1.0782082997684141,1.3961401813651309
-0.24137887753346426,-4.326098230707222,-3.3523124096702115,0.3782345727446444,0.6901851030281853,0.26370365639017257,0.007979930845142692,-0.3552587976544827,-0.5844033004484741,-0.019727541620912704,0.0,0.014458689754119285,-0.6150667000496197,-1.1316201491479758,0.46106154537452515,0.24583016599077223,-2.5543984846383005,-0.9914366434789015,-4.424299165366446,-0.14183540876634343,0.8187629719855303,-0.9786486889354482
0.09876090813397605,0.4352241375291904,2.1540112070944675,1.2955679221632297,0.7132146766052295,0.2667697539018082,-0.7204858368373304,1.3823685180506329,-0.5443181377959174,0.1071798789272784,0.0,0.023094037675147016,-0.39133943379088415,0.7784080037708129,0.7568994897946925,0.6287776748169676,0.1197224317624778,0.973290165519529,1.7015390222022817,1.830308682546726,0.44538689568428597,0.10141924034077197
-0.03765118420091528,2.0555523567448652,-0.5009461837332404,0.6830274785196104,2.0878068537942194,-0.2908788130915881,0.019325610386423386,-0.194505424027893,0.25301640529082525,0.3200568853633028,0.0,0.09860036352549394,1.1402168774296313,-0.538912237141892,0.7817491024870113,0.37440864304090266,-2.0727901402306523,-0.30485952096885394,0.6445191480483827,1.1768735647532163,0.26138811028855696,-0.5288629915155348
-0.8730665195851669,-1.3975027863261937,1.3480290560263262,0.6936253239356198,0.4147814631535998,0.09220869861695936,0.026116268346225477,-0.42615701202302086,0.0998031765585928,-0.7248730275846705,0.0,-0.008316293103901428,-0.24959452996493267,0.5314186132429018,0.27320190372917597,0.15438217008674898,-2.9750035136501776,-0.8766056301311788,-1.0197381322642545,-2.3029415571339804,-6.6168957853091825,-0.5437216485241584
-0.022619967675537235,1.112004860935905,-1.7648183881713961,1.461701366970509,0.5708345980555214,0.12905682117320766,0.004586772176124158,-0.5221525772708034,0.24391161102085984,0.22923193965943855,0.0,0.017027283095046673,-0.21464836893971803,1.1682030654801272,-0.5281028224319876,-0.04627200426540673,3.606988582150245,1.2496963602997986,0.6015273611073864,-0.9209059592671519,4.559955733606567,-0.29239502961352226
