pred,true
40.24912467873021,40.7
33.648556456738575,30.39
33.56332233361016,37.2
22.291065600085307,30.98
11.873379948225667,26.7
24.854715688616878,12.09
41.53048692587702,42.3
11.118083357452923,12.94
16.078468964172078,14.64
32.77315605293364,35.42
18.184204772287693,13.65
7.046134287745728,7.15
16.281571885015545,16.95
17.812623839565813,13.35
