pred,true
0.2064414722783762,0.17
0.2127506689445831,0.28
0.11712229049502611,0.06
0.25155413501198465,0.31
0.17749102164558803,0.21
0.1020726912836598,0.05
0.22405997556318422,0.3
0.185921265329097,0.28
0.2908929890295374,0.34
0.2922186540187538,0.31
0.24466319914150583,0.36
0.21163222871716753,0.03
0.11636407405439206,0.15
0.148026604749503,0.12
0.017612674241646205,0.01
0.12218704381710961,0.07
0.26564081139898343,0.36
0.1896649482622496,0.2
