pred,true
40.306400000000025,40.7
35.95190000000004,30.39
37.01740000000005,37.2
19.833400000000005,30.98
11.801999999999998,26.7
27.21859999999999,12.09
36.91619999999999,42.3
11.744900000000005,12.94
15.334899999999996,14.64
35.60680000000004,35.42
14.36528333333333,13.65
8.663900000000009,7.15
15.011400000000004,16.95
18.97989999999999,13.35
