{"rf": 7.600692435043764, "xgb": 6.649329173653307, "lgb": 6.688021835673325, "cat": 5.9056980439701805, "lr": 10.973293329781905, "ridgelr": 10.970381110559119, "mlp": 14.141880246995436, "svr": 12.924208738821255, "gsr": 27.828089595199742}