{"rf": 0.6967606295884857, "xgb": 0.7181294113825384, "lgb": 0.7433748572647723, "cat": 0.7864148944392941, "lr": 0.23767030834408975, "ridgelr": 0.17877131519728273, "mlp": -7.94545248807913, "svr": -0.06114242625627031, "gsr": -2.773600134606095}