{"rf": 0.2993130100600654, "xgb": 0.33786136857004345, "lgb": 0.3927430038378389, "cat": 0.3938931653128297, "lr": -0.13367567555811322, "ridgelr": -0.1765478198109962, "mlp": 0.07455038359414745, "svr": -0.02012783320375333, "gsr": -3.096795690642291}