{"rf": 106.85298436517073, "xgb": 100.974457707322, "lgb": 92.60514787368652, "cat": 92.42975117320668, "lr": 172.8826579839447, "ridgelr": 179.42055097371943, "mlp": 141.1287134088857, "svr": 155.56690073714702, "gsr": 624.7509261118512}