{"rf": 85.6028155386964, "xgb": 79.57052532611428, "lgb": 72.44387404690774, "cat": 60.29390698283766, "lr": 215.20150198812806, "ridgelr": 231.82836557420816, "mlp": 2525.2523054906533, "svr": 299.55470245116663, "gsr": 1065.266676293098}