{"rf": 0.53001364387562, "xgb": 0.6933342156688979, "lgb": 0.6957799497817616, "cat": 0.6627440461027247, "lr": 0.14983301250183245, "ridgelr": 0.09088281229891704, "mlp": 0.5689309998063933, "svr": -0.07974704520106823, "gsr": -3.2557974027850127}