{"rf": 7.472145821024037, "xgb": 7.096819519479881, "lgb": 7.06442869189852, "cat": 6.919253531265079, "lr": 10.262160253074404, "ridgelr": 10.24142899972226, "mlp": 9.358851624435896, "svr": 10.34035848010995, "gsr": 21.385770090613484}