{"rf": 106.87424783663351, "xgb": 69.73537552852733, "lgb": 69.17921897139625, "cat": 76.69153781063967, "lr": 193.32679798125307, "ridgelr": 206.73199203509537, "mlp": 98.02449488382396, "svr": 245.53298581108663, "gsr": 967.7624476557708}