{"rf": 7.90309077917433, "xgb": 6.62350557989295, "lgb": 6.643312171084589, "cat": 6.982864091983799, "lr": 10.745105043651856, "ridgelr": 10.709647173913716, "mlp": 7.655781420737164, "svr": 11.388895941221136, "gsr": 26.568003662884134}