{"rf": 12.558724449890972, "xgb": 12.269617790052628, "lgb": 12.85391674719519, "cat": 11.562808320672618, "lr": 14.367090431524316, "ridgelr": 14.575475484787432, "svr": 12.91228992204457, "gsr": 15.40050839727972}