{"rf": 263.1796203429828, "xgb": 257.8538731749179, "lgb": 261.1882638846254, "cat": 223.92360756223286, "lr": 307.5357212587063, "ridgelr": 312.7243621630696, "svr": 274.51931853323043, "gsr": 343.95324169591686}