{"rf": 0.21671865739247975, "xgb": 0.2325692706989112, "lgb": 0.22264537906750725, "cat": 0.33355332094375123, "lr": 0.08470499222788908, "ridgelr": 0.06926243779080377, "svr": 0.18296918236988569, "gsr": -0.023681684009884574}