pred,true
0.13443396226415102,0.02
0.2628301886792453,0.35
0.20245283018867938,0.15
0.2179716981132079,0.31
0.29343186582809205,0.06
0.20295702306079655,0.16
0.2106918238993709,0.27
0.22971698113207517,0.15
0.2675731132075471,0.34
0.21610961365678366,0.28
0.18216981132075494,0.4
0.23896226415094304,0.02
0.29607337526205435,0.09
0.23877358490566034,0.3
0.27180660377358484,0.41
