{"rf": 5.835979223241379, "xgb": 6.498429771377562, "lgb": 6.515309160737312, "cat": 6.796880844280411, "lr": 10.027876510453247, "ridgelr": 9.971006778456958, "svr": 10.007256055132535, "gsr": 7.09336451812996}