{"rf": 0.481910836983249, "xgb": 0.45534134967369877, "lgb": 0.4838077444335829, "cat": 0.3868983409165926, "lr": -0.04590849812127673, "ridgelr": -0.037286294902732164, "svr": -0.05379016140866133, "gsr": 0.29676119125896183}