{"rf": 68.22925631243898, "xgb": 71.72829950642831, "lgb": 67.97944490183895, "cat": 80.7418360183513, "lr": 137.73991832245179, "ridgelr": 136.60442552435788, "svr": 138.77788642329372, "gsr": 92.61236164651295}