{"rf": 6.657830650147582, "xgb": 6.1803070120933725, "lgb": 6.367762521063564, "cat": 6.289129765477472, "lr": 9.292293142239478, "ridgelr": 9.237204422044027, "svr": 9.530581698428804, "gsr": 9.050803040848582}