{"rf": 0.5380878906708011, "xgb": 0.5948929464202597, "lgb": 0.5285746448042072, "cat": 0.5580391234729738, "lr": 0.11844290135176849, "ridgelr": 0.12271362858724844, "svr": 0.06755229347991787, "gsr": 0.13489426916786662}