{"rf": 69.68503997748626, "xgb": 61.11530885142214, "lgb": 71.12022841515672, "cat": 66.67515470420652, "lr": 132.99357263214216, "ridgelr": 132.34928166828422, "svr": 140.6710376139079, "gsr": 130.51168440969658}