pred,true
100.14640375096693,88.56
67.60887570757916,75.7692
87.20873706146699,103.0
82.26628736984111,85.7143
76.70723109858511,77.8462
86.83073066280855,52.0
92.96731432320709,56.41
89.60666657246446,65.5
80.10695248124188,66.1479
83.76895670462207,85.7977
89.61971106471265,102.028
100.53325659968601,85.6
88.08691885675748,107.9
54.610186085816,52.5
92.6452461469886,103.327
62.30897723475442,51.5
69.90880795421191,94.3868
92.7666120212574,81.0
