pred,true
40.38367742605432,40.7
28.84077626802825,30.39
40.10185137065746,37.2
22.753097018481533,30.98
13.425514052385779,26.7
20.497292583122704,12.09
37.31692194470942,42.3
5.317930023416446,12.94
15.644308545327418,14.64
27.352870852848522,35.42
-7.146739951027023,13.65
8.608311137121287,7.15
16.60425318639414,16.95
16.359801056031763,13.35
