pred,true
0.1824973525810075,0.17
0.2315984023813324,0.28
0.03481907152336752,0.06
0.2928007755976507,0.31
0.22139000086331767,0.21
0.03522123054129164,0.05
0.21009848298718753,0.3
0.1968812368543243,0.28
0.4047801690776539,0.34
0.404432880277077,0.31
0.22793522717744524,0.36
0.13082708937744664,0.03
0.12762757059963636,0.15
0.10829537820067482,0.12
0.026665796860786156,0.01
0.09629116328147716,0.07
0.3535661940223205,0.36
0.20494991163282997,0.2
