pred,true
36.0002133998659,37.1
29.956954275938152,42.3
15.690883164680368,36.4
21.119658011300306,8.07692
36.21722358601383,45.38
29.95289868369163,40.7
12.874443836162015,16.9527
11.53620230395206,13.4
12.874443836162015,10.9172
15.571947166178695,6.19
27.09668242260804,38.8
12.874443836162015,12.9586
