pred,true
0.1953379962503785,0.17
0.2553235957618688,0.28
-0.009896919948104321,0.06
0.23955352729396662,0.31
0.19162653900192606,0.21
0.04609480712834324,0.05
0.32966884700327714,0.3
0.2887638436893013,0.28
0.3517034051877863,0.34
0.36209688140664764,0.31
0.26737550823632106,0.36
0.20353438652020495,0.03
0.19438253214500412,0.15
0.13701975785795328,0.12
0.07258558105473334,0.01
0.10133445778493222,0.07
0.26531776315433353,0.36
-0.05130720993227955,0.2
