pred,true
21.644121,13.648
45.351143,51.5
12.859917,12.09432553
14.735142,15.25488117
17.456532,17.0414
15.506528,10.9172
8.71978,12.943
53.646385,60.2
12.741299,13.35330033
10.249576,11.8935
30.52586,24.5
23.343582,14.697
41.59963,42.9
12.06762,8.07692
36.261433,23.9
17.039234,12.9586
5.604768,7.15152
