pred,true
13.072565,8.07692
19.440603,13.35330033
9.630467,5.167
16.033958,15.59457151
44.33501,42.3
35.593174,23.9
16.543024,11.4497
26.734396,14.697
34.136475,24.5
16.793602,12.9586
18.077318,21.8343
20.77424,24.52
11.68941,12.83668421
17.05532,10.9172
7.235219,7.15152
55.145004,59.0
12.524293,10.8284
