pred,true
12.83357,8.07692
28.242664,13.35330033
9.630386,5.167
17.350666,15.59457151
43.946133,42.3
36.356,23.9
15.230851,11.4497
31.574753,14.697
34.43002,24.5
17.139332,12.9586
16.357267,21.8343
21.32518,24.52
11.685577,12.83668421
16.974546,10.9172
7.5317664,7.15152
55.463524,59.0
13.200701,10.8284
