pred,true
0.0,16.545
1.9484024340005924e-148,0.594
0.0,98.76
2.980225290213712e-08,0.00765957
19.64896107414999,59.1108
37.21723582839188,15.1692
1.705067833974207e-07,43.017
1.3654383142845933e-158,0.132
0.13636293902553154,3.549015
0.07609341097753906,770.0
4.041474532541761e-14,2830.0
1.1581075072821926e-71,13280.0
1.1173016896188563,10947.075
7.308214631786124e-05,92.790225
1.159131606941733,4.8047535
5.466105706607721e-184,0.0776
