pred,true
37.94955922562292,92.790225
1.2530634732832093,1.3885725
0.5336999348990621,0.555048
0.018891282627823358,0.035175
1.2530634732832093,3.549015
1.5600120437730027,4.8047535
184.86171982738014,2480.0
7.294347036230135e-05,13280.0
8.274198010716413,2830.0
4.050245016016531e-19,0.0776
-14.125092279408022,19.284
0.27889207522797266,0.076138178
0.5336999348990621,0.405612
73.04846703836576,15.1692
5.43537271643533e-07,0.1535
0.11594779843417453,0.099
