pred,true
38.03002112141476,92.790225
1.2508835532076856,1.3885725
0.530142060243656,0.555048
0.024409097343963904,0.035175
1.2508835532076856,3.549015
1.5626154131001253,4.8047535
170.80802741473775,2480.0
4.390296633752345e-218,13280.0
0.0,2830.0
1.0253318690365918e-18,0.0776
-13.75807451913687,19.284
0.5341385722957882,0.076138178
0.530142060243656,0.405612
73.08371105233863,15.1692
2.942550686332681e-07,0.1535
0.11382831431832086,0.099
