pred,true
11.55896773674538,8.07692
-2.314847051917141,13.35330033
9.297793912120195,5.167
5.644092631298939,15.59457151
42.22211167553223,42.3
38.474061864493095,23.9
17.83426490534461,11.4497
36.34887761784991,14.697
31.47684774963566,24.5
15.840281923688767,12.9586
21.94640988379223,21.8343
25.88421629857406,24.52
16.591041484637493,12.83668421
17.093681608961678,10.9172
6.7505889296261685,7.15152
39.20084096279742,59.0
12.901175470024302,10.8284
