pred,true
11.435259820240347,8.07692
-3.501967780544888,13.35330033
-0.7809979806088165,5.167
6.150156874380478,15.59457151
40.90521172411086,42.3
38.91554313034827,23.9
21.922410162701958,11.4497
42.42574349461093,14.697
27.381133478846525,24.5
15.889860171358627,12.9586
26.213513642112687,21.8343
7.092515312897195,24.52
22.223511748726416,12.83668421
19.127476931743878,10.9172
7.511373586054955,7.15152
41.64005484243091,59.0
14.883500327258847,10.8284
