pred,true
-108.64800915788891,13.648
45.42966215606354,51.5
19.981504314383443,12.09432553
16.406585385561215,15.25488117
19.32898616583755,17.0414
12.106709312153264,10.9172
46.37780774175665,12.943
43.956534215079046,60.2
-1.0332728407509109,13.35330033
9.432036065382796,11.8935
32.32415638971219,24.5
31.922847065841786,14.697
38.12309471298347,42.9
8.318712677840857,8.07692
38.00112147226396,23.9
11.462498860803862,12.9586
4.994190387466574,7.15152
