pred,true
35.89216071858145,37.1
41.84903385284271,42.3
34.06111515458595,36.4
15.240338555781275,8.07692
37.27201018649254,45.38
42.128133825192236,40.7
14.760775225369894,16.9527
21.78337133415461,13.4
14.760775225369894,10.9172
5.644716676225276,6.19
42.09775302666755,38.8
14.760775225369894,12.9586
