{"rf": 34.04173367308903, "xgb": 39.12968888564516, "lgb": 29.54113988901063, "cat": 30.5522223204668, "lr": 52.0976430643665, "ridgelr": 59.18222382710631, "svr": 76.09280294423036, "gsr": 88.09199393878963}