{"rf": 0.46035399106180586, "xgb": 0.4450267261537203, "lgb": 0.46964528268119565, "cat": 0.4592378356812937, "lr": 0.12807713977441693, "ridgelr": 0.14279326101415957, "svr": 0.23514118402471307, "gsr": 0.14568759587182634}