{"rf": 4.919701073444245, "xgb": 4.856531269345575, "lgb": 4.5396674004969, "cat": 4.867470763916857, "lr": 6.546847090718937, "ridgelr": 6.477716155413653, "svr": 5.8418712840154905, "gsr": 5.976632384184034}