{"rf": 39.88200864930702, "xgb": 41.014755119233186, "lgb": 39.19534486121222, "cat": 39.964497017241285, "lr": 64.43860322707935, "ridgelr": 63.351022730148664, "svr": 56.52614011589727, "gsr": 63.137119753168285}