{"rf": 0.6644532387578264, "xgb": 0.5912316648177638, "lgb": 0.6742297649096578, "cat": 0.7203092709840575, "lr": 0.21439875532032127, "ridgelr": 0.20177168635421827, "svr": 0.2316060596279198, "gsr": 0.11302051894291187}