{"rf": 0.1364134589701431, "xgb": 0.16618101844657954, "lgb": 0.13243890190946309, "cat": 0.11370570124325881, "lr": 0.3193789824144943, "ridgelr": 0.32451240151812105, "svr": 0.3123835106314803, "gsr": 0.36059337482090514}