{"rf": 0.27813862034044373, "xgb": 0.30953792636008826, "lgb": 0.27423641387311526, "cat": 0.2600791900274542, "lr": 0.4294931073200433, "ridgelr": 0.43339224032388557, "svr": 0.3759793403182476, "gsr": 0.4689662362370766}