pred,true
0.3460681770521461,0.27
0.13609225419176332,0.05
0.16210748586442866,0.24
0.27010537198447027,0.21
0.08003281591710953,0.03
0.1191789535361317,0.04
0.2897418288296213,0.25
0.13788532271060208,0.14782
0.11906762124406059,0.12
0.14578506469726002,0.04746
0.15529728750157304,0.06
0.20663018961969634,0.28012
0.09069619802465106,0.20367
0.10224590605880571,0.05
