pred,true
452.8559960533057,2830.0
-1677.2686882905364,17.671425
2167.867686782809,92.790225
-1332.9507177838423,5.4021825
8778.164529716643,2480.0
8015.1333778751905,13280.0
-1114.644884961901,5.55165
