pred,true
39.67582015937892,40.7
32.60967276417461,30.39
36.062223250208724,37.2
24.435690201868034,30.98
10.716841699933113,26.7
18.71866529507139,12.09
31.07525627226571,42.3
22.273922062315314,12.94
11.147707988583363,14.64
31.245609631960356,35.42
11.942319434494536,13.65
13.91905451650267,7.15
12.204653895700822,16.95
21.75745022911395,13.35
