pred,true
0.21643062653198852,0.17
0.23347143813249815,0.28
0.010058217407369896,0.06
0.2313103772544285,0.31
0.15821137853801603,0.21
0.01715571628423862,0.05
0.33829513023827096,0.3
0.2610306908497556,0.28
0.23794106631303735,0.34
0.23805078263944357,0.31
0.23591372107939834,0.36
0.18694607376465833,0.03
0.11023394557886279,0.15
0.1674519518381572,0.12
0.06981423555460842,0.01
0.13609194050826923,0.07
0.5022400828383465,0.36
0.14164477016826305,0.2
