pred,true
0.2809954247933319,0.27
0.1431682120785957,0.05
0.12101403889095502,0.24
0.21570413941970118,0.21
0.1002184483063297,0.03
0.13685296068039315,0.04
0.24134935950811526,0.25
0.08003899917028784,0.14782
0.1514872602775989,0.12
0.05770101932987076,0.04746
0.1651195903971469,0.06
0.17905466716946344,0.28012
0.010596232380484183,0.20367
0.24685910923685833,0.05
