pred,true
34.36996,37.1
41.440792,42.3
31.71789,36.4
18.609703,8.07692
38.266983,45.38
41.47764,40.7
15.792193,16.9527
15.063104,13.4
15.792193,10.9172
6.861799,6.19
41.0105,38.8
15.792193,12.9586
8.020083,9.36364
6.861799,8.49
30.142807,25.0
6.861799,3.36
34.456398,36.49
18.609703,11.8935
35.30089,39.1
15.792193,11.4497
35.621864,30.39
35.30089,37.9
7.9665756,12.83
19.294373,22.5
