pred,true
0.5807665250321463,0.177321375
5.549301527040932,5.4021825
-0.39675435235042755,0.0329
-0.4702549041295008,0.035175
-0.869287946265004,0.0044
1.1188540210226812,3.68253
1.1188540210226812,4.50087
-0.9958067634750023,0.0306
0.4828674586408255,0.076138178
