pred,true
0.19875985911491353,0.17
0.2019657268575579,0.28
0.12518885792771942,0.06
0.22250312823425547,0.31
0.16470521076663827,0.21
0.12044602765200699,0.05
0.31156166789102024,0.3
0.26854229199008484,0.28
0.19806897143098082,0.34
0.1999293849904116,0.31
0.1504383934212248,0.36
0.25289691419947224,0.03
0.11060562278824107,0.15
0.18682295682135444,0.12
0.10961366906207706,0.01
0.03158474255967028,0.07
0.3167228746650952,0.36
0.19668921712902568,0.2
