{"rf": 51.85791243413832, "xgb": 39.371566375091994, "lgb": 145.41824651342162, "cat": 47.09197362879846, "lr": 313.9929443168733, "ridgelr": 203.18357607614908, "svr": 119.88641835987414, "gsr": 106.42684300879996}