{"rf": 0.7264884317371152, "xgb": 0.7923445360841663, "lgb": 0.23302788733659863, "cat": 0.7516251820555742, "lr": -0.656077126757864, "ridgelr": -0.07164087271019204, "svr": 0.36768911898112855, "gsr": 0.4386782774263366}