{"rf": 5.541455887491271, "xgb": 4.569409335454304, "lgb": 9.804655058257355, "cat": 5.437171159465524, "lr": 14.085619423584788, "ridgelr": 11.856159475398902, "svr": 8.509087902810437, "gsr": 8.62116814950312}