Material_Main,Turning times,Period (d),V2_Ventilation Interval (min),M1_is Enclosed, Composting Method,Additive_3,Additive_2,Additive_1,Material_2,Additive_4,Material_3,Compost volume (m3),V1_Ventilation Type,V4_Ventilation Day,V3_Ventilation Duration (min),Application Rate (%DW),V5_Ventilation rate (L/min/kg iniDW),Initial GI (%),Initial pH,Initial C/N (%),Initial Moisture Content (%)
0.043544038037482066,-3.6626624618174835,2.6832261897860765,0.8849985934059652,0.46284049837225905,0.1854645156251868,0.012882643952614497,-0.6051767036262797,-0.19382533523122608,0.10724279979114293,0.0,0.0016727030370827676,-0.11224916232254711,0.7175484633394121,1.0896595753984328,0.13617369835218812,-1.5598058906617636,0.32923277740641843,-2.0833789653390538,-0.0598297352135291,-5.581578399497402,0.3130426231549717
0.06019150354119049,-2.890114611836973,2.882234257757542,1.035518385712116,0.39377366321747176,0.12641366534174006,0.07221441531850258,2.975495014011102,-0.09251205891329985,0.09703361354061679,0.0,0.010023981171323314,0.0021624591441149294,1.124897304204632,0.86436459471633,0.1497050891019637,-0.5088945690333208,0.6138124932097444,-1.618355161938179,0.22099353357613316,-4.311170880249006,0.1831057743561954
-0.005701553450940996,-3.455273825372173,2.4258612486746176,1.0704197004573368,0.4005762079961102,0.12457730352687207,0.06146829497160403,2.6675244588379825,-0.05532667628166036,0.129326073163943,0.0,0.009172603382041119,0.05300095684299063,1.0844043771816565,0.8922083423809402,0.15648329683645754,1.0135327378366799,0.5272720282094854,-1.3911332192483556,-0.0751146282047779,-3.712294389448075,0.21842712765707153
0.07498702026059385,-4.6252178072959484,1.829756266297336,0.9187950228987571,0.31686548829790506,0.08526537924295853,0.05087191539279166,1.997502246681439,-0.15933074789343,0.13439655491120703,0.0,0.00799794319412071,-0.2115958569453028,0.8920586764815176,0.6672843280469154,0.12712940250068647,0.22150452398651796,0.1989351171323417,-3.1823807218540954,-1.3718079919521637,-4.419638105214433,0.06491681178012575
-0.35381729841110326,1.3756693178240318,0.22890599182149782,-5.5067184719127455,0.3479033673137082,0.13789436136494437,0.0015152784830311727,-0.3004138196055926,0.12669084052024157,1.1237455140587465,0.0,-0.0011545392749000988,-0.49130559071426305,-1.2804773914209366,-0.5274481394575626,0.2462571194989575,-0.8952861882863153,-0.82855125410658,1.3279157587613954,0.7488307188573042,-4.911619669202077,0.23388055983805128
-0.2911881499998207,2.2533414284280022,0.13776257646645,-9.332354128813888,0.29553938156695503,0.08411158720043005,-0.008248754551264732,-0.36667403571856055,0.7491093657855039,1.127965409329403,0.0,-0.008565639231135442,-0.4459094107556418,-1.5836646916362271,-0.6279962359343061,0.12090971832566025,2.2350012300126956,-2.6598476802720072,-1.9205635788621709,0.505725239356162,-3.9407401836876392,0.1497570189411873
-0.33977868434673186,1.6794305275267232,0.31269570106948913,-7.370197585639367,0.35500183455967615,0.11244192419413329,-0.0056351466751201,-0.43838663587272814,-0.6730202594733963,1.0512998587816649,0.0,-0.0002284342632452238,-0.4845988916784898,-1.5573229281304923,-0.5408413854996765,0.23059188621189322,1.4391068114380317,-1.5708035449452145,1.0606492422787686,-0.32227915106209654,-2.916787208297768,0.1395485357738356
-0.2837395621767587,1.6935097751240256,0.28058063023137464,-7.308256049489671,0.3419054291564929,0.10993303456332523,-0.0030337967814532763,-0.38601310302460073,-0.6988507914811397,1.0945593958228648,0.0,-0.0035000814947189285,-0.4063273875995416,-1.393188984077191,-0.5730845669299344,0.2755614865959732,1.8244201744610962,-1.7520595468803415,1.3075397124075352,0.5633201997841688,-2.8570466528637772,0.13519615060211854
-0.15438951069892817,-0.1405463646504035,0.22356412188008473,-6.46326989335038,0.37007728478020463,0.16689018611257525,0.00025925235988313064,-0.34160651285802784,-0.01202356462295145,1.0496201490665793,0.0,0.006121488277480191,-0.41551222017419903,-1.3054095642193213,-0.14733085410228797,-0.14530153411583158,-0.8564999182615302,1.4862978324669045,1.6882355927503063,0.39611275864584555,-6.143218069468316,0.24525780613220752
-0.17964783802899048,-0.0968787137660033,0.2919658214806167,-6.832635789495698,0.34956393948918696,0.17269212064380965,0.0026305740210398392,-0.35213618269754093,-0.25390086324885514,1.0412497571415087,0.0,0.007509543902960946,-0.38756762009167234,-1.2807531929889195,0.07294143063811162,-0.09742181642446622,-0.604550257083153,1.5739869414216894,1.3113836038848388,-0.33332378292779075,-6.305348762392499,0.26835055247174644
-0.162743293901006,-0.08165926238240326,0.3689115496192746,-5.792149472060508,0.3631090359846535,0.17285205456864458,0.00018010317133628525,-0.33310207639538175,-0.1668885000390787,1.092069251321914,0.0,0.014654771270082878,-0.4151007857032218,-1.2921667291765713,-0.05537432794425865,-0.1333354161294486,-0.689725593637896,1.636339891373829,1.9405990464433014,-0.08706145683545789,-4.868544326664853,0.39759800306687054
-0.18876103794909074,-1.1102256490368545,0.11234338203718464,-9.68474418111718,0.3137384091984332,0.13223069002484128,0.0004305586222538595,-0.3976230032684904,-0.5610555181330313,0.8115029844592953,0.0,0.0077916793651354906,-0.43809596982142807,-1.5818067898344728,-0.34534954231208415,-0.2104048312396807,-0.8530493966998647,1.4731657437228705,-2.9732060606029598,-0.8945566194025479,-8.068247297003174,0.14128991494075757
-0.21024538966058257,-1.3120072510537566,0.0682453809834434,-10.331281165838131,0.2930604394070344,0.13069689468307605,0.0002324704466620329,-0.4125562670111047,-0.5847619662328427,0.7783256764612186,0.0,0.011029914231802877,-0.40522811491146,-1.6054852769998988,-0.37470626332341905,-0.20614196627009093,-1.3913950784354245,1.5077101932018777,-3.078591892474996,-1.1243198405915082,-8.873540734541322,0.14872370387930642
0.4504253053971484,-1.1889789257602876,-2.8054795487158564,1.2096026081608768,0.4530052092325807,0.060501712808104874,0.0015365144041245963,-0.5472322263893195,-0.28241582698431994,0.02173345345622424,0.0,-0.0011912760748305148,0.037397319896944496,-0.877625552149871,-3.0687162175091323,0.166035595252705,-1.776145595397507,0.9538674658914603,0.3214700716667707,0.8512698032274336,6.655749134238822,-0.5458095587022217
0.672041871374744,-0.024618053524337002,-1.9433902725392862,1.7079455591013233,0.5557516796527893,0.07825626989925322,-0.0007783288598629531,-0.6646753761292583,-0.14690807732538994,0.08225260620311335,0.0,0.0005181563856388465,0.21979551034696096,-0.3988203261989632,-1.9982238292660646,0.3333673937496545,1.9202993808846425,1.4242337619575791,1.5800971740241463,2.1483016514969315,9.910700966538544,-0.004574251822310971
0.7983140811772202,2.873135066099387,2.9319059401825927,1.2871973088150146,0.6841298326031846,0.25004129895569405,0.03277755538574682,-0.29406908516903985,0.22010027033218438,0.3111839578453827,0.0,0.008842711797092118,0.1336944349250243,1.434990027585546,1.3634486180758385,0.2318093704220827,-0.7636178916220494,0.286188396271255,0.6065232183462316,2.2937965192555536,2.357564137198919,1.2063616974669653
0.3826611929948526,2.1987569865219787,1.8475417180256706,1.1874053421200998,0.4570794893040336,0.1350022237737856,0.0005032905468367798,-0.7632627437535319,0.45348950745454236,0.26751738991554136,0.0,-0.0022743903193388013,-0.0720031358831247,1.1287754953162068,-0.5024031145275224,0.2110842445678674,2.6946098175026867,0.1747172524203618,-2.2759163151820525,0.5731206153123549,-1.0483862828574684,0.604057882696074
0.361522620220281,1.9263895846519596,1.2266250153949574,1.302390339014735,0.4208334926152458,0.1378138840117485,0.0033722495345325084,-0.7990545614208103,-0.45918334190318166,0.22641094908337353,0.0,-0.004431616925409802,-0.06772858769001414,0.9839255954155743,-0.4368453857422817,0.21802606400092772,2.6937051990016796,0.08893160626680491,-2.438065928516587,0.07204439089494259,-1.3591721536522585,0.45079805169366993
0.1380350945375971,0.37565602370188195,2.277744274256924,1.7964056461461417,0.7519980730109047,0.2322358137901797,0.053193559911247544,-0.14297859685924036,0.12363629658247759,0.1316513370480308,0.0,0.04712567357191468,0.2765091125554071,1.2973678618614521,1.3287783570934186,0.16061570483797052,-0.5135387713657865,1.1379892915820673,3.888417408282417,2.854442984370069,3.608026706648203,2.284928614386657
0.049054373524762385,-0.22373946006593465,2.0707426874402417,1.6703617070051615,0.627077101527375,0.24388533156678724,0.08932712735384192,1.442277554890348,-0.09873281474277158,0.15445523106738482,0.0,0.02496091953441082,0.1296743697835437,1.245945957345836,1.0299755441255107,0.15184168026968556,-0.6380538246071731,0.8466677828011383,2.4988429493325217,0.6728347902822096,2.2966823065955944,0.9375131509194684
0.05048577673293991,-0.2608671060741472,1.9452096774393925,1.64964409145649,0.6195917782601007,0.24663908144901012,0.0893760183244545,1.4692736762131096,-0.0940211215323349,0.15147086920790828,0.0,0.024251679643919527,0.1669753361934038,1.3331255602246335,1.0155848992637415,0.1382629835935745,-0.5447678791603887,0.840264666684522,2.620277490786673,0.6110488768026339,2.3670899835103305,0.9185491269299665
-0.9898507803073453,-3.143129725839866,-3.890039270708431,0.6421543077057817,0.40178232939427455,0.11385908676595383,0.0038608144991279974,-0.576151813025293,-0.2210381922296837,-0.10710317640933563,0.0,0.017818794106016087,0.04882310544042856,0.20138062457551562,-3.685805791029985,0.10216952975435678,-2.1343649579640958,-2.4704407288849106,0.5235712635749719,-1.836230411895067,3.972185414632934,-0.23818695620555097
-0.7800961587280514,-3.198013041684919,-3.653131856274371,0.8554816011560549,0.38919326548787364,0.13072199273359705,0.004770620068118456,-0.5867672203040415,-0.23645427274983527,-0.09014792057050709,0.0,0.015934781773424934,0.025992568161424888,0.13925762264352318,-3.799078938774939,0.10849394847792201,-2.07364393335623,-2.2642656678394664,0.27404422071187123,-2.2157854825685956,4.134076680222484,-0.5213193426355167
-0.7678775204050818,-2.8316633286599195,-3.360557461434255,0.9056523622889703,0.43142811161925015,0.13021417888152761,0.004048349531453004,-0.6128227105957718,-0.16082506545664885,-0.051578937521429745,0.0,0.016570258330000358,0.03524157589762848,0.3379963762388078,-3.566757660356369,0.12427912017099321,-0.8692821887206568,-1.9788117789774395,0.40236947124389405,-1.38994594462058,4.398421235253423,-0.3752979767579694
-0.8060492915842414,-2.4435109832306647,-2.935916026225316,0.9808869912078948,0.3943065806320409,0.06855794252954832,0.002643193616888033,-0.6957478337789506,-0.2807818194143331,-0.08759637526564594,0.0,0.012646616065648519,-0.03015951817045943,0.16637517670818677,-3.51721710608636,0.16962262478600817,0.3293925314225897,-2.281171521945602,0.11274446936974619,-1.4625854788416994,4.228519336127482,-0.4506460419729454
-0.7018956150829576,-2.04854270466558,-2.5920485886174487,1.1348175322793939,0.40487207093552907,0.0489241108056372,-0.008546845751247617,-0.7834174202494131,-0.336754242000695,-0.09292525205341706,0.0,0.014052182869446816,0.010776270645245075,0.4284663015378068,-3.221906878403167,0.20608581266342818,3.096364603513255,-2.1932292647050735,0.5297218819341734,-1.7371254746763582,3.6926120484721,-0.43352606350086653
-0.2982711749986826,1.0027334506788292,-0.00852311505160024,1.2801485629586118,0.7119232622080007,0.17077374877453344,0.014440283578285796,-0.6963960140675446,-0.10009842796534817,0.0566102333477604,0.0,0.03781924002587422,-0.16913304655011033,1.0553309248572373,-0.7694643971476383,0.14553488701920353,-1.2970557079951441,1.1340518391514502,1.1979099736984378,-0.49007039686682996,0.10748134624153158,-1.6220360059471117
-0.03170881812303984,1.2710978170395777,0.44548779978503217,1.427703156585299,0.5852869323094518,0.26829581876027137,0.05609038360789166,3.034247351433157,-0.12168286224128384,0.14244668516440287,0.0,0.04682633583743483,-0.1496028721088665,1.533220902350669,-0.24525641766295253,0.13365461246439708,-0.7837237345639713,1.2392391053076441,-0.7028462500362558,-0.21454876687178182,0.6002594667179265,-0.045687179804999284
-0.4273610855120055,-0.46659802207980244,-0.010660252530912191,0.9819190086838439,0.5848209553941953,0.18487308654871465,0.009844949520638259,-0.9512932970395014,-1.3788860502522469,0.13484156808985603,0.0,0.006791889260394769,-0.2831053129635624,0.36974959225823884,-0.8995611064436589,0.13636589849440114,-1.8683113377258,-1.443697796021746,0.3059959771748929,-2.748263415836394,-1.1488245405003457,-2.9522552425692936
0.05738853345670929,1.3694985535615694,0.9876422393096645,1.7580332955056555,0.9066171931716833,0.3058140070349149,0.08026687063569296,3.37965035601686,0.9769399520477002,0.2560080261409787,0.0,0.03348044317187746,-0.09973485873806331,1.277143417362027,0.17224565734128144,0.17359130068353473,-0.3951013179231479,1.3004867057552294,1.5799913856912753,1.2757792843683424,0.7492206365194307,1.4370657848366508
-0.08243407974714995,1.050094197215386,0.9776214157888152,1.3383719481494456,0.7118226985034474,0.24244086176630225,0.036447872963550745,4.9588302792556105,-0.4570045806482195,0.22397180521294965,0.0,-0.004553981464022257,-0.013072170329024932,1.3867609866880224,0.1272337814990587,0.2486852548539633,-0.8709732351394766,0.12592962796824764,-1.2808067222482988,-0.6604164571743434,0.27132075654504195,-0.3164697937093652
0.004617061305943217,1.4123211435473153,1.9582835465485484,1.5896307728942867,0.7852002063574142,0.21916772854182773,0.008277379224083246,-0.5093964396098722,-0.05507532063291514,0.1587859178756557,0.0,-2.7245465033345776e-05,-0.06132268662309595,1.429121193910958,0.2799184083259283,0.1256090956993817,-0.7837178557491136,2.0607245366622657,6.337165945376459,0.013614249949594363,0.5726287424309445,-0.391844914620767
0.008826506518243736,1.0399725490737781,1.6677357566474436,1.695108855965114,0.6429682080100522,0.15585895418518597,0.04585266228577546,3.304713510143808,-0.02546297392139106,0.17857819641361186,0.0,0.025529438826968252,-0.13381039263257263,1.5797520672469167,0.1997782151926066,0.1664347885947873,-0.5253766382693116,1.5327661530903534,4.94171100343895,0.6298832591762983,-2.120807960623346,-0.16790169341339115
-0.016773823545206148,1.3071028693653393,1.8388284709354332,1.8802072677373391,0.707612475037367,0.14277796844257845,0.04659373609051978,6.312061220251392,0.056340399538775864,0.19755952305391572,0.0,0.027667308418146866,-0.07273448751531313,1.9261646735879963,0.5758560521604782,0.20464916232891392,1.3968423334003512,1.6433447604609128,6.362698724645933,1.1011912292432613,-2.445987324582827,0.4171399268945085
-0.981307326896775,0.2793792317997956,-0.4397139586363656,-0.4498460286085272,-6.049616253822554,-5.619502390233474,0.004890712889444907,-0.46605425899971914,-0.03304765288610877,0.03143697749363657,0.0,-0.008878893914448734,-0.32150959737015605,-3.9151672317798036,-0.7077544555560084,-1.2808296901343916,-1.9121695767059026,-1.7851535628530637,-0.6491836414778989,-2.4724583066826824,-2.5546917887360028,-1.0165778409392139
-0.5095126948818551,0.25296029347543636,-0.5101272181011317,-0.11414675419772599,-5.616823606785787,-5.584120325494983,0.006959703848145081,-0.4418215316458042,-0.06983423151801137,0.0645089526444099,0.0,-0.00969946430788439,-0.3321679104567247,-3.566640135029456,-0.42395513572627136,-1.3393112834294176,-2.309058650404017,-2.110315893381554,-0.8688948692731815,-2.1988627356019057,-3.016815590324516,-1.0453434534578434
-0.3750157339146824,-5.74126044199295,-3.6924773314276638,-0.049014847916032576,0.3004870555417515,0.10246084627147498,0.008384023893536178,-0.6607283040271443,-0.5277158797228992,0.13227823383046616,0.0,-0.013085111346067303,-0.6479300653924555,-1.7993112510144198,0.31035938010873415,0.08193928737270663,-2.8105877196801274,-1.220474391913046,-5.824396623554882,-2.8327666463408767,-2.356437622579476,-1.8743143902460724
-0.2731336889381472,-5.3239637382374125,-3.505097089498201,0.21871011459887674,0.2819085796291404,0.13000993956692586,0.00958881321872664,-0.6477081721841459,-0.1863297773982093,0.14273330188428646,0.0,-0.014244302917125421,-0.5485869675354782,-1.9094480622415129,0.2026096735904516,0.09460733091844747,-2.4495355083059676,-1.2418177431308806,-5.612355162328666,-2.315833311456731,-1.7421894803591658,-1.6795942829253603
-0.25858286528351926,-4.41547083631563,-3.0286164590558267,0.45818139079516534,0.45751522887776036,0.12436790712839753,0.010950976294876258,-0.6034936538693312,-0.35440220004357853,0.14256835161371822,0.0,0.0143373641736349,-0.4339935047164789,-1.4329809137587568,0.28264260734866226,0.1560482559727628,-1.7294731893782258,-1.115026411016344,-4.844356820305201,-0.47508821967080117,0.8514106039728241,-1.1422021468142265
-0.2928468856770337,-3.2497994797507634,-2.586462540415545,0.6651474675329905,0.5703035686459316,0.18459941324322646,0.010265070650790027,-0.5285312234286067,-0.32851900888915636,0.18553629125947785,0.0,0.013825788683009797,-0.7096831869389562,-0.8708868682692944,0.4658736282389131,0.1458385330111449,-0.5584772730742528,-1.007212226542678,-2.301330391498232,0.21878987091353433,1.7831788192130913,-0.31575390095778083
-0.0406443172597179,-1.4612799817733853,-1.6227816316510728,1.0765166047527395,0.6188657357713715,0.11292176475790572,0.009455555898380359,-0.6555437035309405,-0.2536057884237689,0.22470304506647998,0.0,0.012626733969843764,-0.35789782898170464,-0.7380619225188468,0.8973621002962497,0.23522637584612457,3.3526439472794713,-1.1769953925425582,0.45021166001510904,0.34050805745270996,3.576607139401903,0.7847003121235218
0.6674905591619165,0.5594063768112361,1.025455221312309,1.648978064298231,0.7898393767254284,0.17874944276695529,-0.00729251247121134,-0.2955165857467763,-1.0147310812878538,-0.19309261370206227,0.0,-0.07049656859542336,0.6999715890267507,-0.9111218046628395,0.27454690126935416,0.23523240216304134,-0.991487845325376,0.5319405468691983,1.2996813950872792,-0.06456007885263242,6.652652599286059,-0.18443991818371103
0.8386208008709833,1.012202087726246,1.2055670312041271,2.0179430945277934,0.7798158098778961,0.23849199017196687,-0.02776368323737307,-0.30899737850369885,0.8846183106684862,-0.07505329085580857,0.0,0.011025946621674953,1.056866976177431,-0.6844194625327533,0.6005024041745508,0.4663856094359814,-0.4747563130340183,1.8947747124878105,2.2659408733925455,0.7613136447088197,6.854577003958808,-0.1990817018915373
0.8009854386128592,0.922849316430796,1.2660517880569382,2.1421400366123073,0.7643384875858371,0.1973455901539154,-0.0025785017648578797,-0.2796599067209387,0.8426293910565493,-0.12252394563918882,0.0,-0.013164814761985406,0.8738377597784558,-0.8477657102616645,0.4295727719694512,0.26584461844126983,-0.5018967753147021,1.2975368428509653,1.0704347338589346,0.189321726488949,9.204144974203116,-0.09886435568722929
0.3988853087779366,0.64812463258721,1.4577743037427717,1.9776919187918867,0.5816656453159107,0.25039707570350156,0.020631998111321145,-0.39656693887014977,-0.41692500945381744,-0.5658950695466755,0.0,-0.03412468481327448,-0.103560531338718,0.5887948838060276,0.6198961835571013,0.16429291711301622,-1.2847163874706127,-0.121471931211622,0.24821334683817234,-0.670894678373856,-1.2494602571995275,-0.049211260116706596
0.5005505316863182,0.8153376759752777,1.7875714764541137,1.863101543244778,0.6682937991428977,0.3023292917434987,0.11271894330929727,1.4304983114215624,-0.20153384367132487,-0.5303426345508464,0.0,-0.0048344847427536745,0.03782558796570708,0.8149067682679002,0.582561748049307,0.16521156807519236,-1.2111949706575815,-0.23765200135292094,0.6217229287085609,0.04395156814007164,0.081712619238156,0.42284403950266114
0.3855854472905899,0.8656872923029083,1.8980013987147377,2.2771461813798015,0.7646286666216051,0.3725049387661931,0.016481936715005474,-0.35943238365023633,-0.28635189545096856,-0.49638619806847756,0.0,0.0022847370352229836,-0.04163381247749533,0.8503197484474274,0.7387239427606753,0.2597130350703952,-1.0127683245533043,0.1311904021383046,1.556925953414914,0.349584410459471,-0.06679907215195105,0.2717120611850049
0.3299437527881942,0.31190650010169335,1.9851836011816943,2.221870233386882,0.5164572423159817,0.2786631690526436,0.01735181638664404,-0.3368250557414106,-0.4331159937828228,-0.6033581543537776,0.0,-0.008545015574720493,-0.12119306273255148,0.7273466461648258,0.5692990603207333,0.18812698246232723,-1.35516105448328,-0.44469523710208,0.966674242949752,-0.412859925278713,0.24215754524682154,0.10339217264100356
0.3932246258660746,0.36022838034197363,2.317276342097409,2.061608375806434,0.5860316825018237,0.21522819018143746,0.015592433142228902,-0.31586093090035633,-0.45011063132994106,-0.5927940484600904,0.0,-0.002201098655169702,-0.03958361830725882,1.048224033869277,0.7122571559488412,0.16248685970719423,-0.987122121555282,-0.41305511254184246,1.2998012534102672,0.3021572503217211,1.94996690856694,0.39162053593819424
-0.3662440350012057,1.243522615213278,0.33283188292648747,-7.4451227775393445,0.3204930139551002,0.2066069100243968,0.006493809458210254,-0.24407174871773846,0.07874711101241773,0.7372969361483221,0.0,-0.5984054116683061,-0.4588968922491689,-0.9839631448195711,-0.25950094119279027,-0.1419871742819462,-1.3425305498633884,-1.1653861084981554,0.7183735935083219,-1.8187791364670964,-0.34271842258133806,-0.00819006341673251
-0.2238721466079433,2.0741566936918834,0.5804091206323739,-5.8936934406008525,0.38310093255324634,0.1632486845332765,0.009556321423106407,-0.39003394825788706,0.5073699682338328,0.8324738555453502,0.0,-0.5154430339942045,-0.3311448142139932,-0.8595654962084601,-0.28654078159961277,-0.15929413725052247,0.3791871536570605,-1.0237157866919697,0.10557128962951669,-1.6828416625045217,0.1399816887043636,0.22795300527576998
-0.25603316519139674,1.40220539032403,0.5507979863788025,-8.530796612895518,0.41901579297820557,0.16226471007895946,0.007070388365454074,-0.38826729130213045,-1.357671655206611,0.6957055984432753,0.0,-0.48677777365558617,-0.37464115307956675,-1.0121488952902002,-0.1924270603802206,-0.26494383663596294,0.06419807502902693,-0.6464803596205289,-0.08906954629518465,-0.4729369655793569,-0.4683701350551995,0.007452974539605213
-0.2103698867083031,2.0301517736792403,0.5743429636895115,-6.514215202588801,0.2989028700839448,0.21632136954840167,0.021178389530347883,2.149346858889006,0.05507586738799527,0.7540447862495668,0.0,-0.3067131310317992,-0.17820723492340526,-0.9310146856317081,0.11850330394653377,-0.16503225602665067,0.15271312155752306,-0.8166599068004314,0.09521925346300983,0.18386564117119186,0.16550471618290066,0.3332338542817534
-0.22168666356022307,1.0679881835665712,-2.768968609162379,1.2292096230297263,0.5136975947438926,-0.16519725005556515,0.014201710949804342,-0.47375316993453537,-0.6720609761165462,-0.4462745647596732,0.0,-1.0398587988160761,-0.5629609221402215,0.49250123205187507,0.22470706356402012,0.15821695089011334,-3.633851217529185,-1.3352611398898386,-0.40010817382097263,-2.739854193286622,-1.8032922203324806,-0.4242659934418852
-0.12747435845457353,1.1857200119136089,-1.7904502457546807,1.848908733072998,0.5246108034824624,0.033553398933606295,-0.008942200256311757,-0.32387825352289346,0.7773599121663344,-0.19140323224824743,0.0,-0.6681312382682156,-0.2307636715248636,1.0945645031440752,0.9519656563195084,0.24892451087883066,2.3400248680334528,-0.9713533505111476,1.2297397505441263,-1.223450353663666,-0.6233384912207783,0.028920712886210242
0.12904361394626065,1.8527478099747818,-0.5922886994304605,2.327361027169433,0.8011852159609801,0.46760393561564184,0.051969465114598705,0.08562571104810707,1.6306145996264558,0.23537849834349261,0.0,-0.27577067522309023,0.38094405804933157,1.537387927320041,1.8451467978997513,0.31489065171877445,10.383487560965348,0.1367009574954115,1.9936954536139797,1.0778247283504894,0.9830894940456937,0.38640400101137806
-0.24601616307678165,1.0104846088562134,-1.7591742908932675,1.7449215059976841,0.46937581336905493,-0.019144657503236222,0.002536271612619696,-1.3559704429482777,0.7900924019306732,-0.22039986747068716,0.0,-0.5877350343327765,-0.3500720783985167,0.8630785349569471,0.508510673723638,0.2752439567176239,2.265100757371705,-1.092899915282571,0.7736754464376665,-2.224468842978058,-0.8417748530726802,-0.09384635906712635
-0.19410989863481,1.2880201256247883,-1.3957982920730523,1.8675063609237181,0.5440666889998057,-0.021322341331725895,0.002586144493570459,-1.3325973894185594,0.9860178169995032,-0.20422197223926883,0.0,-0.20684470642431957,-0.22875205820739908,1.2422005935173237,0.8227454335994612,0.23223488987292668,4.832788313797762,-0.860098207019281,1.3103681094912218,-1.4160470192086052,0.26157718863441703,0.014219684552339457
0.49694629665631895,2.2410112238693785,2.4622579172167356,1.9205529814575286,0.7048335996846459,0.1672851295523247,-0.03076638709605167,-0.4665418679519882,-0.11259853549623597,0.036656916510348914,0.0,0.03211350762285627,0.6854564111488817,1.2660776077816835,0.7480175112178116,0.18116227149565725,-0.8923180843780791,1.00591217627111,0.41809187125871417,-0.3141056863683413,5.417828944692774,0.4681236608036233
0.5943937937976889,2.019921548852861,2.087519486529647,1.6299575154933947,0.6701823652944029,0.16039425401310087,0.116206361204989,2.097075973345585,-0.012384394043596434,0.04716180938755564,0.0,0.02027652294956605,0.9868101003942183,1.786647734859346,0.5388664021368017,0.1842976275161275,-0.6778674046981137,1.1169350295550415,0.6334145142248693,-0.09615626785411568,3.1001022365766953,0.08314725641368997
0.6790758815290212,2.5770342300890774,2.3671744682614486,1.8264482552108738,0.7419255897787248,0.21411954112995693,0.18239575129601032,2.7556020002167445,0.10986329653876141,0.15075509895120812,0.0,0.022840519319098047,1.0084539827351435,1.432722507628311,0.8145187048825716,0.19388315745859538,-0.11830072919751121,1.4324717732204841,1.5485779400469777,0.2580500002719753,6.808838252066089,0.798860244516137
-0.3798507090725009,1.582905961983931,0.27274841166459934,-3.3525256019036105,0.3630523424655746,0.16522682056274912,0.004186241458808625,-0.24611982430617566,0.3092961591520846,1.371146490815219,0.0,-0.011496714684863815,0.6546389203349886,-0.9260321341332326,0.7307420459541335,0.513596439587894,-0.8321375116232202,-0.32695038899372525,1.723962073316939,0.3894707855458813,-1.8442809973849321,0.10950365520926583
-0.26175384274208846,1.653183076935087,0.27923609583117653,-5.954126238264118,0.36208602707867144,0.16799611969029532,0.0034731470760932795,-0.2966143947420893,-1.2784510057580627,1.1429831000191975,0.0,-0.002971295420598003,-0.1021414838338327,-0.9800814556445863,0.9243384961183391,0.322261582555793,-0.6883193729343522,-1.121356551979703,1.4205729290677689,0.4441771495164876,-2.225635604364781,0.1516539877451377
-0.28208480287676746,1.8761986253633647,0.2764400017492759,-4.182338233859086,0.33231740235273405,0.10781038564332839,-0.0029214422812330687,-0.30318751638283253,1.248490621598122,1.4449852456125105,0.0,-0.016335191770945386,1.3865863666704326,-1.0436960838218088,1.0756741978936033,0.5299341855482539,2.3165113341707486,-1.0241799921298163,1.8455079206845475,0.9704435116620067,-2.1499012555766654,0.2768161857000747
-0.3240400755045725,1.726824581603997,0.38629561932506407,-4.439955679729004,0.37529699771892405,0.1455465549889359,0.004318427829867249,-0.24002077982167114,1.2230215801551738,1.3725794133798783,0.0,-0.011038831212274117,-0.29495427411563513,-0.9223134004056761,0.9370604645923634,0.37074163453044573,-0.5113425224836886,-0.796706308628804,1.3674976397253833,0.6035210092388135,-2.176069506079204,0.4623919208415185
-0.562600632354323,-1.298630351652529,-4.411700418680806,-0.3011416432877578,0.09721317348208564,0.08803288064039025,0.002219984773360899,-0.6071225798111848,-0.3867327747540446,0.06639937913037275,0.0,0.01865350547027365,-0.9873487952526043,-1.6206021888773985,-4.4177916181813135,-1.4629491926765168,-2.9975207986752546,-1.8054556848126193,-1.9768687053827885,-2.3476353001146655,-2.477102141890796,-2.8279616311420703
-0.31200429029206234,-0.8076737302607349,-3.5769743088461974,0.20168416312864212,0.32931098975373174,0.19051698703555253,0.0017425228536581908,-0.5661810353932221,-0.3766767248885066,0.12419005777177701,0.0,0.033076348416115946,-0.9840482612876408,-1.6391856477266056,-4.6276797011925686,-1.3620753653823277,-2.9442473034209895,-1.8404030940637224,-1.5090901417450144,-0.7704697973421076,-2.1680663711102373,-2.0401188300577138
-0.23923627997007568,-0.501140264529631,-3.072787494962938,0.3924457643580115,0.44473537389722373,0.16616009777322943,0.001964133055572472,-0.5810981112576405,-0.30468801712185356,0.1541943018773611,0.0,0.03236741756450258,-0.7427783864291796,-1.3928974958866345,-4.382041185941914,-0.06855469534127019,-2.249201248939859,-1.4176386583305944,-0.740944456159637,-0.6502270951475962,-1.4139148513856086,-1.969263381171631
-0.26513988542949,-0.04956146336051791,-2.792521866940153,0.7063601889224016,0.49278962027129736,0.2551200955635885,-0.0008063029485504327,-0.5326282939264271,-0.12131426791818739,0.19053751487236215,0.0,0.03059500812011912,-0.5494101421633913,-1.264182938243941,-3.5844436484098763,0.3711784355612906,-0.7371362309209994,-0.572978940654966,-0.8752817900840206,-0.7128193810740862,-0.49770473187478026,-1.0928555134118456
-0.1750582598992858,0.4657995975263699,-2.108022085085626,0.8952322621522445,0.6717255750105208,0.28118576674163515,0.005232698669595988,-0.5772936297495261,0.16372270953957335,0.22807057772851877,0.0,0.028588828412341238,-0.5381437884526625,-1.189414661477438,-3.1446052543247314,-0.11493999636777981,1.4829106328872528,-0.2803285515633617,-0.6127410663420967,-0.5498429794841678,-0.12746017153157235,-0.9326827384399788
-0.08232703593094252,0.904492683824868,-1.5094488396935606,1.0522872434834607,0.709645371984304,0.2331606690721453,-0.011844900473485983,-0.6050174110047899,0.13829534362275814,0.22109977772545436,0.0,0.030728371125798116,-0.4523898450478754,-1.142767467969749,-2.4906771419988147,0.5298875858286671,4.816887204837772,0.12826621423542947,0.25275579392992925,0.5233707618342965,0.21222706671238262,-0.6271629801482357
-0.057304608047539805,1.0726087237239976,-0.9655729544344736,1.1429046638218783,0.5359191528816806,0.15588152022104435,-0.042933794507047596,-0.4766548496602884,0.14707359339873144,0.16672503853371265,0.0,0.026206351119422776,-0.36184108307128404,-1.2720764827527604,-2.5877507783027385,0.6257901728829037,6.374060860036138,-0.011623510983047196,-0.2113227095145958,0.7106655453093751,0.10092927787490244,-0.6596476625801769
0.1605041913534883,0.8962886452995268,1.2403588968882766,1.42323943502561,0.7080825620181671,0.21707037390602477,0.010869523392495386,-0.4000496162777674,0.042205513206912806,0.13383454625977806,0.0,0.03558629137086534,-0.017202025989667066,1.1149461866786838,0.00403405662037927,0.10614574051810327,-0.9852632057986027,0.7374806619257377,1.0781164688791118,1.2078616777484192,-0.3562854014983086,0.5130729444225879
-0.018920414767462857,0.9681041278186863,1.5418053326068846,1.684050668232688,0.6368410557749405,0.1591583636293831,0.04662370801424719,3.532746135043467,-0.3951019647737072,0.18817304247261665,0.0,0.030594014658907275,-0.09155335552525497,1.5421303079092625,0.18014723845561587,0.134628519693185,-0.6098158994965716,0.5882518359447089,2.9684241588980123,0.7156648762390845,-0.3116031199747669,0.20473383509594284
0.10994195685844496,0.42689007791832373,1.0209406389871865,1.407526476648794,0.6629791362806108,0.23594387350402365,0.054097970091045555,-0.805874210233277,0.3288483241040373,0.20165363448910187,0.0,0.018084124835642448,-0.10998494201396723,1.0829752664724983,-0.30122431235434866,0.09150728566331373,-1.0207224922891343,0.3486284053117532,-0.48152944663107583,-0.2890413686995425,-1.0116794290607587,0.23130449606736597
0.010293582143969122,0.9790113821521254,1.9351207218304096,1.376622217932289,0.5750839274487143,0.1836118589518262,0.03035844043343775,0.033636114532942275,-0.5476028835551168,0.1369107892272745,0.0,0.030202975963547606,-0.11894647956384148,1.4595748176969183,0.039938901618706925,0.18964495578565096,-0.8416166480874118,0.5428477366257717,-1.733145151707922,0.816089119855399,-0.6180907718800451,0.2565728585452706
-0.11543419590549021,-0.6473803086557895,0.40308206339511726,1.0086027344817816,0.4107601068098659,0.23438352099822365,0.019264789483815464,-0.7517898848868669,-1.4406107807132194,0.22162668221890786,0.0,-0.03226263257886828,-0.1591849340376877,0.7674882532645854,-0.42794868887597004,0.0682683254517493,-2.217015590284429,-0.4980653050914977,-1.4342798479517247,-4.0742991765919525,-2.3395743630033388,-0.6249003015772169
-0.3947326529638,2.422573494982913,-0.5341794939215034,-13.619244260196648,0.31098778268130317,0.11152525591488614,-0.00038171229534705387,-0.3155423101572589,-0.25485927471296294,-1.8800396037833538,0.0,-0.002096117864647585,-0.8963412946041702,-1.6346094417808907,-1.473029252400162,-1.1588491449993952,-1.1544588044002468,-4.440915166916215,-1.6425527331691827,-1.1800159356813364,2.390960185186573,0.09439294703124675
-0.1415498707567017,-1.9460730516034765,-0.3562040362282301,-15.568418343395875,0.28176620568312744,0.11902015715622884,0.0019712271037623133,-0.3982717450410198,-0.4311837808576121,-2.9479384365372394,0.0,-0.010303629620954184,-0.8756285496683761,-1.6782336630191665,-1.4415863531003137,-1.4133847511821973,-1.1964106758799369,-5.399977835761855,-2.8580898750936528,-1.1631691525853916,-2.477676380041187,-0.005945993620119736
-0.23264016437883372,-2.033345364554056,-0.49260431157530504,-15.931426517647774,0.26415975858632135,0.11725532277820909,0.0021329320249960575,-0.3541876597677935,-0.4489388853871818,-2.716186525736674,0.0,-0.015015751803274325,-1.0483052850532553,-1.5574582361257383,-1.4771232911033876,-1.3654348329167145,-1.320050341418452,-5.602736406524048,-2.7291304487583683,-0.5024229074711845,-0.8105314138911419,0.041677796673454545
-0.9388121153393914,-1.9851015675959842,-0.5140863794407229,-17.142942514151876,0.2863943966401543,0.0759375148566473,0.003270411747482685,-0.3561294963386251,-0.654225562753229,-2.380936874145866,0.0,-0.012762501704413084,-0.6479463097071594,-1.4531004276128605,-1.2725115191441683,-1.2627644819676909,-1.2480412440482922,-6.0745247656993975,-2.1245798973368593,-0.28148511565329537,6.364240661973346,0.10959725337199913
-0.8251064438636705,-1.9486470586137585,-0.5344578987157383,-17.24709306769374,0.26750790941123004,0.07044673034158636,0.0033019846024497307,-0.3491675682048177,-0.6424611233237348,-2.4032751750198753,0.0,-0.013197363427174069,-0.6525395874531308,-1.5892225513088707,-1.2448201864930666,-1.2777317406197333,-1.28091451361379,-6.187831538414127,-2.31796085200443,-0.057434902727504275,6.108570593514835,0.1154328195768382
-0.16258353198022749,-1.9201573996956072,-0.46877477379033944,-16.740836924883855,0.2671838145852972,0.12107368770129194,0.00043932491660988787,-0.6468314610304462,-0.5022004865731898,-2.3027690276367756,0.0,-0.012313401782233082,-0.9222359583676212,-1.7326956393048634,-1.4931059025685132,-1.3847754889390305,-1.2610658596978799,-5.684646444645329,-2.4355852788130754,-0.8163443559402215,-0.9217500318104358,0.11055660620631369
-0.18702173560590946,-2.2738824382943865,-0.47494251294502854,-17.075823068990506,0.29112040000614825,0.09288021030230052,0.00042682150862056794,-0.829873825116116,-0.6363165648893295,-2.371867013781336,0.0,-0.012156463187658537,-0.9544127599630547,-1.7916239119988777,-1.538731475134495,-1.4185818044208083,-1.0092958622878354,-5.885673269032189,-2.572397532717646,-1.1314707090212768,-1.4525895048107826,0.07109848632995878
-0.20137512780923322,-2.209497923724204,-0.43394531658178903,-17.532208743348875,0.28941587466269253,0.11244752353337183,0.0002444454065842288,-0.8306165077175741,-0.5577881862339774,-2.3198201302455748,0.0,-0.015022441817670124,-0.9059857936904191,-1.8634441772483168,-1.4264725476331472,-1.4469082726028075,-0.31014322252610826,-5.868630315781889,-2.5292345868768997,-1.1785040484662959,-1.2396980559215405,0.08195302057346837
-0.16355666352759646,-2.09846855959995,-0.16227635597314644,-18.08638450676945,0.3485793650959192,0.1046297119136495,0.0020226558056625843,-0.901305281099333,-0.5224040938407485,-2.384182374357871,0.0,-0.014125820959856521,-0.7263825486589368,-1.934228053531388,-1.338490819677646,-1.4488381292476216,1.648593325993843,-6.119926575861172,-1.9069233890797093,-0.5372853453224454,-1.1200231506167517,0.07212907526433955
-0.21949869541616038,-0.44893382579126245,1.0671539577842533,-16.602497933958016,0.29238777977981917,0.08698772501604758,4.164772776669556e-05,-0.8840476325274075,-0.26968199023934863,-2.2973769187805977,0.0,-0.009173859658275189,-0.8883137033849555,-2.0403663600958284,-0.1438135668113535,-1.3371160055564961,-0.8730750094148848,-5.143873576794797,-1.4933958929907964,-1.4047487588628318,2.2275578888708862,0.025391197054017073
-0.28707493691818414,-0.2140786590024266,0.681191390810795,-15.013453118539385,0.2981035996684896,0.0733273921550611,0.0010322536129575778,-0.9103628784880982,-0.6029878786334445,-2.524391546823572,0.0,-0.00743741878073244,-0.7557248957560075,-2.1234818760478604,-0.14822522175830338,-1.4048097071779109,0.33239743095536955,-5.128807856639938,1.1629699681817631,-1.4443020034354206,1.2128520035553287,0.09978642501127843
-0.19097829939914637,-0.2160840552982085,0.5840013009051154,-16.07822465231879,0.2704393555196862,0.08090721369457084,0.0003026119995238508,-0.9394596431762998,-0.6099232926020638,-2.4413970144911357,0.0,-0.014042036591272365,-0.5194462821096744,-2.269375280102494,-0.16800476792461047,-1.1952957745621118,1.3578807183053405,-5.430170879498007,1.3574816240841414,-1.2025166922086012,1.6755661037268377,0.0777802079969592
-0.21244123858253056,0.29340444499272295,0.6616289434033467,-14.443494623553256,0.23211348759201145,0.06836221192018442,-0.001489789146889946,-0.7022338926336691,-0.5063012043024963,-2.070255478201691,0.0,-0.008728225285117856,-0.4664674007686597,-2.183947089105556,-0.2389891764114258,-1.124856637242928,2.829835848580481,-4.568693609782622,1.0330480956791974,-0.644746614337593,0.9595880832757413,0.16557632986054394
0.2331284709669656,1.133365704967117,0.2438263252291649,1.3143933311733818,-1.0351689892754161,0.43154227051450517,-0.003899496144587984,-0.34973537600777366,-0.36261112121289807,0.0024363036854396806,0.0,0.05482881046376056,2.0075888991529656,-0.3430572654073095,1.2870921223584242,0.20763996736159349,-1.5718724153526407,0.3836965490922895,3.4352826946162422,1.978101840609004,-1.8379184347930282,0.5250652739526022
0.1375873130579063,1.7177724179026492,0.5305991545096688,1.7769213054033526,-0.90556715697661,0.7088887918058655,-0.0027434270338901456,-0.18458861739499727,1.3660175152668212,0.05399281194980658,0.0,0.04960375899841357,2.293712840863241,-0.49701251623515563,1.6745662111739188,0.32292995239962574,3.1360577720152816,0.5860175635896003,4.121048910262468,1.902939729857036,-1.5281934317202208,0.6186615662550192
0.15968704564915245,2.006252706722452,2.350348728540489,1.4010429813950764,0.5997989937108978,0.24017050579054006,0.003125755285447256,-0.4033993053719947,-0.38532693477503166,0.13459983295244732,0.0,0.061585477712921104,0.25534766410806414,0.9718043120383517,0.9173397063245974,0.20937105111541793,-1.998969246296395,3.0510719673406537,0.38429125762969385,-0.5048870396576577,-2.781843474185803,0.7566694799204957
0.043591874432534254,2.4772906980260423,2.3276844617569012,1.7143476391742045,0.7181961592079282,0.15987126504009883,0.017431117800860204,-0.23386011679313246,0.8548243888915324,0.19122255191627563,0.0,0.06410445284744322,0.5100187916668617,1.261351736726179,1.463565905976532,0.21663970988464407,-0.6413347060597131,4.011720900928723,1.5110470406529568,1.2848064163556578,3.9554134584174667,0.5162577190997155
0.17326937046993668,2.889371964356828,1.9604215926317878,1.9681167283580152,0.6834373477640749,0.25253920894624937,0.010691800256016305,-0.1320014136394747,1.0968950673929485,0.23048831149141247,0.0,0.02890126925570409,0.7107449045665393,1.4973877450590407,1.5438330154511872,0.4909503692600525,4.292426349275591,4.199453705251453,1.733151111494117,2.585993599775549,1.7761924909155822,0.6727229276171058
0.252760575510036,2.0984693855228227,3.313297119984183,1.678518710290301,0.7233306358494542,0.1865414815425441,0.014376499746568863,-0.20607115643786078,1.0233677251301778,0.19499798538975752,0.0,0.10835388324665236,0.6529390895790677,1.4921937318351752,1.5998168594254,0.2678598852275285,-0.6852150201363083,4.607762352626312,1.6002902615635735,0.6762509718225025,2.9410565648437603,0.7973979233884022
-0.03243521035597057,1.6915500174362124,1.053739635712539,1.2091085650745657,0.6755115486706182,0.2197150685642063,0.026409603710295146,-0.5568765987243779,-0.18057023269263062,-0.30982932397469126,0.0,0.044570087864877726,-0.23022990866603657,0.40023304426798983,0.2821754235578345,0.10825055624436758,-1.402484014491964,0.6400941092674741,-1.3450312145971852,0.2525576792875257,-1.1322453797372094,-0.34154699046871834
-0.15289665762290786,1.2513691593872232,0.8169959829345342,1.5300721112187268,0.5464738500988171,0.13210260216668032,0.01500592674341767,-0.839084500589595,-0.393395256235366,-0.5771212019102111,0.0,0.022944271834976195,-0.09293868274427625,0.5324101553898939,0.43933808624650267,0.18779116621708167,1.9985236949274365,0.31809673305303676,0.2755956329751655,0.002418757610432723,-1.1697130057467648,-0.25835136000488096
-0.6020620737154107,-0.7156381765958695,-4.409029731222932,0.6813895936839357,0.1896128484454791,0.10447137266974495,0.00034382266890909394,-0.6571493200997659,-0.45452354136474454,0.10986162228176047,0.0,0.027447647313676653,0.17915811250484176,0.7971946390608641,-4.005220257644967,0.29775086605169215,-3.2239950959904404,0.7165269778509882,-0.8284604502669289,-1.5650120115044568,-1.2389240044215788,-2.75892037375506
-0.18203498195300755,0.14243493395098084,-2.4486019849518423,0.9606471574437776,0.4317646829882193,0.0893689772317424,-0.020998332345581038,-0.8554402181912473,-0.12097142789274189,0.19530700468262768,0.0,0.013228316552599194,0.1575340443479016,1.2071900173348722,-2.715021098037469,0.42340621348360213,4.8754720029192145,1.1187193292144408,0.33311134022153155,-1.406270952043952,-0.702980106708119,-1.6866814522977738
-0.014692915476508474,0.9300355469778088,-1.7504152477706614,1.5643204301390852,0.4564335401359879,0.0660247441115349,-0.02643659955094329,-0.690640644981281,-0.20206270776053253,0.1832778729999407,0.0,0.03601028938348231,0.07985359556186801,1.485746404530649,-2.318764095255072,0.2902151069830202,4.50872989559369,2.267141552577716,0.23473142764684796,0.5874110779223027,0.47598878780600157,-0.42265159562515786
0.005707119228017719,1.000355603379037,-1.6847808423726482,1.6074706087789663,0.45885301435626125,0.07224040835389668,-0.026220435821098217,-0.6538982603680761,-0.15931316848181162,0.2009266111323893,0.0,0.037913338992505465,0.10936276861858162,1.5463536523848573,-2.0499319287646967,0.29996882592599977,4.789842361533855,2.373845562209483,0.28192922566341033,1.1021783539107572,0.6474284651007326,-0.38304381781063035
0.3328910120693798,0.3745428764013756,2.101329001411616,2.3140951659866325,0.6397801605220407,0.10280308594403745,0.007459045839578964,-0.22897220598409374,-0.9763709829471016,0.19788332600765202,0.0,0.019141937419095447,0.18974731117433494,-0.7427617188314009,1.528831152395757,-0.32498144593658157,-0.9907909925123863,1.9905836582408072,0.3697347603692842,0.004750478656646408,10.275121793585543,0.09572904613758568
0.33592888151097516,0.46871437295476387,1.7996477140865241,1.8513327417990704,0.680390199183111,0.2531273886106027,0.007455085304300011,-0.35646239621116516,-0.3123940744069129,0.23689232798064205,0.0,0.15502674594744995,0.1222235715298148,-0.7569106249030563,1.1583841721672326,-0.18327304839888228,-1.1129657634955155,2.3163175583689766,-0.057170996479660174,0.3701425071741759,-1.4690532498851054,0.3048053531124203
0.4085192037011748,0.4674983469537685,1.7575526027223314,1.909592310295698,0.7419126356707941,0.2735497021789031,0.009845197295499817,-0.34564387169382454,-0.33842152870961195,0.20663321331120915,0.0,-0.01835239351546782,0.10033173093568959,-0.7291047628462828,1.2368641787107146,-0.20306997641095467,-0.7458162530023887,2.5257457712599614,0.7205953324408326,0.030388453647110028,-1.3127919276082105,0.028980500612795623
0.2886049163861194,0.1190684784268618,1.5460890378049255,1.74444464617791,0.6629324176261849,0.24553301774314368,0.005412218543940125,-0.38444518102875364,-0.6098316802537105,0.13382149677655525,0.0,-0.028665419480524562,0.07332680060941624,-0.9160247142416511,0.9898506935038077,-0.19804929791180093,-1.12498427237726,1.9267058321978323,-0.4950817176989807,-0.41089680018705366,-2.3182264866332294,-0.16912552003397024
-0.24164534275358443,-1.223053782983675,-0.10929494679286636,1.0453817503207155,0.44568255244692856,0.19522626340127455,0.007721310124711957,-0.4337979279271679,-0.21718026165922438,0.15557223143197735,0.0,0.027199263564271773,0.461896858261162,0.8022903257502195,-1.45353467474213,0.2114734490588376,-1.2930680587480232,2.151676687544005,1.4236968083492973,-0.2641620341790522,2.6362011099677045,-0.43083711448554357
-0.023102707529652614,-2.231928293776322,0.41582327717271106,1.2842066459528523,0.48082743477349943,0.2256194265703263,0.032822157122480364,-0.7137771573134537,0.23838045898717714,0.16887912972937402,0.0,0.0082048863237953,0.7518489095857747,0.840783686473466,-0.7306235497121614,0.18235844567270287,2.997258402282681,0.9991294163731912,0.2721612437102574,-0.27758152598090496,0.25303178108921437,0.28182839844275276
-0.007584959636431287,-2.3372357774933414,0.4296602075888038,1.2103209232721264,0.5168850645557103,0.2358865789338424,0.033891098144787885,-0.7072435993343232,0.14609140067659482,0.1777371921491384,0.0,0.008294626659915781,0.7372702538524573,0.9255199950766664,-0.6325666983919181,0.16887713882682467,2.383867092822018,1.2020224605250645,0.32527672980642813,-0.28823291921150845,0.6327554973515941,0.2677911597753373
-0.001160947514078036,-2.483480570897164,0.22529199264730035,1.477674676904177,0.6038377131554937,0.2111723257826734,-0.008716098388609287,-0.5786230617503815,0.3763786449305593,0.1441463146538068,0.0,-0.0039671728075274465,0.5827099128845171,0.9270381144708855,-0.679552975200572,0.19978097265592648,4.413455931052237,1.1252512549387066,0.6661617482740143,1.0633851809714687,0.5797862414191431,0.3778952677672157
0.19243856557416716,3.089283413446211,2.6046511253302747,1.2565481738515862,0.6633625397878757,0.2177954971664119,0.017369978528483095,-0.5162070091559887,-0.12585316797545898,0.18763256280880233,0.0,0.05235178624570428,-0.09450878164888403,1.372122129797507,0.6692569339652709,0.1767903504956577,-1.4127681026132681,0.47560962693247355,-0.17837656692697623,0.7084964153690402,-1.986917821333611,0.3346958163045075
0.11938126135436862,2.9098134254605994,1.9215315207210861,1.479101912873558,0.5550293108085878,0.17668651963584606,0.00502601795983629,-0.7356049633378245,-0.3967261837625702,0.1919112895485363,0.0,0.01899833048094415,0.01838631792412279,1.6117085404758564,0.5984820877561864,0.265693909945644,3.0839921870490974,0.3380810622095195,-0.4149904754935093,-0.41000462025081,-2.82501443448832,0.3773794490789897
0.07579939230427082,2.715359489920049,1.6026974383137151,1.9002625413734626,0.6848778062566029,0.1619867696048648,0.04011535946253886,5.256264936082537,-0.15414002297863463,0.1959787526747359,0.0,0.0032818723754860914,0.07476395653987382,1.8521862802731897,0.77717378352265,0.2542933494264281,4.67778259801958,0.8214105201323113,5.27874943718836,-0.3796296560906867,-2.753145498419239,0.5245673599676834
0.035601444789128384,2.682849607881554,1.5230574498769645,1.8192329674120942,0.6475679580222824,0.13582041590769442,0.04550755237682486,4.594780387491079,-0.2092879526158307,0.19058631344950638,0.0,0.006706737866275174,0.02505465398299144,1.7364317667454312,0.8079763871101697,0.25479960804209983,4.228268669316663,0.5123574366043026,2.5648145931413215,-0.05748198596504579,-2.7720076125974646,0.5329360671117638
0.06928189263005208,2.242177655483025,1.2048018089059462,1.288877148507476,0.8116075459252335,0.2466478965373223,0.01571807352406586,-0.4456448825267454,-0.05866094658499578,0.1331305205468466,0.0,0.05477349274865989,-0.07092700558196594,1.0960610440123,0.08337531309899254,0.1374488295287234,-1.48115317269926,0.26114599032164965,0.5428720966873576,0.4320003716557252,-0.7261439872449978,0.22888478047455604
-0.12506790499142123,2.325251347074392,1.1591697953604914,1.6345975513793822,0.6200699092665428,0.1536687054903128,0.04496909092740454,2.8829509191323788,-0.430768712761528,0.19354048327119924,0.0,0.03063755263116217,-0.17245872015901004,1.5806310338629734,0.4184145729230602,0.1753227997618167,0.8565276884262835,0.22911659694917222,3.0078120045355625,0.04206582747393003,-0.6501241996470289,0.10579812504279477
0.06884336477328117,2.056661748999867,1.608067455225758,1.3539102639580465,0.6619803131654142,0.3697389660707809,0.003213729891717916,-0.488167263045718,-0.9326804775675266,0.1958170613285286,0.0,-0.007147776186280999,-0.07838328824863607,1.18498929931821,0.3521567960900074,0.2087858012121978,-1.2809619432749368,0.33861236861280264,0.7988190740556662,-0.7861779816353611,-1.3931406027809445,0.48173755598691903
-0.08272995427009087,2.1255765592087625,0.8297329171479112,0.9332412968555004,0.4648484112629293,0.26562179868215613,0.011537974793604447,-0.7657321109463227,-1.1267717240679713,0.13643519646402982,0.0,0.007212468129538515,-0.25811432860323946,0.720714513125081,-0.1183156164959425,0.1445612869951367,-1.8758492998166116,-0.6044258095207855,-2.1038140467114843,-3.9792189149680577,-1.952897464756694,-1.0614176865576033
0.41095514237744835,2.33008603061189,0.8905002413115011,1.5574067366508781,0.7954913780322566,0.23509421564015476,0.007613889772756365,-0.24356884759315828,-0.7392915803978124,0.13865299437400905,0.0,0.04097266553742633,0.3831781388701117,1.271174061083505,1.751566024358665,-0.379951796397134,-0.7343796264883888,3.393625651069883,1.3239489495960526,1.6029390149095173,9.57148492923851,0.6827762533916044
0.4424831885111083,2.6460085173668677,0.8532148748961798,1.9485567863998001,0.7471366181090817,0.2500740658419582,0.0049406128753926755,-0.3356614955610658,0.7095557221819724,0.1947546645929701,0.0,0.04013376535002188,0.4654092559754272,1.4412255105069813,1.1474932663991266,-0.2491186156766934,-0.3239003589981906,3.9076957827425303,2.0587534368235088,1.6666973486756314,11.051400851886498,0.8698726670505779
-0.19111085799914837,1.0973555077697719,-0.08493277401922435,1.164289453885162,0.6129583143705447,0.19633131835926573,-0.020709779721144864,-0.48528754637620847,-0.35370836006988227,0.22242899173133607,0.0,0.02258626931122475,0.07978359436625168,1.1135266659380552,-1.2640059776691979,0.18460772681826126,-2.1679120828355427,0.5488598570273813,-0.278923929620447,-0.09843457106324376,0.10350350241909251,-1.3269458566724377
-0.1958066170305096,1.4527052507425224,-0.08074096021382407,1.7059476764045733,0.5259536294979054,0.13346205515592857,-0.033613293489270696,-0.5578302689367839,0.42614046503426006,0.1705886134932273,0.0,0.024790297255621412,0.04309053072481516,1.3480816281644823,-1.0994823836463306,0.23688130911517963,3.712186351638375,0.5972663226750466,1.0357551416267832,-0.6065632761841566,0.6294897551584534,-0.44277576123653295
-0.12453684142975793,1.6293018013116551,-0.22042188092242232,1.7854338424040772,0.5701763184243888,0.1878353103995707,-0.1036551715452353,-0.9093605135007031,0.4197100430471703,0.1361797492534526,0.0,-0.005941506693282626,-0.028145117924586988,1.379836438404941,-1.0139353352974523,0.2386303229734263,5.169498847522739,0.6162751106717765,0.6941866809969788,-0.3528461142562827,-0.07093426023427567,-0.13029525765643418
-0.10818049352594208,1.7277228986669873,-0.11064370694224211,1.8326336449133465,0.6245795227885648,0.16729951176480784,0.16472014253957118,-0.858844331855889,0.5203018881173008,0.1545626957956096,0.0,-0.011743622439081253,0.0020504783729984235,1.5430749383780884,-0.7409357026265678,0.23777794048110618,5.811699791385004,0.6580520788173013,0.8375772035415945,-0.36640956649791634,-0.26581803648784724,0.34654519076310575
-0.10285763571464732,1.7210962475742673,-0.13386536641548247,1.7984580289865277,0.671718787603838,0.19549446983476837,0.11498081078665344,-0.8561385369663067,0.5490411842416741,0.14139242150428075,0.0,-0.012146717209325327,-0.10964358233631277,1.3625918972589384,-0.7490739966696928,0.26045413667089007,5.645344577611828,0.5997480218408886,0.6506403843543863,0.3440713702948537,-0.5158266093663519,0.12450057206431778
-0.08031806859689958,1.7089663870641598,-0.12955847486594832,1.8672359995129348,0.684276275667854,0.21490574397226037,0.10521330843089628,-0.8885563629129324,0.6362548441397728,0.14568267614514005,0.0,-0.01005742631677979,-0.10663967110871891,1.4931773670490731,-0.8812426009956201,0.2653832759439611,6.083367177170585,0.6523934359321609,0.8915040162470974,0.5152749578790946,0.14621644939946027,0.1888041561923126
0.1195997726776224,0.8127463330338183,-2.084378938663545,1.233829532529377,0.5454697538064409,0.13759716083840723,-0.02763376271377418,-0.5736138718236597,-0.6235459349151224,0.1696807579220532,0.0,0.026278218760381063,-0.5020418485850294,1.2138279210866902,-1.3744582704102255,-0.5353581234784917,-2.060735786929871,-0.020386303441364387,-1.2432736683644556,-1.628403212104843,-0.8001838394228903,-0.43845142385164
0.3527776744077092,1.4178335824194555,-0.8415463493577593,2.0469146250100057,0.6159074245876184,0.16625303002260358,-0.0034566054921269067,-0.4815137953940481,1.4609810476305025,0.171458462466406,0.0,0.08446749291342223,0.1832503162191396,1.61979122263154,0.030861362030552154,0.09351489145984408,4.758863792506827,1.6672701033046162,0.59143158191709,0.7511604688895931,-1.722696235889492,0.05687904033294886
0.10805406817955149,0.7439789153186446,-1.495825031331994,1.8256041644056056,0.5225817826766723,0.17187419412176252,-0.017536740761445707,-0.7027291583757572,-1.9738188621602641,0.19785020357964916,0.0,0.03291829284011433,-0.05810291315617952,1.4475054886483303,-0.12956328550983018,0.03900088278204759,3.5137003708852297,1.3228865043614109,-0.2937181448888975,-1.6557461572248124,-1.843246554714359,-0.04585255372557957
0.23803542281960494,1.785536487570819,-0.5918326050548897,2.1578408383519614,0.46287262159873244,0.19841882828243015,0.02668191969945519,4.967212881808337,1.4127224727666199,0.20526785085282429,0.0,0.0027400505067540232,0.35520908217089137,1.6990441006486499,0.5334893269224555,0.33020079129182056,6.91553139759071,1.1472483702879575,0.9104279812119039,-0.4464964256041965,-1.6991825010382866,0.26200257326531134
0.15007458867169185,0.7703588884097092,-2.8489528129786743,1.291384195337512,0.5407263803411338,0.15761301477313053,-0.009712876639651044,-0.5593896688954425,-0.6254681196229285,0.19053301308367301,0.0,0.014455838841228471,-0.1430728714376378,1.3786145990555894,-1.4342650591177528,-0.6643133549796353,-2.211603247758641,0.8124311453086104,-0.5567819721821464,-0.6300434998169804,-0.2437350184164514,-0.09366669602655137
0.39194857339133465,1.3503659729529396,-1.134353227023869,2.1889664296632545,0.6454811646612938,0.11653747075641079,0.003168641536385069,-0.3699225024316885,1.750895253600411,0.20184872645312973,0.0,0.06395741792156365,0.3849351070503379,1.8728145567240153,0.8074524782307396,0.06499031497818676,5.964591136336949,1.9375451522235803,1.0373488413081506,0.892330240582778,0.2824476887973107,0.20372402823684144
0.2773497795532763,0.6170096386756251,-1.7901704907300948,1.8865646062185222,0.4638268414958563,0.10259121394913766,-0.0023140507138823775,-0.7696431246681481,-2.048603981657868,0.1640014081806473,0.0,0.019131592956051012,0.007774024875684686,1.6508934889447895,0.19870983358403196,-0.09621943195720975,4.260668593998718,1.5172078061330396,0.34952777068205243,-1.5827930172695954,0.4042360728742489,0.20198289082495624
0.3524911386581097,1.7401080652450995,-0.677868915859629,2.2720268473337115,0.4931088339621071,0.14893313622573537,0.018467017692683742,5.688431422229515,1.7219448992482982,0.1744838483073272,0.0,0.000548393977159496,0.5559017439936385,2.135780934714604,0.8727598432213977,0.3612904363215115,8.20175037665896,1.3764446987563281,1.6852004388516693,0.3590321890772275,1.0873082430855032,0.4713508742488664
0.2481342019052317,1.1908406831782383,-2.4458614481539858,1.5819805431760297,0.5829369526069662,0.14475453968525395,-0.010235271272409713,-0.48290630352207575,-1.3465656700789592,0.18791849059425367,0.0,0.02552270685092061,-0.15456698891650222,1.2367396539071396,-1.4448510982981395,-0.43522344451633577,-1.5769534020317435,1.7954789497124515,-0.0028719696406060997,-0.5827604320260052,7.494942959808169,0.18779381298189493
0.4172218023284082,1.6800156261594343,-1.3246732031423365,2.397015324269716,0.5883663556764659,0.10108987661105191,-0.0005845671295939624,-0.3421387632624247,3.1851359594116473,0.20052069653231647,0.0,0.04262053618404074,0.34645307070975506,1.5314418776904613,1.2018510997818073,0.1596302134438468,5.148780224686637,2.564723790319829,1.4009197300473897,0.12606857699475568,9.09493306833685,0.3732571702998627
0.3710976224923751,1.0206161805317244,-1.8415982424355524,2.0780955466684676,0.5302859062104418,0.1083711930247596,-0.002730637105544783,-0.6285053575219859,-2.8776399144345466,0.15591979097020786,0.0,0.0237739507891315,-0.04838215402674875,1.265836479910458,0.5846288629817064,-0.027556235512675397,3.5028299059593464,1.842690745454502,0.5988611070740886,-0.7017346227595653,7.103311794683815,0.26041254299541544
0.5010515556901791,2.217524382549515,-0.9125651111917553,2.48195046301143,0.5493406325285803,0.1406806373152098,0.031067256303535077,4.739386763151723,2.189449310825855,0.16389839753310237,0.0,0.0038983256740948357,0.4013429434616075,1.7922850872040141,1.2677156569799901,0.36241903200608117,7.051511073358144,1.4928796810123015,1.9885203089069774,1.216870055629228,7.799381754734283,0.5712462592657486
-0.570629244092374,-5.449657467642299,-3.858026652336243,0.2399299377981391,0.14916858084979384,0.08774349716719626,0.0056522981589048095,-0.7754474052298908,-0.6185184815643763,0.16951512952852277,0.0,0.006556346134690271,-0.17073220053551127,0.570204073239936,-2.4972694670894233,0.14634406585443407,-1.493417922245928,-1.0937111096507937,-3.5444254294517914,-1.3476434563532622,-8.455620812144321,0.05972518555444364
-0.15178433017343482,-2.9071119433811172,-2.4950789495435597,0.8411651576937602,0.40260218765788236,0.19049434519053512,0.004614436487083706,-0.5911723906926007,-0.9492764011847279,0.1482152905147468,0.0,-0.0009638510598197381,-0.13091964191409472,0.48439311782131095,-1.703783531478481,0.16885680912437914,-1.2953297312862357,0.6814770312729044,0.07437033360667376,-1.5145756330850733,-0.18651536651187656,-0.2129534731083473
0.06096128611388684,-3.0131883720098482,-2.826230671488848,0.770781505704146,0.4266621259925926,0.19145076650885723,0.006852501040988973,-0.6200934660967785,-0.596065752643806,0.13741082449863595,0.0,0.008426697943093569,0.03247597329858905,0.7237673530930459,-1.5554408298321805,0.21343725882615275,-0.8485548107499084,0.6533566629795903,-2.074404561936762,-0.2715952974605251,1.5595214178938277,0.39123585427513596
-0.1647377047867487,-3.298916387101606,-3.2817402828390705,0.6481040442276506,0.3353711739715542,0.171489538586163,0.006649223312695162,-0.6524105491143828,-0.5261529579079092,0.22915792841518284,0.0,0.010981836101538509,-0.09669221305420021,0.49630482253774827,-1.511814847767135,0.19600080401116146,-0.987360460759253,-0.45372285962393705,-2.721438819144806,-0.5559474572292714,0.5967721283522898,-0.0884474942377607
0.09491052135838966,-3.1344510348665136,-3.1934267087688046,0.8221810663787394,0.44414907319119906,0.21231200585544285,0.008729094188666171,-0.5989234692374306,-0.8068261321765692,0.14585110923890066,0.0,0.011853489927378185,0.02125284922180976,0.7203390426712625,-1.5987206463636878,0.19595855366699494,-0.801035949347374,0.848501094332178,-1.7263827112329897,-0.27799971413709434,1.8580706408509313,-0.050796708801511575
-0.21896719034029005,-5.110315545356652,-3.7148594362371097,0.3238652119766533,0.19195053069172233,0.11102254695885479,0.004367377005738875,-0.7961480263720557,-0.6818388891676205,0.10330628726914169,0.0,0.007525183710122176,-0.14654297499625335,0.6188770379607904,-2.416242770178822,0.13798910566111663,-1.3584915293656055,0.3022335147034522,-3.572384877492002,-0.5790101351790423,-7.561628246165013,0.04191829086269147
-0.20147156254455012,-3.445145860850375,-2.9872851174363135,0.6645704364441403,0.4033973423718409,0.15820113754548276,0.023133937762768536,-0.6552786826866732,-0.7679653203125161,0.18471467080590576,0.0,0.0419733426139891,-0.16133103849902267,0.6953245315230939,-1.6201720070289807,0.1910816400073511,-1.9858636733303643,-0.9933497636577151,-4.7134054250385,-0.9581511921149117,0.6875982878275541,-0.9259272174523817
-0.5694436460472919,-5.209178421183683,-3.030270041403443,0.4698172951846402,0.25362259905338913,0.01856410819262471,0.008392819765822991,-0.6987855816353223,-0.9938058481787791,0.1089886102083344,0.0,0.042131659357720626,-0.45214993463217124,0.6006759966197744,-2.6682973748086125,0.13743464851172463,-2.2486498211672252,-0.15789608743254815,-2.3353479099605328,-0.283404896004626,-8.185035929642924,-1.0995597788470264
-0.09691445031761137,-3.1728640553660132,-2.575490211093578,0.8219419320839153,0.40135430094830377,0.07954164986237168,0.0047533266619092865,-0.6531209865633985,-0.7728448708058459,0.0960635585810679,0.0,0.0404335744826886,-0.3003700491745531,0.6674656886363589,-1.6291559367768615,0.20506666817576844,-1.6961038897012248,0.8643827577176002,-2.908554960656487,-0.3410116577673927,0.909680626442089,-0.6500845494193146
-0.10835716582156804,-4.83596777111506,-1.052561813542718,-0.0853331674665176,0.2679430765515556,0.1703969544511127,0.005777775203157015,-0.6832004930021272,-0.1792786858176392,0.12634483503468075,0.0,0.008142653020999332,-0.15283541885985885,-0.9799803040882457,-1.8145957682771752,-0.5117724431288745,-1.726880689774952,-1.1041543353170202,-3.5136007770279116,-1.03057805390548,-9.495129278990817,0.24511233782420114
0.08455512443083228,-2.2818181120317687,-0.10187714172386125,0.9121153270953019,0.6104781952345408,0.3644733648307614,0.009325553095190215,-0.4494796506991669,-0.030586191536053634,0.17470133825951392,0.0,0.006646720955585073,0.023036013415371537,-0.5394487883987534,-0.5534888527334537,-0.10546035344753826,-0.9608501102830281,0.8852762993108833,1.6296502394191745,-0.4140797156249735,0.4661113040299131,0.34517290235125647
-0.11455565486692203,-2.6157430175225906,-0.5513201328325066,0.603395222817106,0.5065203912850412,0.2708468923398519,0.013157944616387016,-0.5402843881322645,-0.07329867804930798,0.1547293922777651,0.0,0.01162044710242352,-0.043471894304738815,-0.5902343928751886,-0.8092996289542529,-0.11412149122718271,-1.2109572154093207,0.7114920035151636,-3.4035791245914493,-0.0999237952690232,1.7247636308218985,0.2292549552089543
-0.07074604111701058,-2.409490607585122,-0.8052056882466936,0.3501744274875455,0.45427882354555316,0.20758438933053988,0.007929316059438104,-0.6457820831550776,-0.31204795461504214,0.30134689405483805,0.0,0.012116472243685951,-0.10005356288302472,-0.7776868963016682,-0.777049956964001,-0.21845241636849144,-1.3585292686446724,-1.0477485515348088,-3.3575089661012254,-0.17899157954788716,0.8264830327656119,-0.7230583164726445
-0.11123816860026516,-2.522992349444137,-0.6209105986017853,0.6993428633350801,0.5454996022795192,0.271299782547691,0.011165689557560756,-0.5640075974387329,-0.0254731605705374,0.29128830539554673,0.0,0.017792109690016652,-0.06838339101438332,-0.8817488378992441,-0.8870843842086479,-0.22801865086027395,-1.2206261158414886,1.1376199545149837,-2.615249878012374,-0.027881013979920884,2.091779544938772,-0.9775502398376181
-0.10215525282549844,-4.321350777129091,-1.3525980156437798,0.21651256694556723,0.22969781388431434,0.13764992352341668,0.005322180688714111,-0.7358172179884114,-0.24650448273138115,0.19249755461313672,0.0,0.010673729206491556,-0.17810834276878112,-0.9860024928221645,-1.559707028277518,-0.327132815128259,-1.716995157328422,0.17271128410144818,-3.7018495849574276,-0.4889073357254296,-9.194142123040516,-1.0224109606466925
-0.245086882976479,-2.3216456718743728,-1.3650652141429696,0.3660038842819143,0.5259989731236555,0.21985051245157772,0.020102082042873972,-0.6507608789569953,-0.2000493761992482,0.24056841800542594,0.0,0.028071066964249783,-0.3341496754961375,-0.8841665734174892,-1.206048525442131,-0.10742328124939726,-1.6176289333332736,-0.9054159181251756,-4.98457988740539,-1.1241481171025083,0.8055310422545805,-2.5345705774530276
-0.19569355222828808,-5.049711285119649,-1.9735926431323512,0.09377391212320524,0.32493131856323554,0.12161859562653833,0.003923810649634923,-0.7432115282044218,-0.22392338136435927,0.17409570936763427,0.0,0.025313630937681787,-0.40310596716033564,-1.0339900214866955,-2.2002929726444216,-0.20425031687538717,-2.037011710341435,-0.48031136426261406,-5.297845679175832,-1.44310861726302,-9.781677746468432,-3.1710607255907655
-0.08260022839349601,-2.601935740314955,-0.8788719919029396,0.7609892918610833,0.5811192608412663,0.23776888417193284,0.005682311242912017,-0.6084490982446766,-0.09935273050270534,0.21691504709267656,0.0,0.025841887138026765,-0.4318722889622997,-0.5768171976899883,-0.9748668976315346,-0.11593005116033189,-1.1328480009862258,0.6222343124595102,-1.9887116586674616,0.43298429806507815,1.3522337210135758,-2.4729366634794467
-0.20754997371441067,-5.844978275292491,-1.542840587904709,0.4025697941145898,0.31005702535345225,0.13005825879576446,0.011246032709652558,-0.6848046663950296,-0.14911135868761738,0.10476742546267348,0.0,0.024263396854891123,-0.2923040044331371,0.4701916246443183,-1.6495687996454471,0.13704969294221334,-1.9896242324843332,-0.9387362153453168,-4.5823706351493145,-1.4697039038584447,-9.24066018402376,-0.5950299479935953
-0.04982359298893955,-2.877096349600124,-0.4427456769917684,1.1500327907066916,0.6318721582707557,0.2934835128224794,-0.0005685311059018864,-0.4326573123906782,-0.08141045022315084,0.10920503074709224,0.0,0.05565720601112995,-0.17640374125123864,0.5577323571720166,-0.5890460228291762,0.1009329323600566,-1.2481774583462737,0.6012506356190354,1.114793579572417,0.3761682833614589,0.19828744612590501,-0.03491133109183792
-0.2035979607350944,-3.3536735434412606,-0.77283866649452,0.8552919128001569,0.452312287095807,0.22826545525577638,0.023089779826901285,-0.608772425169425,-0.14453926235196995,0.07968327365154501,0.0,0.03113576255104365,-0.3524274197137542,0.7870705778007665,-0.7833714884967418,0.10340864758055698,-1.589650955851302,0.8309275696489361,-4.028462533019138,-1.1725959886602333,1.1828228009796058,-0.13451435730772657
-0.18004501400166098,-3.3103503331316397,-1.10442008406811,0.7866242799140315,0.5386183350247457,0.17062168285163,0.0052321451511455576,-0.6511961592038392,-0.2533142855240084,0.10485750309210767,0.0,0.03429680954866514,-0.33257381904542,0.8557365050459877,-0.6801637935025415,0.13036571782038037,-1.5455382622699911,-0.7580700379288948,-4.035399003126938,0.09259003134093516,0.6855218211110589,-0.599769573147827
-0.15591342232768743,-3.5017034137412963,-0.6658755204934959,0.9444638699238487,0.6312575268126989,0.2354203635981756,0.019135657657187076,-0.6185934872755304,-0.04453030166982844,0.14685594964130377,0.0,0.040637918815919535,-0.289898012283007,0.9861136125016042,-0.8624509756805463,0.10091280994758059,-1.3928700385731272,0.9181594355449663,-2.7619868734967103,-0.9694771380821947,1.7777468295889673,-0.5554293244589613
-0.18383066386084254,-5.317312804407046,-1.5771304132179942,0.5152325893243825,0.37093936887340545,0.12268129600393984,0.010067128573675702,-0.7228126788397405,-0.19360755135717908,0.11849996925612177,0.0,0.025169656134039303,-0.3298283118152468,0.8757264761481941,-1.4542390506179246,0.10810159089943674,-1.8945516398884756,0.11772099344607781,-4.190407430560125,-1.0816503013898675,-7.813527422015067,-1.1367793347399253
-0.39510037143902615,-3.556728489018705,-1.5235360726053815,0.6251342627785758,0.4433850243048616,0.16795454452976755,0.018486089955251916,-0.7225868637027967,-0.15561072372711482,0.12433958241638508,0.0,0.03518499479397182,-0.48141364970054973,0.6055008534715803,-1.02567684087534,0.12402902861077306,-1.6781842697361715,-0.8068057589787982,-5.400861697615348,-0.7245551427529628,0.9307595015990163,-2.9916395363583494
-0.3733706124642972,-6.357521070523844,-2.2211555412428647,0.15407060891652277,0.25128671901767813,0.11183485201057097,0.004675418733933204,-0.7999972508695226,-0.19478006924224897,0.12961110005011514,0.0,0.024398556478685367,-0.44416639095453686,0.6867427061123075,-1.7886654184122035,0.10179312750800454,-2.1724519111772533,-0.5559389317064322,-5.796205735790976,-1.265576381852837,-9.825494024713969,-4.379961283927017
-0.25130571991220896,-3.4285836076067486,-0.8608127203934842,0.9716196110388285,0.4704356500532639,0.17426893053813367,0.02093200593455552,-0.623307664472862,-0.14233770517695257,0.09068973428174039,0.0,0.036333018421174375,-0.3775757973334865,0.6939022431587355,-0.7751303128556036,0.08827353010956493,-1.1716040935595595,0.5768815784306992,-2.742822507888513,-0.5213915310236695,1.2382450430607796,-1.0239632188545416
-0.14837520396045648,-0.09757687312514571,1.886920964314465,0.8197790671533133,-3.433854305793055,-2.1751955842655923,0.011246759555568078,-0.3447098661319667,-0.4409107275732049,-0.2669669938319391,0.0,-0.01938709300437829,0.24648428413128007,-1.3836248755088505,0.2874704844760058,0.15770997483211652,-1.4548554219912158,-0.9729513283860906,0.015750597880982795,-1.3147401523936568,0.742895348220172,0.3806254113514542
-0.036393505099987046,0.301384172512008,2.0699069431620787,0.9007494687777085,-2.725715896151901,-1.9705866426619336,0.011940342381762123,-0.3596654931676119,-0.11339102913620232,-0.22496992181073486,0.0,-0.026356324900084077,0.254235502740186,-1.337971610216443,0.43383517402683525,0.20786778346137516,-1.2542436467538336,-0.8198961818354064,-0.06657850899359197,-0.18466994206462797,0.9987560712761192,0.444808710404046
-0.01608286247935587,0.3662050275287464,2.164013448007129,0.93572955241016,-2.599790795216277,-1.7131456505420113,0.011733489190889424,-0.35082475760364107,-0.08359289125462156,-0.1780506824128759,0.0,-0.00935117136657467,0.29365514811113413,-1.3122127008335898,0.44079931885253204,0.2228966194924332,-1.240310399075359,-0.7761358748015283,0.11427420346765098,0.3451729218236749,1.1006944394386906,0.4814710832125985
-0.010450019650443461,0.46727529133420276,2.287340561764705,0.982346016239081,-2.5110682408786333,-1.6377065661328971,0.011733489190889424,-0.3319218404698269,-0.02041696547220468,-0.15886202264460367,0.0,-0.010602788485663782,0.32923515016574095,-1.2448897418364633,0.4872466314223262,0.23102321699010278,-1.1661363897563526,-0.6970545578645273,0.20640138915975648,0.9093021989721523,1.1730681937951475,0.5249364601072994
-0.011969560781645416,0.44946460247942355,2.2378565562732895,0.9683016142671586,-2.609047720668312,-1.6678851448175287,0.011731704174239412,-0.33133205667716126,-0.01589518865354208,-0.21386744446979497,0.0,-0.014659951873765672,0.2714568029789187,-1.244075071319237,0.49048194369718257,0.23302861342145428,-1.1620953294643475,-0.6959032253977709,0.15697022287931622,0.7877560482254953,1.168550351459231,0.491232700217167
-0.059667753751279445,0.18646628588640823,1.958691949907225,0.852642312887868,-2.8621998451258124,-2.0266175422587986,0.011941660217037275,-0.3740698025086533,-0.197000295266564,-0.24231706700562186,0.0,-0.028487068243651714,0.2001958838368805,-1.3988072172659056,0.38321967632893494,0.19493961840152302,-1.3472306918442747,-0.9028358957199002,-0.18867504672045743,-0.8800704824878768,0.8543439262496421,0.4143808604330593
-0.09354655529319306,0.09935744153564183,2.0067049509438957,0.851572186616817,-3.033306438947521,-1.9113267492956165,0.011712145277143407,-0.3689761188048895,-0.21717699858147965,-0.18197213628091877,0.0,-0.023393935613416822,0.22729586196056395,-1.4564746366262495,0.31279893483141014,0.19980195137059745,-1.382957192193359,-0.9050399294134608,-0.10387152039344678,-0.8930203805763366,0.7478444526116613,0.3689021328219617
-0.09814299141853883,0.0822638591476812,1.9060816281217514,0.8168694284829654,-3.1308219179528995,-1.940229819395574,0.011909395688894086,-0.37173080745925124,-0.24284559543906697,-0.19810019716618685,0.0,-0.024800338438830276,0.20755872129885267,-1.478038830180988,0.33226134447311634,0.19295605762425366,-1.3997043529694018,-0.9370646367647653,-0.14585813115405227,-1.3273440474960203,0.6688177227388942,0.3379819742089857
0.07034678542691723,2.89381469521338,0.40760695261823343,0.8813363322673028,-0.9992831135285357,0.3132612380454479,0.009482880082576806,-0.28679577034721376,-0.12035776934455944,0.17701063601549363,0.0,0.06814858764826467,2.19940419816075,-0.7036328090659782,0.7497977112668565,0.2988941767232036,-0.8797618865166978,-0.029774830715875503,1.0371579959372248,2.5690115666683235,1.8482297181333163,0.7856091712613921
-0.0812807948909076,1.6264609108863333,-2.1185322179069392,0.7325059077643951,0.3151490943817375,0.3215644373379608,0.01841677321578299,-0.3905074524779783,-0.10218726244343354,0.149736225832306,0.0,0.08075010220713735,1.455976282148463,-0.6973720817117656,1.061226627645982,0.25317172241029856,-1.28148527365486,-0.3012476982675956,-2.7544568549768087,1.472487518848981,1.5714501722549634,0.1231993273457842
0.6895297209129444,3.7899101498748364,1.0821581298200373,1.2067046594503457,-2.4584311595308437,0.35743532973890657,0.0261384647067478,-0.20438376917367104,-0.040562277809849466,0.13843730589276276,0.0,0.09882263785682271,1.590263811463279,-0.3303386019563536,1.2184653060472725,0.263116936415606,-0.4960103510396265,0.06781785407355237,1.1997013144225062,2.6449916146275925,1.7939667084642563,0.710310681692737
-0.1687201793186511,3.9300613422258652,-1.1633034286988473,0.8682700998472813,0.26755939037494214,0.2669453271323241,0.012013162677123688,-0.3515487500871251,-0.15723927578310679,0.1761935316740338,0.0,0.12395406177980876,0.6497902375724259,-0.9103655557805319,0.892789952557741,0.2743660292055344,-0.9866161909859255,-0.14195191727033818,-3.5967585986926665,1.2778619449508017,0.8335826519018632,0.07581763066726994
-0.0156856469049801,-6.651621238719214,-1.5035295568925955,0.16863429818222964,-2.9851180293497874,-0.01384633559168801,-0.00039251395585840386,-0.4256030204730048,-0.2956442568583655,0.0796957400764614,0.0,-0.0766320180807169,-2.6295712680131467,-1.2387495810464764,0.28709362026458063,0.17467493944851717,-1.9133938757875968,-1.2970109147999558,-0.11957102612031671,-0.9674330748781466,-1.0481167744706503,-0.6479520000794866
-0.3015319471880312,-6.196500319363218,-2.691410653192683,0.28423201176234025,0.25927530558871076,0.2669272719351171,0.011607339918100142,-0.5097037405833302,-0.2968633050949868,0.10312758983546506,0.0,-0.021578627775408796,0.32310903974412414,-1.3420868293439465,0.02885477318995883,0.18671763670816108,-2.1522440405620844,-1.2123857939196097,-2.692707575636316,-0.7537507198708758,-1.21900212110657,-0.720218829095089
0.022459793937467207,3.408933185854032,-1.3831429835509452,0.4813299661016703,-1.7094667382935076,0.1292227288026135,0.007751750782593566,-0.450751381500948,-0.37915958959552204,0.18788313474603918,0.0,0.017144556973545985,0.5718445796341013,-1.1967802433806773,0.7344003869815294,0.1201518692120154,-1.395859533214847,-0.36295705411184603,-2.813801927171971,-1.6857211185413847,-3.102231663403287,-0.1520692543108432
-0.16355180286171575,3.605444241503087,-2.3894167379284186,0.5558105124120527,0.20982539679442827,0.14913555320425997,0.00910601103143308,-0.5153069456889994,-0.36970857230420434,0.1306240206043356,0.0,0.035838857083772414,0.8113949630369189,-1.1004656889930524,0.8271063075995326,0.1582132668189422,-1.4967020754760005,-0.5426989024217872,-3.5320299857843156,-2.3876742726788427,-3.43654766417826,-0.34402601582340203
0.04556152565894984,-1.7783450154600555,-1.9914093676528455,0.2596118318955866,-1.0922796770468095,0.020782392044288236,0.009371714625526372,-0.5010475396574567,-0.346635051861174,0.16882327519647247,0.0,0.00859250541208463,0.5345719312639476,-1.2347379971605783,0.6760062039330988,0.09541008367331132,-1.4493935212596638,-0.8404156757327609,-3.9930543508987397,-1.752249360991873,-3.6870692579903475,-0.3059341820412107
-0.12641864771430164,-2.3158578954179903,-2.8470082233417604,0.2700206293194125,0.09298852243412216,-0.0039061590022560263,0.0110152006691659,-0.5670832121870703,-0.3237281601655154,0.15862013437720532,0.0,0.016306696535675173,0.7308784122970254,-1.2364462389027955,0.7295812814270343,0.12398181431669911,-1.498137097866192,-1.0092165526213595,-4.90209831270251,-2.268498001934061,-3.8958788810478153,-0.4352948425230051
-0.09817881909965566,-3.687529507959836,-2.508123321625441,-0.0013839652083424384,-1.5718519789537815,0.12636114535527487,0.006786350148395839,-0.5477360787985589,-0.39798556419124115,0.15515614787184143,0.0,-0.03950576942587701,0.24815808496657288,-1.530714152374922,0.24352129250363483,0.10200799938058974,-2.0612819103883075,-1.206832020157674,-3.8158776166288164,-0.8690429970127757,-3.5246408489056846,-0.4114560035455895
-0.23792642283742657,-3.4602200910769367,-3.569323186276436,0.07521610280192458,0.3782385173680109,0.13733676219968693,0.00815799847158921,-0.6188929762887162,-0.43583666325325887,0.09018583937172754,0.0,-0.02839539734293558,0.4657960046962393,-1.452888756569689,0.3486323017272173,0.12297310501829123,-2.1690275547063997,-1.321801169424961,-4.276732499835421,-1.2921678702644717,-3.845628001739235,-0.5734205760890208
0.0669401171790913,3.289515926152167,2.1994880387817703,1.336924512652277,0.7987801652358416,0.16860699320005185,0.017330629268180988,-0.5118361010658811,-0.23244139919020534,0.18827770660510978,0.0,0.057330514894609705,-0.13159584656607226,1.6227939097667985,0.27917229614872063,0.2071969091136622,-1.3877897860593045,0.06420050700853278,-0.24961119700384346,0.6975031416030286,-1.884921715114591,0.48185914333979263
0.28177156391265773,3.069087511494273,-0.3114658911987413,1.4162035300273605,1.2873393969493223,0.5630433371924494,0.03303098705339415,-0.2036521084853896,0.0800647875072437,0.22606249056356534,0.0,0.1079012282076938,2.650533995707077,0.3070051618859612,1.9645133816737739,0.31073228189397656,-0.06339540169979266,0.3352358282546647,2.621924225582004,2.99716099563571,1.6135712845847598,1.1761422125410907
0.2893477705102209,2.257073161763252,-1.084839675901163,1.5898982771680925,1.1977324111559944,0.4960722720858723,0.028816166226176596,-0.2923687485960925,-1.3527804470127989,0.2434623362262057,0.0,0.0763042603058084,1.8159984740144441,-0.24297800751903226,1.7741553541519282,0.33275524363630493,-1.3620676283897792,0.08279986961306272,0.6543130390329037,2.321729552545274,0.2810554123500839,0.8511070392497064
0.06663890879687856,0.9634836081516328,-1.4179128425478598,1.3582803432783912,0.8570873884021054,0.3604056665425701,0.011714282137452235,-0.466113710561933,-0.9755848567404164,0.25491974940027456,0.0,0.04898306816048783,1.0815741612913286,-0.7672266698196819,1.3183233219670092,0.3074989269146413,-0.5399186860133454,-0.2702563537244575,0.28784241231063945,-0.9181126960284085,-0.6179048234175473,0.5001142674500464
0.05948250820083348,-0.16891173875103127,-1.3546155806374343,1.3054438354270417,0.644052840315759,0.2502006371123672,0.011713996730351945,-0.6650354658531252,-1.017300310113725,0.208672058730655,0.0,0.014639857182910528,0.7458850875113279,-0.9200843707503294,0.9696533992095698,0.2575058564602196,0.9734700233755988,-0.5690151344365566,0.03933519815231471,-1.8563737178735902,-0.9236224784673538,0.35259796442400393
0.08085834939166854,-0.3011044453433076,-1.3455499636402086,1.3337773406916722,0.5649534744122715,0.24897150382880237,0.009789349389940265,-0.6344832970755213,-0.9770818595561302,0.21758092922575953,0.0,0.015590170085614351,0.7482410375115712,-1.3079795233392852,1.1165610887911823,0.25970095485553646,1.4672136707191643,-0.6560673930070957,-0.045330629032671224,-1.826773617156648,-1.0041191917741423,0.35252651697163795
0.32551934556223233,2.209739931124057,2.1315296908750643,1.2837945664736299,0.8447347191897296,0.15855667497026235,0.015163499691077626,-0.2115424263720283,-1.1536850115464874,0.1854140871898706,0.0,0.005682160660136656,0.06556423853631389,-0.4358466427682938,1.3694538109681371,0.2869622808663869,-0.7758237786699835,-0.142084972722435,1.532415063397775,1.5161280687531373,10.137303523171425,0.575456636599803
0.43025914887915795,2.5417753041722126,2.3648108763339084,1.7429429595430221,0.8275460326185315,0.1795470394027483,0.020988287280559566,-0.24844173484714974,0.8952792838649469,0.21152333805735668,0.0,0.01137201455590703,0.3703593351320629,-0.3302845384234149,1.6209635581662745,0.3387038058358005,-0.21555741702500703,0.21964591730247277,2.936090407077463,1.34447492579301,11.854637001404429,0.8832099208255362
-0.8584792284617331,1.1568016406406056,-1.769152075946305,0.24279594186940845,-7.355334549522483,0.16484549728544926,0.018776012477688783,-0.36751612843923104,-0.3069886739600674,0.096643434493248,0.0,0.03550588372665547,0.044026718241653204,-1.4087039952453586,0.29844234325177205,0.12801682245115162,-1.3011176427480609,-0.5674809947913828,-0.7566354412994415,-1.1971289739141104,-1.0232018874930955,-1.5947869033332114
-0.31170217216722734,2.473483282338933,-0.9782078614167029,0.8344672091813082,2.223412346353141,0.3326735485922714,0.025713211931073517,-0.32438033010282336,-0.11015810305819146,0.22714680927903186,0.0,0.0701678942729943,0.41781712226977796,-0.6733046031509423,0.6524947397280957,0.26450236826321516,-0.8690145212063238,-0.17890631929515957,0.4530747972474067,0.7358093187453695,0.3994150142717914,-0.026103286127238227
-0.31170217216722734,2.473483282338933,-0.9782078614167029,0.8344672091813082,2.223412346353141,0.3326735485922714,0.025713211931073517,-0.32438033010282336,-0.11015810305819146,0.22714680927903186,0.0,0.0701678942729943,0.41781712226977796,-0.6733046031509423,0.6524947397280957,0.26450236826321516,-0.8690145212063238,-0.17890631929515957,0.4530747972474067,0.7358093187453695,0.3994150142717914,-0.026103286127238227
0.7295421982102956,3.038268976428542,-0.9809002840772744,1.0376293740388212,1.2645455159002406,0.5302774847452689,0.0023885829437748293,-0.3665623386323172,0.21450409779739954,0.21947762555154493,0.0,0.09794956294035755,1.4425487316582897,1.2504999404006913,0.1216091801185474,0.2532546025535362,-0.8710302168760985,3.0394371769275055,1.237836299402388,1.4725414639787024,2.07828953924005,2.018694619366257
0.24248038984163456,-0.4872071816070009,1.861530420748371,1.1868321297594187,0.8040418087552546,0.18524170157180384,0.01202861643767676,-0.36437891291267804,-0.15525136466489317,0.16386824783535675,0.0,-0.2560789894940474,0.26275636426828747,-0.9731879584068537,0.8332454897267177,0.023754467004701282,-1.2472688403595438,0.7406900494271732,0.42549457893216625,0.19936494456879617,-0.30119527840120636,0.42384178291854846
0.2936814607257039,0.059384580729075764,1.9898463958701824,1.4569384912934509,0.862337660082521,0.24788275551524133,0.011639701956302357,-0.2884396035709491,-0.019208286931721823,0.1603477179646193,0.0,-0.28357167138764294,0.21650566765098148,-0.588164773439449,1.0727216973724651,-0.0035009645706249857,-0.9599727080484532,3.463715446087967,1.3819264779632616,0.8884513927793078,-0.19311317919208462,0.5759062070995816
0.09236910890255298,-2.3949030286645243,1.4346407570281947,0.9218194344156546,0.38246503690505207,0.23821450286245713,0.006610751389565678,-0.4741208073551514,-0.3075076848104868,0.16898524562441264,0.0,-0.020287771561480396,-0.23520335065409348,-1.1682226933750903,0.8189490945566662,-0.47753762099681674,-1.2983936318945495,-0.2087319207421667,-0.0429325607517783,-1.2126761181694177,-7.735764208735321,-0.4984380680239693
0.08179251154704321,-1.7215345532808095,1.4569845955537024,1.3801051724814744,0.5484159169322966,0.3149335756807588,0.019360060144832283,-0.33965840576720263,-0.15100931133966322,0.13575028508758039,0.0,0.021338778901306196,-0.11538159258297112,-0.8817552221886975,0.8368564062170063,-0.30852116415128944,-0.8698448136811168,0.8668896995977401,0.6402176316562748,-1.1519990224587262,-0.6513568155608297,-0.6722072668390445
0.34038359340389446,-0.3874008536205391,2.6233187724750935,1.7523997443919965,0.6845807052307413,0.3081116982386529,0.016912182691445232,-0.23031364556836503,0.03883143493028498,0.1674705079227544,0.0,0.11211978387410172,0.2603982475729883,-0.5028897214242759,1.646211064573839,0.06104312601224821,-0.2905029693330958,2.0656649226334616,2.418832753939453,0.6671093609264707,4.435272132359472,0.41589462471935484
-0.22911166606323088,0.6744188123797794,1.2441408771981985,-0.04659940912536839,0.38484707240621163,0.15908137637057956,0.005278771814869868,-0.45004124393058836,-0.4424476968828994,-0.9465582712609893,0.0,0.012803990817859191,-0.17120733075078245,-1.6704175382764899,0.5992487339973772,-0.5059240708050756,-1.307480802766405,1.379352102935043,-3.715376572417939,-1.1276437587593007,-0.34952252381583354,-2.1106863871152175
0.5603238460852649,1.7323828521102866,1.5400544356373145,0.7158694051062444,0.8612899449878358,0.26774449365208985,0.0072344575933405205,-0.18675743586503088,0.19968474657101318,0.4487460275849933,0.0,0.0074267366044922425,0.05736252142508084,-0.6358805274754423,0.9050574939162411,-0.16452712986025203,-0.42486045610337403,2.130810053527128,4.571706066143924,1.5901275439570757,1.1351050876241247,2.2256943027275753
0.25184666078101864,-0.9551781911011514,2.48979256128865,1.4474911174906269,0.7105481389672155,-1.3341865005225209,0.0033440266912903435,-0.34593736934861935,-0.4153655207546317,0.10482875699134868,0.0,0.016738101941152498,0.3245505358460376,-0.6165323113334451,0.6908458621381864,-0.20120461706448867,-1.1618390296267922,-1.80909911007987,0.18324377487880897,-0.43022793853333247,8.561922259059832,0.8455681582404334
0.46082690295767686,-0.09510535039484788,2.6491430902043973,1.7486421848111782,0.8147108377647531,-1.1376861160182505,-0.006700886548456364,-0.2961689069792393,-0.29994716644498054,0.12195620684565087,0.0,0.08207807238196388,0.4603769324700368,-0.6383790599972781,0.9750636939657072,0.10612251201092214,-0.8710840671057996,2.581112686034905,0.865518718647104,0.4080432997568863,9.618136045604935,1.1304371359824252
0.25184666078101864,-0.9551781911011514,2.48979256128865,1.4474911174906269,0.7105481389672155,-1.3341865005225209,0.0033440266912903435,-0.34593736934861935,-0.4153655207546317,0.10482875699134868,0.0,0.016738101941152498,0.3245505358460376,-0.6165323113334451,0.6908458621381864,-0.20120461706448867,-1.1618390296267922,-1.80909911007987,0.18324377487880897,-0.43022793853333247,8.561922259059832,0.8455681582404334
-0.22809313672121997,1.9692592510770326,0.7759554469413862,-4.459212038791541,0.9494046888867648,0.5144730062441565,0.004835178584669088,0.002136042571231874,0.858185274320024,1.0817656928530086,0.0,0.041078914530492346,0.9450845486149558,-1.032916036086005,0.3759895492788374,0.5365848278951886,-0.3900716143334684,0.3351857436842114,1.3380106409934767,-0.3283727518329325,0.814879380195556,0.11914885704391516
-0.029116052658001223,-1.25284135972224,0.6322167410218805,-8.639642465673903,0.41760743720343496,0.10496329676508584,0.0083968408914255,-0.45593174503654227,-0.20716499266777483,0.25505174820005994,0.0,0.022841804447057166,-0.7881853252407507,-1.3796137519422456,-0.13323786338580895,-0.5903417665708802,-1.1848479080363987,0.5352106007614685,-1.0927796818932969,-0.358376764195842,-7.597069591762547,-1.4579197345543862
-0.32323367232873973,1.693153572762679,0.5056843832405579,-5.637297515492417,0.8537433143572278,0.45903285648087866,0.004780859022497122,-1.6736393003026597,-0.7270106011337236,0.9228717905030797,0.0,0.03735036899094133,0.48730465028301123,-1.2602505581214736,0.14970761724064072,0.5185277054851838,-0.8007863295236068,0.10657080018514267,0.8587687030520409,-0.7893809163327842,0.23791543189264974,-0.10009369431131752
-0.10502478298000524,-2.163841550082458,0.44422557858466816,-9.999756058352459,0.3360750265294216,0.09684654734860822,0.006319006219071275,-0.5017626237109325,-0.32215108565369527,0.04831845929043514,0.0,0.011936237111034908,-1.0684847486666524,-1.864604122584648,-0.14610055704614508,-1.031002561203058,-1.5293814591027919,0.26735805153351194,-1.4232585692210726,-0.7973885838003947,-7.896786900103369,-2.3222508381592863
0.2628971988112078,2.239322694618745,-2.455244402754924,1.2453859640394171,0.8546174589524258,0.2296837531666411,0.003475415955000958,-0.5409371532758869,0.1761588236630532,-0.7783670458441267,0.0,0.028481115224409995,-0.4134925571624202,0.9798505942436749,-1.3633969285284868,0.14358362642392405,-1.2271083643911775,2.7061783420404804,0.18929310776931785,-1.4332829364985649,-0.34415007363926237,1.3265298331363766
0.05384010698196274,1.9479804810566714,-3.202468459405851,1.1280867766876632,0.7277364796185012,0.21402543839977548,0.0034735069591211747,-0.5628362816225868,0.09996985128306474,-1.0365281226783576,0.0,0.0254934203511643,-0.6210330273513212,0.821515339816096,-1.97787363974223,0.17525373725881335,-1.5731851651084015,3.275265340531231,-0.2487121797518696,-1.4318403452703625,-0.5966078419164225,-1.2035479501468336
-0.34218117129853864,1.1414776532315887,-4.573194358394675,0.7680464039440196,0.5556861394600646,0.09275330683574587,0.005379609189735632,-0.6439810276132952,-0.3353485905212396,-1.762053437424595,0.0,0.02586215169672571,-1.067209864015919,0.36455285186448877,-2.623380003111343,0.18415796372533655,-2.2157083466833645,-3.0365135955485294,-1.1800888529990547,-2.5371857671610707,-2.290181926250361,-2.3353796729759235
-0.07429075487393524,2.0408353594081485,-3.4559689698365665,0.5734150119510354,0.45286354127492123,0.2889245197131591,0.012141959032196118,-0.4672280192725874,-0.14432038726036467,-0.11975963521764567,0.0,-0.0005092862576932866,-0.5550637037997266,0.5180304421305887,-1.9498806403068605,0.20881414153454114,-1.811813466114419,-1.0004745459524491,0.14778461460916514,-1.4260665547616178,0.6665604460535534,-0.1669696061036511
0.028126092674917415,1.7596831541970226,-3.1745933970765883,0.5387465313976564,0.3555761554012803,0.19117185323229785,0.005190440482872711,-0.5736646493572605,-0.1677295241511536,-0.03522787064039776,0.0,0.013311897502167776,-0.12628339997406116,0.7104423327980378,-2.474569631626327,0.1794068252588335,-1.7456495261212337,-0.9083727591201072,0.1632117696247583,-1.2907823011379291,1.6153754839562877,-0.25169301137123656
0.04776352791505886,1.965936662216112,-3.1428466970095985,0.6530733818714605,0.35707778030421694,0.16742327113016037,0.00543733465937551,-0.6044272709383092,-0.752012604586121,-0.1502400381117331,0.0,0.026769186454141267,-0.25846775156274493,0.5862309019929335,-2.6191131578031,0.17175519235239833,-1.725283261627372,-1.111543345739629,-0.9439413716873627,-0.9614051642565694,4.332511477690181,-0.2537575873136503
0.37807764720318454,2.79202800346117,-1.3234224400796453,1.4421237807924348,0.9039152241110598,0.1047014658860307,0.008061918306059398,-0.42287595694124697,-0.05074218445495154,-0.399367992514905,0.0,0.12209366920729765,-0.23697465356616756,1.0054122601411979,-0.9928885327971654,0.18578305861869637,-1.2251232434945805,-0.6147584816682462,0.027979785182003284,4.469939711404644,0.3570402517688554,2.2073881753840934
0.14446324864409685,-4.549624870774929,-2.7831914599233962,-0.034853191456493765,-5.260245535836329,0.2633052322071159,0.009316067716906467,-0.5198078100628996,-0.3105030079028186,0.25602871844201014,0.0,-0.049301844301451445,0.6373825134977628,-1.770138273950076,-0.01369067624011024,0.1183069701746233,-1.969117679076141,-0.8937078709449278,-2.960534950956749,-0.35440967421468356,-1.5843382466507534,-1.2674211924408845
0.7080235816201008,-4.751326610889118,-2.4746617326042135,0.3758981730415813,1.6339244464093123,0.2719656751230799,0.01113926982165739,-0.48660569791475433,-0.23686868006534612,0.29445215585568735,0.0,-0.024791928296433265,0.7265547659756953,-1.3878583133690183,0.10193949025632493,0.20669163134258364,-1.6948241888742408,-0.7362887585595446,-2.7349372426526863,1.0197649527444406,-0.5817352296020938,0.11769670658679862
0.4835756018748542,4.09228907207446,-0.5967175328551023,0.8232545556868254,1.6152834820241222,0.27191334493211117,0.010505692722737225,-0.3837349703362933,-0.018143810469894057,0.3339899232969485,0.0,0.0942846777858107,1.6758183918252734,-0.7311255207793719,0.7905005086987066,0.24377368352355103,-0.8328372002435196,0.0016404254367283055,-0.7928464157075357,1.6319751039700614,1.5525008154646542,1.2200959703580345
1.079607928153696,2.974076377054124,-0.8665096732097347,-2.429953370757248,0.7957294701157013,0.29724303263046836,-0.0012986385231595655,-0.2173844482851468,0.8152396340652251,1.418969985097848,0.0,0.03541518557522598,2.036508574640035,-0.4641027209250461,0.10668451566153993,-0.1983400855621431,-0.6021591444896908,2.3424112889539854,1.4033013000497487,1.0127541398612492,1.6429809036351026,0.7988512122080256
0.5228792476312053,3.3266382054736874,1.441199583932897,1.0943904299489295,0.8706207844968358,0.04527397463135515,0.007648970567858794,-0.3058467871237836,-0.8552274855608566,0.07183171841336511,0.0,0.042724055864728355,0.25751607302100005,-0.31126834304371204,0.8141160312732929,0.24593744412731902,-1.3315204710477089,-0.11988169209142933,0.36096039327786267,0.8571017846210048,5.889555721958755,0.5229698255770452
1.067436996822156,4.082669949563686,2.364614133503294,1.567782121471522,0.9868614135757501,0.11013037814637676,0.011511547073020205,-0.24481365666452656,-0.32207646663979744,0.09824229038329792,0.0,0.04592415493505184,0.4198779699900303,0.1665101385891094,0.9171254057915034,0.26081872060487776,-0.2081664575487376,0.3509781975087129,5.207858716803903,1.545088691933563,9.097514342711408,0.9888378773955094
0.37723484616999636,3.5797606991658104,1.38133090405,1.4521202579579693,0.6837509350118756,0.03676310421838165,0.00828136095553986,-0.28713120504619466,0.7903941585022786,0.11909400782402559,0.0,0.04713031359808321,0.2815420018330802,-0.32735035768990756,0.9489674942979944,0.3792763477447417,-0.540808679805912,-0.13347623673546966,-0.6025127453201908,0.29627035623051323,9.590064776073344,0.5745131269137662
0.8055448672514851,4.0319128421590715,1.818410715592276,1.6974303124472923,0.8586477271699862,0.17557376297796365,0.008491759009030212,-0.049257939708446885,0.9889018458710822,0.12535309499289105,0.0,0.04456138418373142,0.3905049537647375,0.04974947451365472,1.0453976549472546,0.36838857402556086,0.01838688506270079,0.3746595111617195,3.364353220586775,1.1857631294134194,12.191204560240175,0.5759411302873915
-0.03747443366042852,-1.410275025312672,1.3258206896115283,0.8135054732541583,0.4859543778924632,0.07934633744432835,0.00387863883300886,-0.5393067125602079,-0.5408270109355076,0.068981834213416,0.0,-0.022784317731609674,-0.030461055379845167,0.7439886712499094,-0.07077310799520428,-0.01473187591105257,-1.7689340655494294,-0.7849930351992144,-3.3330589558152846,-0.5174375853570328,4.007286184507857,1.005137440350552
-0.031819310370674474,-1.3125701988874467,1.2061889015568423,0.9271946970619855,0.5694364648408706,0.06977529374505331,0.0035438315405184363,-0.4491155717207375,-0.6075440081962171,0.08217881404471217,0.0,0.009934081570561743,-0.011376307326296069,-1.0502063841827973,0.21718046281665024,-0.03359679900313726,-1.335673912005962,1.0080168370234757,-3.1719864259556583,-0.45661209349510035,4.397611324689058,1.0522737682039947
-0.12388641497479624,-1.4917190791461983,0.9871092097381425,0.8467403058973394,0.5869548842282417,0.08011423816209406,0.0033981258594741656,-0.47884716359708307,-0.5733993575724203,0.07373945409016078,0.0,0.010598216008357685,-0.043408420109757415,-1.058590414805013,0.28923351698068933,-0.5490498315504683,-1.4089345226796244,0.4731503243251805,-3.3762912070578834,-0.5820412135204768,4.2000838090748465,0.9869310065989839
-0.26506319830187725,0.6073811913177977,1.2185765079122413,0.7383004670678176,-3.9834064365697475,0.10576125954611729,0.007552508392709134,-0.37189875671375344,-0.3425184994220238,0.07396751754245114,0.0,-0.0039945951080794205,-0.2541783574074966,-1.4470491353260801,0.17820547287879515,0.15442307503659422,-1.3489744140689242,-0.6548077946221359,3.345217420290727,-1.0372256892388694,-0.4539189654514055,0.43758188819497396
-0.209607062844577,0.4741090910349237,1.744622737170511,0.7428103566968589,-3.6917220915237823,0.014903860047657168,0.0069831303906497545,-0.3864780759178673,-0.4130941537383342,0.050240895865990995,0.0,-0.010213951093464117,-0.425707285476597,-1.4281702436102621,0.04285921916515654,0.13990430093377912,-1.319892503629329,-0.6832353974091278,2.4511994161253847,-0.6883514702211078,0.45794093860113605,0.45501875538223513
-0.10808184859184942,-0.057876086671536126,1.5314107381168,0.7267358839369756,-4.341698826708205,-0.004777823807677863,0.006356950126966002,-0.39948114788916267,-1.1437050885016076,0.047482057576261165,0.0,-0.005203169077323399,-0.1696712719006527,-0.821235016804504,0.1356015779104057,0.1323036119659287,-1.4822857469933108,-0.5982495480842608,0.053232924639258175,-0.4245965536482069,5.792002288956865,0.2110755613987386
0.08571885645192451,3.2618626770788732,-1.5897439995932332,1.2134599130974515,0.8907053780021932,0.2975259938913808,0.02955779027761624,-0.1953701889213756,-0.1446703759230294,0.279244464265254,0.0,0.1298449036852881,0.294764377256221,0.30776278823483316,1.9148296820661455,0.23034388490668817,-0.9498016456010375,0.2189792660459173,2.835724268740654,1.3485824192552573,0.9987226208523692,1.1087250585470436
-0.01572563896259776,2.782520296651861,-1.004404893417494,1.4560126465515892,0.7696405270608327,0.2326431234000699,0.010872097903659618,-0.32987219620480807,1.1046316781907768,0.22558082414746808,0.0,0.011713572574498007,0.3782142644312115,-0.34110987904670864,2.0788389603175346,0.2744466114695508,3.7390354865608555,0.024862784134187174,1.608532154261572,1.7890638090035629,3.0250327810767543,0.2602084558454465
-0.5609387752500191,-0.4390030852348343,0.986921116009192,1.0507291516277337,0.4241686352447043,0.14497719782311105,0.010128586734414543,-0.5998295605973322,-0.3255213092390318,-0.30446033037946263,0.0,-0.04428602497338386,0.017487622786053727,0.5884528940893783,0.09113735702403962,0.14922608209081484,-2.150423537538102,-1.1317565138622252,-0.683786236018113,-1.5651994389350279,-6.936185220059864,-1.3369281453921857
0.041780506089933216,0.7600251428769446,1.2587639050980837,1.697833951552826,0.526165370093981,0.05205276195294009,-0.005668705006287443,-0.5120909754475448,-0.4238440212759924,0.11027708322071002,0.0,-0.03397847566793166,0.03484112128409677,1.2659586151080056,0.6468306954789962,0.22723598031350029,6.781574898891201,-0.14173686721888604,4.776661265244255,-0.6081154259652558,-4.208853640056582,0.5021692793828371
-0.03442344525464954,0.9771101660343732,1.3556085444814452,1.8432347753171263,0.5731251601727093,0.058602542019042116,-0.006224140233452969,-0.5218558525118807,-0.36480473688761816,-0.007640853008769366,0.0,-0.03005206012607389,0.06268650826953427,1.54583280072319,0.502356919766787,0.21937764688880557,6.80214301262225,0.03930444498009893,6.792461427438038,-0.4278651036981363,-3.838900192387389,0.5565879013444794
-0.6929004928018407,-4.039775103310185,1.3807059758519984,0.6166740730199441,0.4025158054819412,0.1479784803905571,0.01303639493342059,-0.5152160602179461,-0.19360606050235188,0.1131218835835717,0.0,0.0230805041796219,-0.27675598087681264,0.6382443960536615,0.33169727111799374,0.13335128548641445,-1.6557445493809784,0.36832195547498137,-2.171953947381869,-1.0418926216082882,-6.202927925404888,-0.11025381813915149
-0.8165727257054676,-4.575837552857664,1.1898072571245535,0.5091464472443237,0.38250592249358384,0.14059726304018935,0.012897487892699733,-0.5669978318604193,-0.20329013888648229,0.09715498400414664,0.0,0.02304828764850077,-0.33652618915345056,0.5253420925849683,0.1652872339633655,0.10862678236304205,-1.828285890750055,-1.0678006488345344,-2.55689834574836,-1.4834125043045692,-6.923658949854421,-0.22843151445415438
-0.1958643450712071,-3.294312848476775,1.267149281348233,0.7025053166327369,0.35584359444506825,0.13013958088511826,0.005439591785522416,-0.5234129476592494,-0.15298045202699015,0.14779813079958054,0.0,0.01903054280483813,-0.21727374717290188,-0.6762706842352315,0.28881272990624035,-0.21732072868635824,-1.3068087921715406,0.2830562245420212,-2.6702129644815464,-0.7154758711905655,-5.938341815929253,-0.20070033009793514
0.07299800980312178,1.1633607835431015,1.7084663128350752,1.9571987140145009,0.7781825645130034,0.13343882262308732,0.01251853783911898,-0.41418007502267973,0.06403801312894832,0.7269068238300529,0.0,0.020070985236008875,0.772318382412842,1.7453648833005608,0.4458767462588641,0.1020703012336113,-0.8885538101921859,2.559896262145553,6.404029368419518,2.7558766590846417,-1.8182966273315262,3.915127808274666
0.001889628965284712,-0.5630945858803353,0.555611031313591,1.7595364360249826,0.690858977360995,0.2547221884659645,-0.0150467467592052,-0.4797370372870069,-0.30812211696306924,0.10717341467954711,0.0,0.008127718904921966,0.44086731479706887,1.3197745899790903,-0.0019844764584476763,0.0962732650367922,-1.8772586322062845,1.190220620237422,0.10750237421510668,-0.30075895336528713,-2.7995364366700812,0.8542408915587378
0.3951255611464945,0.5342040827649102,1.9751564037043325,1.9762981338140533,0.9465478604211535,0.34825199198458406,0.020426432976791194,-0.2486583163515081,0.07789155548600081,0.757416880163614,0.0,0.033271115796147194,1.1908116837509775,1.4412329030552051,0.7233024045820874,0.10354161088915007,-0.7676484596858134,3.076056213579508,1.8169106259944967,2.852799486084625,0.8970539432117809,2.834138352581284
0.3506608093528202,-0.3387195986421566,1.078091235672781,1.2558461249381905,0.8408316346374337,0.3032395237145483,0.003609283009673196,-0.3376561788276415,-0.04160558573652475,0.017123843106590115,0.0,-0.002153551960016498,0.7724040548649338,1.3529812256638512,0.17446932465768908,0.14365285705487044,-1.264478546432723,1.5438492973835543,1.5832293337964691,-0.27282295346892244,0.4081058717614351,1.4060604614028913
0.19941786575737894,3.7592101361554366,2.749832063232408,1.5232054054569928,0.8870514510064068,0.18397343315395812,0.026551431540702476,-0.36984328063214805,-0.1095906428608913,0.22724035734101294,0.0,0.06400398665927957,-0.06406920771077175,1.8835670093814705,0.4811499073755817,0.21933233491309678,-0.9711793678180116,0.5620856715215559,0.9234292657374227,1.936007640895927,1.0831949505239524,1.1005720543189323
0.03589188560202287,2.940753631716802,2.1199198796148617,1.4994387651567085,0.6450112388498722,0.12344637569249389,0.008017551307315397,-0.7832248924407312,0.1458071703972555,0.24521785293625945,0.0,0.033101096288098965,-0.0021676471782650264,1.9791886867715125,0.2413725333754239,0.2571244821571619,2.961606945477316,0.043083398801324786,-0.9991809047250542,-0.024607980882531775,-1.7767258579183924,0.3444352549503484
0.14585082955423437,3.147171236720562,2.0407822616245803,1.6694916860448004,0.7575351436365999,0.11793430131579694,0.017229303196924044,-0.6437930368448791,-0.37669394066833284,0.20945760948540773,0.0,0.0416633701490435,-0.03109373564853174,1.9640157110414764,0.39320094195455557,0.27264273340585754,2.637815515112493,0.23580664747538907,-0.4756604105101607,1.1192555422517645,-1.1312237464319401,0.5397755030842404
0.09222957844829109,2.8713134678891175,1.515369078718942,1.8075138757300666,0.7088064608947409,0.13648283359745295,0.0429288328482894,4.239212859101578,0.02332169651171649,0.2254062963100405,0.0,0.04575591015290955,0.047534658190660425,1.9979017834420245,0.45175265876252746,0.24896191074932095,3.8198088634398695,0.12709246002561017,-0.4049074004212688,0.7680734295355469,-1.9343648853865119,0.30214309740893536
0.039063002919136655,2.7734244121200713,1.4193658150102593,2.03826872195283,0.7781147214540097,0.12709892668275208,0.03918928803253338,4.961766393122613,-0.11931404551873474,0.19585197558293668,0.0,0.037618897346106676,0.01829132166850815,1.9805348108737204,0.5994002520524542,0.26678057264309674,4.736483664401145,0.2910749138778316,3.957720255137547,0.5522831591450438,-2.0968801534496126,-0.3549964391044644
0.04399962214107977,-1.3093865606431287,2.0564641396126455,0.9351691051193718,0.5230726532879886,0.3113544342089369,0.026632207586461787,-0.4064924553166672,-0.19051192788531335,0.01998805553751321,0.0,0.01754904223780444,1.3523897924325265,0.6163798045531009,0.3197898652122835,0.15102956938888812,-1.0502063602220681,-0.18519404258685726,-1.208628932406734,-1.0650092828900737,-0.1701474356647334,0.09171317224684016
-0.02396861245545323,-1.4327814143266366,1.839901403767821,1.7533690560002746,0.7645489894740124,0.2967735507866348,0.045001572364846705,-0.3343957252240343,0.000266376526357622,0.6837498481440673,0.0,0.0239429220000647,1.3102021861589372,0.28931520785291875,0.6375262900862179,0.1116475466877662,-0.7672722523674705,0.12350303788949395,3.3137998391795316,0.8662257543819283,0.5090710840974096,0.8078498049251859
0.25012790332689105,0.571655185004573,-0.18345473271689802,1.7396434538721126,0.7223739401818844,0.31811562601518156,0.027312777993483237,-0.26465618475850194,-0.1376228061238403,0.192448501809257,0.0,0.07062565677894468,2.456778624559571,-0.29734566090528003,1.80276624512008,0.2523296582082973,-0.596561061790998,0.545322445729912,4.406854850055556,2.367592159314391,-0.5748932893670777,0.15882284030893803
0.2661718547120898,-0.09253200337118489,-1.1557270927666665,1.354603281589823,0.44278791893080893,0.2018386285852003,0.0040049790148111684,-0.40674665770617047,-0.11838570554662763,0.20453511346137837,0.0,0.06988351814607383,2.1263794478729157,0.6560945064306826,-2.325230471299573,0.23305098333048088,-1.1379597660244678,0.2751445239730631,3.51656816616061,1.5808159731962212,-0.2613922533806746,0.25065652064102417
0.2197636138909471,-0.283858305261021,-1.1785158051064208,1.3859770977789954,0.4413637871040754,0.2071959247245997,-0.002233184033673307,-0.37814768107801416,0.05003155819103822,0.18344346818621982,0.0,0.05909933614378279,1.8015075253873023,0.8081598765609591,-1.9766641576314683,0.21907971209538854,-1.0823447248797777,1.306493312992082,2.9237178034928375,1.1371318765706702,-0.27836687730065646,0.15372930812197758
0.15713399711728201,-0.6339628402414903,-1.4091425377211602,1.2841625973308461,0.4266513488650656,0.21921407818678088,-0.010580535970709907,-0.4210912971597182,0.027094365025793245,0.1712007366992937,0.0,0.05843324929059571,1.7998017584672035,0.6721466111545629,-2.2555923443617893,0.20661697943883298,-1.2158154559763368,-0.28856598145801976,2.3503737688189354,0.8095364912800417,-0.5282022403018696,0.01952971746570107
0.48550802663593795,1.9875930691670134,0.7954591225363947,1.3368616241412035,1.355974342869402,0.692419343194349,0.004567698044006805,-0.19036396731569036,0.3438244259244278,0.1014373042142047,0.0,0.06260987307511648,0.45623572264952267,-0.9587685946991448,0.7141332629793098,-0.8994308726458223,-0.5394713710048747,-0.025896296183350237,1.126056392698121,-0.2968067979737965,0.853552459765648,-0.0164333021223463
0.145632658593204,1.5068476765623051,1.324942492109512,1.3782194852850806,1.0193489089338472,0.32104169028585866,0.008721396585916606,-0.36116917995348974,0.0467255027384607,0.11799348784067987,0.0,0.026024959934933277,0.12772422911332607,-0.8303584070132592,0.8821468594413998,-0.044612515620902314,-0.8798313381864309,0.8460542622723322,1.1553631960492345,1.0488263329040368,-0.15016359028698825,0.8754913583608512
0.03973686555120595,0.9863721894021139,1.4500555577326282,1.212648240669647,0.6801341889312856,0.2339614787600089,0.0037426914502593656,-0.7310312036373758,0.5769795851820071,0.083883916801957,0.0,0.02888871322870541,0.09976605920203468,-1.0820964983504142,0.7700516181702501,-0.23027453068318698,2.021868042326918,0.8233686533283965,-2.2719591132270582,1.1620971246970586,-0.21847510568566417,0.09669999209879779
0.057909445113641794,1.584259779304214,1.2464391581025294,1.5919171456219143,0.6838504536527413,0.23372189866301263,0.07286501262566175,4.843160750026574,0.38138380260824034,0.18196058248728172,0.0,0.03229942469331486,0.11853348786468909,-0.9469158968092596,0.879527617270796,-0.10157837862809005,3.0576879710735683,1.1094073409764504,-0.9059166057384008,1.1351147912988253,0.19864154057048436,0.36733214517160834
0.11786015239885506,1.7491858670217046,1.4198033619710628,1.4391684212117664,0.8389110673574363,0.3251219788808752,0.0916096824355232,4.0584885552364165,0.8126456946344068,0.15987555265335193,0.0,0.056875500795799054,0.009951661387925737,-0.7458796251717135,0.7626930734997533,-0.06948095442342771,-0.246980170044997,1.355610011743687,-0.8473208214846413,1.4601457504926725,0.3892703916981765,0.08899931365528721
0.1470075802330031,-1.3823346283238354,1.7314479458775498,1.3780464448035104,0.7331329869993746,0.3348318119498901,0.026163954141960655,-0.3080131086940948,-0.09215074031946002,0.166753246563641,0.0,-0.1130069352083912,0.3012678506810092,-0.6460027402282705,0.9468503844912243,-0.2875731165257618,-0.8703549042682138,0.23845624362326492,1.6201002241092157,0.1019251703266479,0.28687907631244663,0.2752717194050922
0.2174058386692867,-1.231642544798059,1.8026220593684439,1.5232647800742807,0.7422298695411076,0.25984377413039444,0.02365925806548977,-0.23964564974379562,-0.0404678078268579,0.20203781642887256,0.0,-0.08685333147286853,0.3015480794102128,-0.5003316430267782,1.1214511942882899,-0.18965266069909978,-0.6559444981681969,2.6684281376404493,1.8499813143961945,0.8475495342614383,0.21203283659533187,0.5704711088156739
-0.3296529149306775,0.8593579784603014,-3.5508911737954016,0.06514807681809788,-3.9392607624170535,-3.6242532298214782,0.012614939090870341,-0.5676841895341473,-0.4744504570459666,-0.4517273841889587,0.0,-1.3127721295642534,-0.7238217081880152,-2.085825346148101,0.20073019002095208,0.12209092480679154,-2.209665970074913,-0.8177686542322586,-4.251098586053194,-1.9934247268875573,-3.1978879927757315,-1.9947654175894696
0.14661667633825123,0.8449331301600442,-0.6682842339979473,0.9514773810905568,-2.821605154288523,0.0519148477282293,0.020929968281480544,-0.3237327984938687,-0.42431756366097106,0.24056736813056995,0.0,0.008129466339222808,-0.49953779653527713,-0.82938516975459,0.9910187168796354,0.20127894242263247,-0.9675935264922255,-0.21721444177002794,0.9164238901029129,-0.5367944134170812,0.6601638329483971,0.6697603439383247
0.04814437784800481,-0.9132626264614516,-1.2892780330009475,1.079531910122184,-2.7210301810815865,0.2176068689002681,0.005400768359360709,-0.6569338262859585,-0.577620779175462,0.20444037387918107,0.0,-0.011600107017434698,-0.41516171126413964,-1.848385813383129,0.7887843685196156,0.25021263543227645,2.573515275181377,-0.5479897753543759,0.3176614492478711,-0.8072367431598226,0.2234448311988113,-0.1967977965548233
-0.008371145602956086,-1.327647058004562,-1.1856166509992487,0.9045910748819055,-3.132854802380019,0.19851556949052201,0.006452674078923918,-0.6872203877240216,-0.8770289736908667,0.18431011541343761,0.0,-0.00601841354926867,-0.46917359927970864,-1.9559712861539087,0.6294464596524857,0.18938666778390584,1.7453950877528248,-0.833910762216647,-0.0881715372262886,-2.4449828222787815,0.07299486618315196,-0.3980876101810586
0.3485558016597737,1.8154342809286261,0.3084505450656348,1.2273931970857346,-1.9641560479671656,0.229878553271005,0.02362214328272143,-0.2595848266222879,-0.2400376263671397,0.27918851180058024,0.0,0.04307017712728263,-0.09033488084641221,-0.4531563517847909,1.2190760781490124,0.2176745748842164,-0.376671237388577,0.05687064804826664,2.687031935708381,0.3673489611094413,1.599693637559478,3.4581633912459613
0.061998716526144956,-0.10647904571710552,-1.335480924225827,0.6466976075862936,-3.0292345964925813,-0.017558985998069206,0.009018367214881761,-0.4215554365096396,-0.15604857864803845,0.21770319974755414,0.0,-0.004732668037555245,-0.4787067594108807,-1.1287123582847303,0.7747166719331325,0.16949876720948734,-1.2524491009641057,-0.5994923383693594,0.6090941098055933,-1.1721847005836772,0.1348983884493898,-0.35723686928106446
0.15171752362665467,0.05021074496995326,-1.1537011940064001,0.6690943957218138,-3.008784690410429,-0.00874869995262871,0.008439451559501088,-0.413832679999281,-0.014011166600408987,0.2194766573634982,0.0,-0.0014775006692202921,-0.3566329086219553,-0.97097528369391,0.7383314601064608,0.11260740971745824,-1.1938116832556325,-0.527993260340332,0.8084746130566598,-1.0321379560852992,0.549716304543632,-0.34336607108030304
0.49663293115137774,2.0998315309059516,1.4990149175673748,1.3928716738638116,1.2097783924491814,0.6240620650342062,0.0024881202501871964,-0.2768521484920696,0.213713243395723,0.24403201309170497,0.0,0.040064534598328184,0.7447076472390566,1.993013893821914,0.9518663825869974,-0.5406185154168104,-0.670307871325216,0.6244022726687639,1.001147199868859,-0.3492113707634577,0.8113674399585931,0.15849711349518306
-0.00037291460249738457,-0.31939304192464935,2.3093780037998903,2.1959947821547603,0.8121337658074311,0.1445294892127527,0.004984877881444003,-0.22042067678934113,-0.2820031950617804,0.4258101582943729,0.0,0.026346813512324395,0.6132344608166759,1.0227648960500912,1.2413308761075235,0.21795953951988592,-1.0642988379939415,4.273254906432218,1.7535852437022355,-0.32936361550635374,10.728807473540892,0.29968846099577284
-0.00037291460249738457,-0.31939304192464935,2.3093780037998903,2.1959947821547603,0.8121337658074311,0.1445294892127527,0.004984877881444003,-0.22042067678934113,-0.2820031950617804,0.4258101582943729,0.0,0.026346813512324395,0.6132344608166759,1.0227648960500912,1.2413308761075235,0.21795953951988592,-1.0642988379939415,4.273254906432218,1.7535852437022355,-0.32936361550635374,10.728807473540892,0.29968846099577284
-0.00037291460249738457,-0.31939304192464935,2.3093780037998903,2.1959947821547603,0.8121337658074311,0.1445294892127527,0.004984877881444003,-0.22042067678934113,-0.2820031950617804,0.4258101582943729,0.0,0.026346813512324395,0.6132344608166759,1.0227648960500912,1.2413308761075235,0.21795953951988592,-1.0642988379939415,4.273254906432218,1.7535852437022355,-0.32936361550635374,10.728807473540892,0.29968846099577284
0.06850356939238472,2.0737978865454907,0.8000734856912418,-3.909629473817908,0.5079044184689748,0.3099657350239893,0.0033119211231732795,-0.19521451214527744,0.4682420237716451,1.2739621880078014,0.0,0.024339232476388965,1.5424073373428875,-0.9817610399233864,-0.14031502790110514,0.07244979340537962,-1.1616988183707253,1.2742525337355652,1.6849821277903079,-0.4308073878993017,0.6755571904512838,0.32190228278097077
0.1903860061641284,2.878099657689951,0.8066261506851337,-3.6715896544865894,0.4641284924965005,0.14468893129367902,0.003098623947262003,-0.15052110536027286,2.5491876313916197,1.126935876731798,0.0,0.02778462218188041,1.274682291803929,-0.8054609608223653,0.15986126225988662,0.19187063394304346,0.25983881322759683,2.61859999027726,2.3708850971870503,0.6845483632344407,2.1354566921166156,0.4760000499872716
0.10052081243331726,3.246025173937278,0.5382522457025203,-5.998654499209621,0.455178844055772,0.20097866829514285,0.0010593268613547267,-0.17029208371505666,2.3051146083387493,1.3782400882676946,0.0,-0.0014719771072388118,1.4529893278121415,-0.9745884681584004,0.0497416654827527,0.1358641768233133,-0.1577407242477097,0.33799454734860007,-1.3384012861822747,0.9515016359702133,0.7122068095820128,0.43223557365929766
0.16115993210117907,2.076255168145476,0.8240725802209073,-3.92157329508282,0.543251679949577,0.18160453072098243,0.0002055780380972301,-0.201544859777067,1.05638510463564,1.4305663142456728,0.0,-0.0011757947141798981,1.4749647736567577,-0.8058470077205645,0.19247075444632847,0.17842992871978558,-0.20318260469833596,2.5021804495525872,0.8623315304546567,0.15519190029714044,0.7784465215670286,0.42346628119097257
-0.05142374265234181,2.42594013853227,0.28016939963257725,-8.793833417931312,0.3888480169727505,0.21140801285192665,0.003987926394934555,-0.227935102758032,-2.359775455760088,1.016354417334576,0.0,0.011867958285809199,0.801312124117162,-1.4090236244117833,-0.19454097527840167,-0.04211567550215954,-0.7685150378208133,-0.10528745298000926,-1.4685311566005272,-0.09032079495893419,-0.10309894288841778,0.12821085137061503
0.1637043689649929,2.2668625590626506,0.8092675254686156,-3.851054290898191,0.5293657758559599,0.24415330783697806,0.0014500499939419916,-0.14460699170528424,0.5446419495771365,1.319632756825504,0.0,0.03781494831541421,1.5612983528508246,-0.7190338134077479,0.298605389414429,0.08685697527420126,-0.0467695497318802,2.9614485391887824,1.3169147944883202,0.8916017561655392,1.8621288808174945,0.45900518159210507
-0.06011170060994536,1.8113762113063336,0.491491482943327,-7.116521542794976,0.5013110325042487,0.25838915244866806,0.005573998108244238,-0.25979753386972504,-2.856487854293876,0.9865599215490019,0.0,0.016190410665354926,1.0597652954795884,-1.1084470866617107,-0.11737080035373579,-0.06031832858659018,-0.447198216876454,0.7702386420512034,0.39829105476933135,-0.12224035909948174,-0.20961104267226832,0.16747472994332616
-0.27600938404023906,0.28347064781841846,0.6013007963864505,0.1964927174264157,0.4658970454745764,0.2809093796081566,0.003304790296677842,-0.3738897504880202,-0.07793153140932921,0.07172950300647966,0.0,-0.028124654731955676,0.3646489639325024,-0.7151756925533428,-1.6437506221349591,-0.09395983176811532,-1.5576377642601993,-0.6712166433532071,0.9654564426505587,0.18307748973052065,0.40345311814246715,0.2896304462159961
-0.16463348868611105,0.3217400258948313,0.7830403437501567,0.5056866083673327,0.43566265741925864,0.2101115884220853,0.005978912819385352,-0.36578858523889923,-0.1021810844337478,0.10778537032037268,0.0,-0.01234664151146177,0.49063853140679065,-0.5075921961915383,-1.2431281739426605,0.05039644977859453,-1.020077886651171,-0.4114011630205216,1.5810410366000185,0.2275717603719762,0.8438131546696901,0.30567224580544783
-0.2033531639458046,0.26955874107902256,0.594436536576503,0.49482700803512986,0.5216090700004704,0.3257006579266239,0.0016116006867347554,-0.415574307073646,-0.29842828062571575,0.09586073158595779,0.0,-0.014946588722888282,0.35261212978643286,-0.3408065371425922,-1.0634193079763592,0.0038595904223573826,-0.7736955599595225,-0.5704949702410949,1.1733566153279527,-0.10038597053335799,0.689845483047994,0.214734987695579
-0.12682178812770162,0.462138676046315,0.39911124460095987,0.5073544541351884,0.4974761605288414,0.2662041819293269,-0.0005715884545081046,-0.6509459795534241,-0.30743199708496266,0.13106594422231058,0.0,-0.003980992462809668,0.3165180343673678,-0.5679407589581998,-1.006171734415106,-0.0757016832901173,2.724322088825397,-0.5702634904246169,0.7334717576833231,0.05126431614609943,0.6000224891533708,0.29478613108269786
-0.1881254874440169,-1.072995675760747,0.8463095839183098,0.986079415116494,0.7051387763936349,0.1896287419966531,-0.008566440165496568,-0.5189413087571456,-0.16344931282961755,0.15193303454110543,0.0,-0.005891383712744881,0.03357962396368538,1.0165410482689579,-0.9156856116854052,0.18295287078029612,-1.7885360946469573,0.5699948356449586,0.2950560529595916,0.07651846832689088,0.20459191920625472,0.23318440983522987
-0.08916112635091773,-0.624534713146721,0.6855385669861854,1.4116517612493165,0.6111987984091114,0.16003777608831216,-0.021517339318801385,-0.7198445745038782,0.24644652106567222,0.1483545882880171,0.0,0.007988242531850969,0.02026881181300872,0.9718172063226704,-0.8328425054683952,0.20961950690835893,3.6301832393389604,0.6425755651539561,0.531634788852355,0.0964298066391908,0.10421662489793486,0.2277019201936325
-0.0621087234793394,-0.2169459198209392,0.8077848528449187,1.3174298775834146,0.6507651521590255,0.19221672541445736,-0.017878670060451806,-0.8011237840991897,0.186818165516353,0.1486108105400651,0.0,0.012141672575464535,0.07184350573227906,1.025337177761681,-0.7862590717326946,0.17987522526167968,2.731252025018294,0.5286068758460001,0.5632576768248387,-0.03569616931995939,0.357332342514429,0.2895547188695123
-0.07433375772647081,-0.44073712819899324,0.3339143448739639,1.4898124399164216,0.6176259661274676,0.133314453729619,-0.10503407749479798,-0.7838596002876189,0.30697805154559454,0.10025719706448523,0.0,-0.02021910939164099,-0.09153709904000344,1.147423214350658,-0.734158656682163,0.21867033676595113,5.3178929549688725,0.6620613979723352,0.7885062757618789,0.2315872900206744,0.14682863028194904,0.2646013413915779
-0.2822235431802842,1.251847200355817,0.15918319856271165,0.8973707296930028,0.8002720805869005,0.24049939355917946,0.010464619701389472,-0.4864371220181389,-0.14172620619575216,0.15781632679411925,0.0,0.025915328691553424,0.10134083139312637,0.9797910673055973,-1.2933541608577295,0.1068094466350622,-1.6282446384325204,0.5703855026733149,0.5962377046619451,-0.06438978839924087,0.7442609373343253,-0.26389044291463987
-0.17090632082119264,2.228056688312772,0.009112434037827334,1.2497886004988978,0.529145333068153,0.1924031748319425,-0.003092943562500205,-0.6835974769248947,0.31248146987105524,0.13915904353282815,0.0,0.0385616665024815,0.12445446492237847,1.0881993166913813,-0.9429250655171615,0.1848822824030793,3.042088198562793,0.49429994049223586,-1.3815509795795116,-0.7052632244741164,0.04950649793634374,-0.12137263483503143
-0.05938448349313998,1.910634570670309,0.009848560121449797,1.4789626006214067,0.7108843934789368,0.2167754040913847,-0.08947663674787493,-0.664458685802575,0.18063055545176757,0.13162146453229628,0.0,-0.015914924961066133,0.06541903994011732,1.3705551369693638,-0.8574729639378319,0.18934651642992642,4.561277613124945,0.5602316158464693,1.2213036640468213,0.06752494367697066,-0.349725909510634,0.039504991400941054
-0.0406044981089854,1.9212576972471722,0.1078683453839617,1.5377396199592406,0.7565526662712446,0.22859626732333632,0.1677394948254981,-0.6113485943230695,0.24935817577970557,0.14223283987191498,0.0,-0.01206841210652403,0.04809730048945899,1.5628119140221957,-0.7510685031543952,0.17731779155682126,5.240450739180852,0.6155132322101862,1.2258887561634997,-0.029397610222667462,-0.32494881476172616,0.08955705834220887
-0.02966330680456266,1.8132846514804093,0.12418675046015618,1.5127478265323016,0.8259270910000222,0.2306880954901982,0.1431087677455652,-0.6595615807716312,0.31203532721872745,0.1430452852074238,0.0,-0.013104100380588297,-0.004149307269930189,1.211340447734896,-0.6587051430702926,0.18985609680456703,5.195894971033286,0.615570736935626,1.0911450346357714,0.5678008038857613,-0.36359415319069205,0.19136117127290697
-0.01510051141687976,1.8773269667015926,0.1437341289707453,1.5294854374966034,0.8343999593673882,0.2344291554177944,0.16729883114714245,-0.6166314018335132,0.33040984919039307,0.15231451646861835,0.0,-0.009004317761531551,0.009835064678512802,1.2504172149018185,-0.6311731926300532,0.19527129849505898,5.448091288687311,0.6742969297418058,1.1239048315892528,0.7726347429197408,-0.39463710240960276,0.3454817762276092
0.02390067301378103,3.191794259738814,2.298146555701146,1.4746891289541013,0.8101327895842056,0.15612453221624212,0.0272125096881851,-0.4304789703356761,-0.16097100463983538,0.1570234182885515,0.0,0.05661787079892458,-0.13006697736808107,1.7673392771865808,0.45688293844543,0.21108464806464677,-1.045302991527821,0.9789571253462911,1.5449755088985173,1.8951956685859155,-0.7706040904734504,0.6370935957836548
0.010506530063988037,3.069630294595302,1.8965008240425294,1.3472704909097373,0.7775007803133229,0.14897505563538882,0.01943398265353492,-0.5633281880603648,-0.24756787103280842,0.15157082616011297,0.0,0.05581469895449938,-0.17444949336615195,1.5635326771844584,0.31813753155684427,0.20555174915670393,-1.3610318293858084,0.1836716725903825,-0.04909001229562284,0.8899831301078495,-1.7597018493673775,0.03620746553318847
-0.009268420279667646,2.2637347246074597,1.2204841389277212,1.3325646849808332,0.7367057192334358,0.1350411735506851,0.016243983214155464,-0.7461017633347061,-0.19197466214691922,0.0928779582522763,0.0,0.027083084850772918,-0.2191195705844348,1.2571106919080905,0.17149961854307152,0.17206168394260396,-1.5402484422089187,-0.6500435191146214,0.4037740439654787,0.49201693222923115,-3.04643376926552,-1.462520825321136
0.13874338887463622,0.3803861945804273,2.27984615366284,1.7980174821174015,0.7523236485616489,0.23247043306596682,0.05323532489189505,-0.13995603712267124,0.13219302590428064,0.13242608014169477,0.0,0.04712263789929846,0.27730355211878327,1.2961120265639414,1.3316876451309163,0.16103066994820284,-0.5318408977296687,1.1405744324459612,3.8933317107530954,2.8699567714144023,3.615727588384262,2.288868634342627
0.0785770633687325,-0.9826479581800455,1.4243629835050224,1.6385153859516832,0.7130163241093725,0.23292326320746035,0.08910749433778813,1.5929165944149042,-0.5355716378727265,0.19279642149826534,0.0,0.026175813198009826,0.0366601598792932,0.9933407518905426,0.823636571033925,0.18581361519994072,-0.2085076572060729,0.8686943545916361,2.7122524776288808,1.2926513135918118,0.9341463302638395,-0.13429719846242397
0.09099067389761671,-1.1471942681152436,1.3612159207816894,1.5817528984029667,0.7082614857389973,0.24391981909182833,-0.6475757163987346,1.4251517843582076,-0.6038007016855619,0.18632031474014382,0.0,0.02050125521691332,0.03543821472075855,0.9873656587997207,0.7958644313405058,0.15348230982861646,-0.2261447372738556,0.7470784088953204,2.7345579463641565,1.0842789528892975,0.8635750360655688,-0.15768722170911215
0.02017621729537784,-2.4085344894310845,0.7421385370917409,1.2855572575360328,0.5736687241581893,0.2328208684010488,-0.7706524481903283,0.8566506614589205,-0.9971550115677407,0.16673001936498677,0.0,0.011627455809606894,-0.12699118967362996,0.549495785999619,0.2786909617742522,0.10006770959299877,-1.6957165043581144,0.372747657464609,0.6140011464218167,-1.3762804323921467,0.004321435449926802,-0.6455788962562913
0.04237767374335808,-2.3481473614270616,0.9497018325302046,1.3334665125624325,0.6080064737028644,0.23851527594235908,-0.8059093511264901,0.9402155334221807,-0.7740462411052766,0.16416064047926923,0.0,0.017607685350799266,-0.08028480778806711,0.4635445047562326,0.2159210313026783,0.09399251172071235,-0.930159866496735,0.2483929460303257,-0.3465824854818837,-0.8130263369526448,0.20029060157607315,-0.48281230679143694
0.009443346942656106,-2.6539721914034717,0.6656609160629386,1.231393773678847,0.5547341288552434,0.23387014085055846,-0.8541183403044672,1.0065194521721583,-1.0632128391996103,0.1497768947791035,0.0,-0.004493114594123906,-0.11280530634936226,0.4636094463066993,0.1764633838262652,0.09989813215674065,-1.9017683110776837,0.3559278411346903,0.3047652739944289,-1.757210443886296,-0.8296912338740708,-0.620884484121452
0.5026835884703021,-0.86391683778907,1.486306974812547,0.34724210551708723,-2.823004449544798,-1.746108164620766,0.007465485164909112,-0.32212764731005544,-0.28060054216410535,0.14318995836992673,0.0,-0.1274150985763687,0.9311532397937897,-0.8499566302751328,0.36057028541523795,0.17492471704853144,-1.5022757626543564,-0.3692515747821834,0.930111601230934,-0.3313636104379633,1.1149064482361506,0.7729563800452087
0.6610827284126464,0.8288415128322785,1.1507379732546732,1.1549788590284304,-1.427262022165163,-1.0081538044015748,0.0051555796975266835,-0.3864222646793067,-0.4881007023312768,0.1404795361147167,0.0,-0.019748583791208092,1.1640921860513145,-0.5870238649866033,0.8274845263849939,0.25851529791821326,4.383115270973875,-0.1884740720828202,1.7375764607692261,3.0384192997116544,1.1592855775219102,0.9602359717163086
0.6546292162162952,0.15026171873143912,1.7294571847382643,0.5821497558987933,-1.5398238300469937,-1.4255296662043564,0.005882558404255845,-0.3007902582978239,-0.3229206219467375,0.15705718329082508,0.0,0.28637605926928444,1.2238228181342021,-0.619267202088365,0.45931533404125596,0.18376782563825442,-1.3196827501456203,-0.20782183549953367,2.6353373838881535,1.1395436188482626,1.529071096559786,1.0081968765201885
-0.32344585823137995,-3.3456258940971924,0.34443153180938413,0.021906352724842388,-4.425209389267144,-2.2256080685580253,0.007064035620092196,-0.43832007102642845,-0.24305500492430543,0.15548484117999103,0.0,-0.12749538939964417,-1.0607120448948129,-1.5509279954217614,-0.13610895169727533,0.1638049969005094,-1.982352148878401,-1.6356899000669751,-0.5836468669676348,-3.9045479077318648,-3.3176989684144536,-1.1802568327077725
-0.3517984183996791,-2.179741901967222,0.2134786770249729,0.1931565490196155,-3.7016957541251303,-2.0868879264125444,0.003980460529892966,-0.3630092340104873,-0.23569404577500416,0.14921403682804518,0.0,-0.13347920696044946,-0.7736425342197112,-1.4628436264746933,0.056161389694325145,0.15484189647410038,-1.8487633924247548,-1.5602575955567923,0.006886577489457603,-3.094177347839701,-2.082194351253656,0.6009022143091818
-0.28819086118868914,-1.9881764455377682,0.4969017272554964,0.2506522165539902,-3.5465331703981677,-2.059051596505191,0.0009425040083863227,-0.355192951406736,-0.21187686379281462,0.12543894203697367,0.0,-0.07456460808542725,-0.8654016872556626,-1.48079348141327,-0.051213690367804154,0.1798703705394756,-1.7754766001274929,-1.2876851584404774,0.2874510662305943,-2.3215181715837443,-1.5330883789093854,0.7356843043374881
-0.042615410192086485,-1.65599518989937,1.0394500745825437,0.29855150973325867,-3.444082768343834,-1.81200887238896,0.00195989007092705,-0.3580738133117478,-0.24134017389206208,0.11967666914708365,0.0,-0.3485868206497858,-0.7361912738539542,-1.6226101423829828,0.04806518527127285,0.16147290012096335,-1.8893837620541563,-1.0157542498632388,-0.2460274672055111,-2.6364520543441836,-1.5310997587854,0.9305999941910096
