{"rf": 13.706641531363188, "xgb": 17.8023016022242, "lgb": 24.573461704408903, "cat": 17.915691204123846, "lr": 69.79496806727242, "ridgelr": 86.51240271759507, "svr": 130.29881387601844, "gsr": 46.40485211501101}