{"rf": 0.9278358222936925, "xgb": 0.9062725574704352, "lgb": 0.8706230367783071, "cat": 0.90567557188773, "lr": 0.6325360616539173, "ridgelr": 0.5445203415273634, "svr": 0.3139890075949985, "gsr": 0.7556828208573191}