{"rf": 3.003141734533101, "xgb": 3.521545323607127, "lgb": 3.93209431891244, "cat": 3.5106968485500687, "lr": 6.90344287753249, "ridgelr": 7.472991934379447, "svr": 8.801679537765564, "gsr": 4.851223698243808}