pred,true
92.44574571976324,88.56
86.08176321429364,75.7692
85.68336117899355,103.0
68.09776552462586,85.7143
86.92995751884764,77.8462
87.92430510247226,52.0
86.0777806435096,56.41
84.34381044110023,65.5
86.07072737169148,66.1479
86.03501950867305,85.7977
86.0817652777774,102.028
86.08176537897002,85.6
86.08189300441231,107.9
55.13402580699643,52.5
87.76331862838497,103.327
84.65049038580976,51.5
87.81236850649022,94.3868
99.2291321795919,81.0
