pred,true
33.4603640225304,32.1
17.16394102868984,21.8343
19.63771739979336,12.07359141
25.329436809590284,24.52
32.10390662842154,30.39
19.63771739979336,11.37670302
15.463110650040527,19.2604
19.63771739979336,23.66981428
14.838873483346932,12.09027942
14.73014900999997,14.645
12.679392025549221,26.7
28.115588647622126,42.5
28.23499658127535,35.42
13.08001223999987,16.9527
33.11144310120115,37.2
