{"rf": 0.004842556408835257, "xgb": 0.004004441996291304, "lgb": 0.004738267007219521, "cat": 0.004396301541882624, "lr": 0.01142188694588893, "ridgelr": 0.010440050635631882, "svr": 0.010025948559986684, "gsr": 0.006143790341842767}