{"rf": 0.05087193223309911, "xgb": 0.04510014355340174, "lgb": 0.05252039796877104, "cat": 0.04890161016194349, "lr": 0.0928263126328402, "ridgelr": 0.08732099110648073, "svr": 0.07930020481432291, "gsr": 0.059778830443930515}