{"rf": 0.4406438157860565, "xgb": 0.5374531123964091, "lgb": 0.45269012290501975, "cat": 0.49219002371666565, "lr": -0.3193244557603738, "ridgelr": -0.20591406553217295, "svr": -0.15808177668462098, "gsr": 0.2903403012603789}