pred,true
32.29652621307528,40.7
31.378841116904177,30.39
34.59527403138167,37.2
21.861836167196344,30.98
9.569387957900233,26.7
14.770255102907432,12.09
36.20256013107446,42.3
11.534999493696793,12.94
15.518112510047342,14.64
31.378841116904177,35.42
10.971582338024762,13.65
13.004702030718727,7.15
15.518112510047342,16.95
20.456435431501003,13.35
