{"rf": 12.049963232628937, "xgb": 13.700653722235497, "lgb": 10.795486560044246, "cat": 12.640843092555821, "lr": 15.838946110587242, "ridgelr": 15.725499891010967, "svr": 16.129842678159026, "gsr": 14.939857807757337}