pred,true
47.25649725617785,14.697
-27.093681091925717,8.66667
39.44346678256577,24.5
-31.259927515304433,9.51515
-25.332974053272668,7.15152
-26.128795017072857,9.36364
