{"rf(k)": -5.141258591630984, "xgb(k)": -25.13891612138152, "lgb(k)": -5.452658767048313, "cat(k)": -6.55193626875362, "lr(k)": -1203700.6098311685, "ridgelr(k)": 0.20905200686130365, "mlp(k)": -30.042878755788674, "svr(k)": -2.871862717490063, "gsr(k)": 0.20952756757243174}