{"rf(k)": 215.62948653893545, "xgb(k)": 917.7794710710783, "lgb(k)": 226.56324855717682, "cat(k)": 265.16065326173384, "lr(k)": 42263903.43303443, "ridgelr(k)": 27.771458748198345, "mlp(k)": 1089.9655024986375, "svr(k)": 135.94733998978242, "gsr(k)": 27.75476104520659}