{"rf(k)": 14.481136666666552, "xgb(k)": 28.787074729207358, "lgb(k)": 13.836604964198694, "cat(k)": 15.183873050401695, "lr(k)": 2975.98597559241, "ridgelr(k)": 4.122950972845293, "mlp(k)": 32.00255361938655, "svr(k)": 10.480357307264837, "gsr(k)": 3.943390635346416}