pred,true
10.86278070580171,35.76
36.15401607103588,50.0
59.54338319428413,64.1
58.40569814474517,42.9
13.55128133721822,32.0312
39.930836931458714,68.4
47.97628157811476,55.0
32.55905850440483,61.6828
0.006712728978050577,64.9
10.013148834926708,43.6
47.76621597967787,56.55
67.32410756598807,68.5241
35.871308688800234,58.9643
54.69629834100178,49.66
89.9282615196903,52.993
33.276910575519025,57.625
