pred,true
0.22002591327224838,0.17
0.21478574686410762,0.28
0.14739596974405597,0.06
0.2672737287987796,0.31
0.18598888588642368,0.21
0.14840842849312444,0.05
0.2515604960818677,0.3
0.22477457377588003,0.28
0.24305156252886992,0.34
0.24305156252886992,0.31
0.18834046544126257,0.36
0.2526458721710751,0.03
0.10483240322735694,0.15
0.16996361917261765,0.12
0.08760083769768709,0.01
0.09531170767936137,0.07
0.24811654439306613,0.36
0.17609879978756734,0.2
