pred,true
95.24581433823555,88.56
86.76489026960776,75.7692
92.70738529411764,103.0
64.39689313725468,85.7143
87.55821024509794,77.8462
93.68678186274508,52.0
83.7621291666664,56.41
78.99191299019576,65.5
65.85939852941183,66.1479
83.80833823529433,85.7977
85.5798928921571,102.028
104.21984338235298,85.6
100.14499950980432,107.9
53.14221053921565,52.5
91.90012107843158,103.327
53.50641348039199,51.5
89.17438700980404,94.3868
101.1339495098039,81.0
