pred,true
0.007425830673246175,0.0119
-1.0304674103665288,0.024206064
0.0013109020610060085,0.0058625
0.18606042087055782,0.010508273
0.10147556031619051,0.00284061
0.35752257710598734,0.27375
0.006957855472315505,0.00263567
-0.012818821645378203,0.00283491
0.0423158128078471,0.045132691
0.0423158128078471,0.037603532
0.034630012741666744,0.745139258
