pred,true
40.01264801164325,40.7
36.998839261415014,30.39
38.608732168644565,37.2
19.942584446165714,30.98
9.45825848679306,26.7
23.279449746802133,12.09
34.83048794146271,42.3
14.947302274578764,12.94
11.348678592588843,14.64
36.27124198395177,35.42
15.248163328638842,13.65
8.814543658252664,7.15
15.393072185317582,16.95
22.849860753107354,13.35
