{"rf": 5.036686530944378, "xgb": 6.046789377146755, "lgb": 4.817698339138129, "cat": 5.690212610157443, "lr": 7.0565247779238875, "ridgelr": 7.282082935655271, "svr": 6.476122994416538, "gsr": 6.944200714919226}