{"rf": 46.71546895386721, "xgb": 61.280556629380804, "lgb": 32.685722715615086, "cat": 47.89000851277259, "lr": 77.98813049079115, "ridgelr": 75.967087819162, "svr": 67.28497464030808, "gsr": 80.55989462734415}