{"rf": 0.5318877275286096, "xgb": 0.38593829272227664, "lgb": 0.672472774427544, "cat": 0.5201182559951074, "lr": 0.2185200789509053, "ridgelr": 0.2387719334000653, "svr": 0.3257710328636848, "gsr": 0.19274972105487076}