pred,true
0.26086729859533936,0.27
0.06061210559192428,0.05
0.19480990187275013,0.24
0.28683614137784286,0.21
0.06948294345310307,0.03
0.06645847543213501,0.04
0.21653137661197203,0.25
0.19206481785072785,0.14782
0.14364603592854314,0.12
0.0026764351186961796,0.04746
0.09335689356432489,0.06
0.1903728561792921,0.28012
0.06124189139714703,0.20367
0.04347682173055642,0.05
