pred,true
40.387800000000006,40.7
35.94530000000003,30.39
36.77850000000005,37.2
20.480500000000006,30.98
11.780699999999998,26.7
27.32789999999999,12.09
37.50910000000001,42.3
11.6264,12.94
15.522699999999995,14.64
35.83470000000003,35.42
14.995816666666666,13.65
8.683700000000007,7.15
15.281200000000005,16.95
18.814999999999984,13.35
