{"rf": 7.0010896659994515, "xgb": 6.083199885664506, "lgb": 6.626000395009119, "cat": 5.905578941433028, "lr": 9.676467369415061, "ridgelr": 9.66014030364534, "svr": 8.843762384529617, "gsr": 8.416450660942337}