{"rf": 88.27923662680737, "xgb": 82.04039430389173, "lgb": 84.81607038590046, "cat": 65.61339854533027, "lr": 161.99106947891016, "ridgelr": 164.79783742602046, "svr": 136.54674983006416, "gsr": 125.64901561592328}