{"rf": 0.5476329783232627, "xgb": 0.5796025175735727, "lgb": 0.5653791920178061, "cat": 0.6637789494316195, "lr": 0.169913329130991, "ridgelr": 0.15553068033057704, "svr": 0.3002970018715878, "gsr": 0.3561399810119238}