pred,true
37.33843367959786,37.1
40.6090619960199,42.3
30.865536454579,36.4
11.987172108966934,8.07692
38.59409309635258,45.38
42.72082004151389,40.7
14.613475383280383,16.9527
26.256225829799796,13.4
14.613475383280383,10.9172
6.069015716368362,6.19
22.966890947672322,38.8
14.613475383280383,12.9586
