pred,true
43.251918104687405,32.1
22.180723654666753,21.8343
20.26703452014997,12.07359141
30.32157210496269,24.52
32.685572218117194,30.39
20.26703452014997,11.37670302
16.24524939605227,19.2604
20.26703452014997,23.66981428
19.30895586239489,12.09027942
11.685377041715874,14.645
9.073578224824828,26.7
27.129801548002,42.5
27.01304159921027,35.42
11.685377041715874,16.9527
28.024284841510955,37.2
