{"rf": 0.5560874539066883, "xgb": 0.5544523900373478, "lgb": 0.3643450470076337, "cat": 0.5416077425856443, "lr": 0.3356793434418357, "ridgelr": 0.3276695971033573, "svr": 0.28926286937398615, "gsr": 0.20410147196760464}