{"rf": 0.2492171820799205, "xgb": 0.2501351241692438, "lgb": 0.35686339021966357, "cat": 0.2573462446273052, "lr": 0.372956618329294, "ridgelr": 0.3774533743440045, "svr": 0.39901531608649504, "gsr": 0.4468258221656482}