{"rf": 0.3379526157694963, "xgb": 0.2920041620975484, "lgb": 0.33836655028294155, "cat": 0.31118822616282266, "lr": 0.5277512693531358, "ridgelr": 0.5271831070099507, "svr": 0.4752330385519528, "gsr": 0.49756002213283274}