pred,true
47.980408,50.3
32.04822,32.42727273
3.1359682,3.172581818
3.9312797,4.066472727
55.245964,57.35448
48.110092,57.1375
271.06763,873.77
28.268414,27.6
45.67363,43.75
50.15348,13.16755653
19.689482,18.42655855
1542.9092,1464.37
55.245964,50.772096
6.788742,6.8
24.89444,29.9307
1075.2412,1304.756602
