{"rf": 4.805884177026431, "xgb": 42.55810208434939, "lgb": 141.95717623059076, "cat": 69.17712992259534, "lr": 64.12714769355563, "ridgelr": 102.59210518103643, "mlp": 33.90500230418991, "svr": 14.135005611219407, "gsr": 7.196987477800867}