{"rf": 92290.59367584034, "xgb": 2092.823437502003, "lgb": 73599.27926721577, "cat": 6236.907653038489, "lr": 34236.2792305225, "ridgelr": 22610.935994470987, "mlp": 4721.862804648644, "svr": 16960.6291353909, "gsr": 15256.812594480436}