{"rf": 72.74889847394591, "xgb": 8125.742141578092, "lgb": 45247.66812827807, "cat": 8306.865195161485, "lr": 7547.2506646811335, "ridgelr": 18316.909890427807, "mlp": 3657.9379838734353, "svr": 1489.5777298242222, "gsr": 241.19633800737316}