{"rf": 117514.09707175891, "xgb": 598000.1256093147, "lgb": 1198450.2090496058, "cat": 423576.7425042139, "lr": 1501157.8288207182, "ridgelr": 1474010.9399259763, "mlp": 1487271.035682085, "svr": 671056.277606197, "gsr": 1047610.559271047}