{"rf": 0.946604311059555, "xgb": -4.964071056792124, "lgb": -32.21054288572212, "cat": -5.097010392396581, "lr": -4.539474236729603, "ridgelr": -12.444107654904473, "mlp": -1.6848257890845635, "svr": -0.09330905048402394, "gsr": 0.8229685272495427}