{"rf": 0.8117246274436696, "xgb": 0.04191327471907602, "lgb": -0.920098653876755, "cat": 0.32136593831393967, "lr": -1.4050820840199858, "ridgelr": -1.361588658569235, "mlp": -1.3828333392571146, "svr": -0.07513373987310334, "gsr": -0.6784307011290713}