{"rf": 140.4388482196895, "xgb": 234.99420785019214, "lgb": 508.28180048845604, "cat": 188.9583699987627, "lr": 360.0560364282995, "ridgelr": 343.3863894954221, "mlp": 281.6114939569615, "svr": 221.9798155357598, "gsr": 240.16331101711125}