{"rf": 104.48399736853729, "xgb": 19.899352334487094, "lgb": 138.89574213281918, "cat": 35.31610695313388, "lr": 117.96626942640714, "ridgelr": 90.38095409760066, "mlp": 30.47547492520906, "svr": 61.734553592341, "gsr": 52.928667120297945}