{"rf": -5.6947376469643185, "xgb": 0.8481870871401526, "lgb": -4.33887415905371, "cat": 0.5475762068223964, "lr": -1.4834915274422151, "ridgelr": -0.640191902621946, "mlp": 0.657477198671905, "svr": -0.2303199910894651, "gsr": -0.10672554570082515}