{"rf": 1.7668150068434487, "xgb": 1.5742922120527787, "lgb": 1.488330721305152, "cat": 1.4137204356327524, "lr": 2.9324778772730795, "ridgelr": 2.9214478971257805, "svr": 2.4200066672651643, "gsr": 3.380421613052285}