{"rf": 5.362828056818027, "xgb": 4.415331148503377, "lgb": 3.9707457180524934, "cat": 3.809448069729756, "lr": 12.787259323239267, "ridgelr": 12.746988215214719, "svr": 11.228915037898483, "gsr": 18.41821685833575}