{"rf": 0.7534961973541906, "xgb": 0.7970481420408696, "lgb": 0.8174836283264568, "cat": 0.8248977171706501, "lr": 0.41223026075036495, "ridgelr": 0.4140813328264481, "svr": 0.4838599658421582, "gsr": 0.15340181608791537}