{"rf": 7.042236855311817, "xgb": 6.9983601796436, "lgb": 6.335067434013766, "cat": 6.568627468539533, "lr": 9.56590741453074, "ridgelr": 9.446345713869903, "svr": 9.20260125614235, "gsr": 9.018377948835406}