{"rf": 80.61828577930513, "xgb": 81.21951753087521, "lgb": 75.52868437158769, "cat": 69.01801234245727, "lr": 139.37824451470777, "ridgelr": 137.88761924569013, "svr": 144.42309755944848, "gsr": 127.9146821770278}