{"rf": 0.46561611435031147, "xgb": 0.46163080808295265, "lgb": 0.49935288945502776, "cat": 0.5425093295043965, "lr": 0.0761216619924523, "ridgelr": 0.08600237473156824, "svr": 0.04268150450807873, "gsr": 0.1521086781660137}