{"rf": 4.797628054241077, "xgb": 4.507150282975654, "lgb": 4.793778461500556, "cat": 4.539366435168288, "lr": 6.298153496833483, "ridgelr": 6.286575852460235, "svr": 6.078008172425328, "gsr": 5.61785281184225}