{"rf": 0.4778266018137366, "xgb": 0.5106217925326793, "lgb": 0.4196736826870273, "cat": 0.5158373815165412, "lr": 0.168082741121393, "ridgelr": 0.16608159063292693, "svr": 0.18903116365092854, "gsr": 0.24432949732751197}