{"rf": 38.59071250036378, "xgb": 36.16701611746633, "lgb": 42.88844691362708, "cat": 35.78156313250886, "lr": 61.4820285234507, "ridgelr": 61.62992158625052, "svr": 59.93385591645573, "gsr": 55.84708683922097}