pred,true
0.20917465065893068,0.17
0.21649647556889628,0.28
0.11902691934041554,0.06
0.25335082478389176,0.31
0.17673516848184734,0.21
0.10359543548584091,0.05
0.22393207417367528,0.3
0.18676945779463047,0.28
0.2865564010393828,0.34
0.2879748625778444,0.31
0.24716279264469115,0.36
0.21190987911958367,0.03
0.11721020116163552,0.15
0.14799500244611385,0.12
0.017187624930624933,0.01
0.12140553370970406,0.07
0.26379490430802344,0.36
0.19146803000475274,0.2
