{"rf": 0.0045478943987454145, "xgb": 0.003341499630817365, "lgb": 0.00872317365037518, "cat": 0.00469771319264733, "lr": 0.015174478326319083, "ridgelr": 0.009490732118577226, "svr": 0.009601893852774483, "gsr": 0.012031304932750488}