{"rf": 0.052699371854183996, "xgb": 0.04813657535084834, "lgb": 0.07895089004513363, "cat": 0.05074604658860713, "lr": 0.08377173140536166, "ridgelr": 0.07518727219166763, "svr": 0.07648127091596518, "gsr": 0.09676190241855466}