{"rf": 0.674756034611298, "xgb": 0.7610317006103463, "lgb": 0.37615974777142513, "cat": 0.6640417008238086, "lr": -0.08520714661237894, "ridgelr": 0.32126758494227536, "svr": 0.31331782180798307, "gsr": 0.13957779534021453}