{"rf": 6.171253949545218, "xgb": 6.480253567460957, "lgb": 5.913237324411516, "cat": 5.927380835464204, "lr": 9.704748854121258, "ridgelr": 9.678797101945776, "svr": 9.7990127121442, "gsr": 7.764018246615537}