{"rf": 0.5900824964750828, "xgb": 0.5843667572727105, "lgb": 0.6194476438235778, "cat": 0.6184203406382307, "lr": 0.16017018028242003, "ridgelr": 0.16493251284700594, "svr": 0.09202431351377638, "gsr": 0.3411143923301523}