{"rf": 68.3224033538594, "xgb": 69.27506586739416, "lgb": 63.428010154161754, "cat": 63.59923441756215, "lr": 139.97741301099543, "ridgelr": 139.18365816133684, "svr": 151.33552618310745, "gsr": 109.8187997930557}