pred,true
31.812847,37.1
41.37906,42.3
31.166237,36.4
13.536767,8.07692
40.1497,45.38
41.720776,40.7
14.965692,16.9527
15.109956,13.4
14.965692,10.9172
12.441665,6.19
40.79093,38.8
14.965692,12.9586
8.486681,9.36364
5.6218925,8.49
30.467335,25.0
5.6218925,3.36
34.320805,36.49
13.536767,11.8935
32.105377,39.1
14.965692,11.4497
35.636505,30.39
32.105377,37.9
7.327118,12.83
20.636227,22.5
