{"rf": 36.38904162162854, "xgb": 41.35091063191713, "lgb": 71.06095956865235, "cat": 28.972541980067554, "lr": 38.839065849718565, "ridgelr": 55.6294651669986, "svr": 60.18190266051589, "gsr": 121.82981568724993}