{"rf": 0.7348097557855537, "xgb": 0.6986494394936174, "lgb": 0.4821332911685393, "cat": 0.7888585370536186, "lr": 0.7169548606186437, "ridgelr": 0.5945924708171755, "svr": 0.5614159441246095, "gsr": 0.11214813210414831}