{"rf": 4.375527142857162, "xgb": 5.112718665259226, "lgb": 7.092390204337811, "cat": 3.8383889780303897, "lr": 4.514228252506205, "ridgelr": 5.921708217804649, "svr": 6.242116759206474, "gsr": 9.386427755689366}