{"rf": 5.61407717376909, "xgb": 5.368868904658727, "lgb": 5.153500208448762, "cat": 4.849333196675465, "lr": 9.2912600001318, "ridgelr": 9.027691612019401, "svr": 9.392107917367763, "gsr": 9.239582107180665}