{"rf": 57.085783434543885, "xgb": 58.9160842274671, "lgb": 75.3589051264295, "cat": 61.29199705235495, "lr": 144.2941946374977, "ridgelr": 143.64918063128718, "svr": 169.22358978662243, "gsr": 148.14331299454525}