{"rf": 0.6563711855082491, "xgb": 0.6453536597111882, "lgb": 0.546375828236048, "cat": 0.6310518132928395, "lr": 0.13141871656751025, "ridgelr": 0.1353013890114969, "svr": -0.018644188514850057, "gsr": 0.10824888516128472}