{"rf": 181.37223760138576, "xgb": 191.71467466235706, "lgb": 240.21491934189345, "cat": 192.2177840138731, "lr": 258.97347300811214, "ridgelr": 258.9314268289368, "svr": 256.3110987368108, "gsr": 244.09960693335302}