{"rf": 0.3922461685831071, "xgb": 0.35759006115939107, "lgb": 0.19507230255166574, "cat": 0.35590420978517157, "lr": 0.13221492695077763, "ridgelr": 0.13235581800901342, "svr": 0.14113618295692176, "gsr": 0.18205523996926543}