{"rf": 10.117562603803481, "xgb": 10.400630190843152, "lgb": 11.411703974271965, "cat": 10.30698367120228, "lr": 11.968823243815171, "ridgelr": 11.967860330719008, "svr": 11.995849208808403, "gsr": 11.664013469194634}