{"rf": 0.11627201528455305, "xgb": 0.09673486639840816, "lgb": 0.10574902452712898, "cat": 0.08453804971710464, "lr": 0.3139662930930235, "ridgelr": 0.32033592970723807, "svr": 0.2653471944614064, "gsr": 0.360103874935811}