pred,true
22.324944226207936,40.7
22.981290150812104,30.39
21.384198414474188,37.2
22.158767536039417,30.98
20.47516910919014,26.7
21.122053234438287,12.09
21.132500181241095,42.3
21.1325,12.94
21.077434128155705,14.64
21.13255624077404,35.42
21.13173758720296,13.65
14.047305660224087,7.15
21.067259828188146,16.95
21.132479645459068,13.35
