pred,true
14.624227752227274,200.0
14.61844192067467,170.0
10.367519155236872,3.969924812
10.453046994303746,2.706
10.44776208785213,0.368384545
10.349570386658561,0.774
10.455754678578502,2.177509091
10.34863419909259,0.527
10.374468903076409,1.042185455
15.371560793220548,14.66
