pred,true
36.84195166160505,9.36
7.877602012115062,7.36
65.00046245711577,24.5
24.11184358646223,5.17
28.357965121396475,14.7
27.840138105124375,45.38
-3.065278667524879,9.8
48.94779756458447,35.38
19.640289984511007,11.8
24.152320750912445,33.3
44.41129709366317,40.7
14.175403790076132,10.92
