pred,true
0.18631334902309188,0.17
0.24166200201690285,0.28
0.06088297384435165,0.06
0.23196391177393255,0.31
0.17857709586213255,0.21
0.059587195262132076,0.05
0.3240750556905872,0.3
0.25702905232426215,0.28
0.24305607082775704,0.34
0.24419858391624966,0.31
0.20400518234141535,0.35
0.25463208355158956,0.03
0.12567479725571523,0.15
0.17039044893533128,0.12
0.08464964283549675,0.01
0.0875520893760045,0.07
0.2413466747858652,0.35
0.11429986883763421,0.2
