{"rf": 2.190039387655521, "xgb": 2.012034159969645, "lgb": 2.163921201573152, "cat": 2.091048018073524, "lr": 5.145996936003762, "ridgelr": 5.048400424284308, "svr": 5.049967065447382, "gsr": 6.649692739233478}