{"rf": 1.0466116304438409, "xgb": 0.9314027009127847, "lgb": 0.9930339665119525, "cat": 0.8622311762747339, "lr": 1.7640470783148712, "ridgelr": 1.737427520095481, "svr": 1.3028020375025964, "gsr": 1.6699481277949875}