{"rf": 0.7308702220645857, "xgb": 0.7527449461761586, "lgb": 0.7340798363117289, "cat": 0.7430350833284034, "lr": 0.36761821707434206, "ridgelr": 0.37961166690651427, "svr": 0.37941914535155996, "gsr": 0.18283189775665365}