pred,true
1.8723272523230516,0.177321375
5.007281044788325,5.4021825
0.499922524533833,0.0329
1.1305242562126292,0.035175
0.47117351954190223,0.0044
1.1596241329239554,3.68253
1.1596241329239554,4.50087
1.0869358277898744,0.0306
1.320296464854776,0.076138178
