{"rf": 0.042963680635560775, "xgb": 0.037959552421654975, "lgb": 0.044707916549489135, "cat": 0.05035366245353966, "lr": 0.06516506016467445, "ridgelr": 0.07031895053264912, "svr": 0.08357045832998526, "gsr": 0.08270449685334298}