{"rf": 0.7470734551639785, "xgb": 0.7315674862447752, "lgb": 0.6242764255689408, "cat": 0.6067839818710896, "lr": 0.3979322460734661, "ridgelr": 0.27913669423660503, "svr": -0.3163758107087389, "gsr": 0.08140626235684845}