{"rf": 0.0021896800200420525, "xgb": 0.002323921012247063, "lgb": 0.003252779990031727, "cat": 0.0034042186399042746, "lr": 0.005212326497162391, "ridgelr": 0.006240784172475552, "svr": 0.011396359419073005, "gsr": 0.007952610727976445}