pred,true
0.24246006,0.17
0.21276861,0.28
0.040724777,0.06
0.26549917,0.31
0.23602211,0.21
0.21521215,0.05
0.2592171,0.3
0.24633776,0.28
0.41164148,0.34
0.41164148,0.31
0.16516182,0.36
0.15705957,0.03
0.12252291,0.15
0.11700034,0.12
0.018867705,0.01
0.16309527,0.07
0.3540772,0.36
0.19353558,0.2
