{"rf": 6.950172536392611, "xgb": 6.736578201880822, "lgb": 6.743350373460014, "cat": 6.567748519007728, "lr": 10.056010628872924, "ridgelr": 9.998902428645563, "svr": 10.278456507867805, "gsr": 9.153883656518733}