{"rf": 0.4931727419252968, "xgb": 0.5205973091512583, "lgb": 0.49074012853443405, "cat": 0.538274397488548, "lr": 0.0036237303810894295, "ridgelr": 0.005510029286207141, "svr": -0.19188024268348358, "gsr": 0.14956687310819716}