{"rf": 76.461034528637, "xgb": 72.32370618216495, "lgb": 76.82802374145115, "cat": 69.65690316360268, "lr": 150.31543615915191, "ridgelr": 150.03086510773804, "svr": 179.80957996617806, "gsr": 128.29814427618373}