pred,true
0.23129935372841015,0.17
0.2197866381638218,0.28
0.10434852362919084,0.06
0.28304782996481137,0.31
0.18223030369459942,0.21
0.1316986974034583,0.05
0.26691040157701573,0.3
0.2282782009827704,0.28
0.257081238231429,0.34
0.257081238231429,0.31
0.1814128575536984,0.36
0.2543873724282387,0.03
0.09166936110419788,0.15
0.1660772431866859,0.12
0.0820495016317452,0.01
0.10730339415151693,0.07
0.2697636101793429,0.36
0.15402269020884113,0.2
