pred,true
40.41432660108071,40.7
37.653511350795775,30.39
36.174144142471924,37.2
24.932527811318153,30.98
10.145070366528152,26.7
18.224864287574427,12.09
31.04837655973494,42.3
23.312758883464475,12.94
12.77169414662135,14.64
36.42369708675519,35.42
17.656036092609035,13.65
12.787481949324722,7.15
14.363804682880755,16.95
21.183504245268068,13.35
