{"rf": 5.128728940916945, "xgb": 5.434678575894425, "lgb": 5.2780131226673515, "cat": 4.993661947849036, "lr": 6.700275881893379, "ridgelr": 6.6371850489782975, "svr": 6.55766547110649, "gsr": 6.21653098633237}