{"rf": 0.5208929140532107, "xgb": 0.45145960987534006, "lgb": 0.4394769478278755, "cat": 0.5050964573765963, "lr": 0.2059281860822807, "ridgelr": 0.2206572607518147, "svr": 0.23227459346067736, "gsr": 0.2518052127814139}