{"rf": 44.96464461529603, "xgb": 51.48102464472945, "lgb": 52.60560859748962, "cat": 46.44715673310632, "lr": 74.52437661462437, "ridgelr": 73.14203928868193, "svr": 72.0517418333659, "gsr": 70.2187750861968}