pred,true
37.44150114334877,32.1
17.098200000934618,21.8343
18.460383528956466,12.07359141
30.21354585224374,24.52
25.30664185462399,30.39
18.460383528956466,11.37670302
16.172264047792424,19.2604
18.460383528956466,23.66981428
15.142225295341715,12.09027942
13.805368050199018,14.645
11.557738134231677,26.7
23.83553800951271,42.5
24.444683602520882,35.42
13.530427183333412,16.9527
31.674739339296117,37.2
