pred,true
40.335549759353,40.7
37.32138705359472,30.39
39.54983288089721,37.2
19.97691481981843,30.98
8.877166006068418,26.7
23.100855286858913,12.09
35.36332248755758,42.3
14.672658222847584,12.94
10.58576671698216,14.64
36.58284485599421,35.42
14.308120180859131,13.65
8.844031199534637,7.15
15.152147366448897,16.95
23.424799502727236,13.35
