{"rf": 0.6427305661229221, "xgb": 0.5587766378858228, "lgb": 0.6653157018405365, "cat": 0.6609833628001792, "lr": 0.3529479852706724, "ridgelr": 0.3344054574342694, "svr": 0.2503132621241245, "gsr": 0.24263002887319618}