{"rf": 0.1548235179069196, "xgb": 0.19120514275155967, "lgb": 0.14503619821863822, "cat": 0.1469136271487167, "lr": 0.2804014552882853, "ridgelr": 0.2884369017001567, "svr": 0.3248784448938906, "gsr": 0.3282079914154031}