{"rf": 0.27449968982952244, "xgb": 0.27995755560477575, "lgb": 0.2874264864475387, "cat": 0.2592282382907196, "lr": 0.39535714543289086, "ridgelr": 0.40722472053247266, "svr": 0.3944723718047564, "gsr": 0.4006882414575477}