pred,true
40.554962,40.7
35.992115,30.39
30.53099,37.2
22.249752,30.98
12.897514,26.7
13.574159,12.09
39.460148,42.3
8.045841,12.94
16.684137,14.64
34.99026,35.42
17.374205,13.65
9.922712,7.15
17.134531,16.95
19.708582,13.35
