pred,true
17.512793429085832,8.07692
20.57476619074579,13.35330033
16.365566640408034,5.167
20.28592843022784,15.59457151
20.841367322480576,42.3
20.87315011741572,23.9
17.567545577861992,11.4497
20.461465578945045,14.697
19.60902851394099,24.5
17.64927336179648,12.9586
17.712711220559367,21.8343
17.309788097528735,24.52
19.059577436171537,12.83668421
17.60886091301103,10.9172
18.874000422036158,7.15152
20.56250132820631,59.0
17.46472856365599,10.8284
