pred,true
22.943974153830094,13.648
25.393327959737668,51.5
24.9045184908465,12.09432553
26.145423566124766,15.25488117
20.610775951214812,17.0414
20.61043898637744,10.9172
22.358380795185028,12.943
25.24251636001744,60.2
26.01464765460641,13.35330033
20.535473726829583,11.8935
24.74542524304291,24.5
25.67873052597665,14.697
25.652369331335244,42.9
20.47911918943312,8.07692
25.894064061591898,23.9
20.591213454414078,12.9586
21.88681339622893,7.15152
