pred,true
16.83660769800653,8.07692
20.160830667107923,13.35330033
17.087515953938198,5.167
20.03847608771062,15.59457151
20.416502886630926,42.3
20.621821609301087,23.9
17.007643812283817,11.4497
20.06520858988287,14.697
19.22446231998734,24.5
17.01466058176385,12.9586
17.19416337515622,21.8343
17.43311659333454,24.52
18.706858143211292,12.83668421
17.01121008462659,10.9172
17.301268585889563,7.15152
20.178789788210516,59.0
16.83000481244202,10.8284
