pred,true
41.136267918067446,40.7
40.35556781633133,30.39
37.86185657569436,37.2
25.51701296403843,30.98
9.287797358035043,26.7
17.717881367165,12.09
31.996128077951845,42.3
23.55160058531068,12.94
12.552414126901354,14.64
39.22585974614876,35.42
17.74737384149939,13.65
10.036210067275618,7.15
13.89264360680071,16.95
19.837293265499895,13.35
