pred,true
31.70698269752512,40.7
26.74052392978774,30.39
32.06207667615412,37.2
18.511041413333796,30.98
9.225875750270353,26.7
15.692694109393843,12.09
33.040476618715914,42.3
16.649094774362105,12.94
13.4977521523758,14.64
26.74052392978774,35.42
11.957322591638887,13.65
17.68522724569385,7.15
13.4977521523758,16.95
23.20367761803099,13.35
