{"rf": 0.404341030224054, "xgb": 0.8825964926992812, "lgb": 0.8521446163696036, "cat": 0.8748544039748667, "lr": -0.13893966739532493, "ridgelr": 0.051524561201859886, "mlp": 0.9592441149463121, "svr": -0.24948881555329283, "gsr": -0.282321431484881}