{"rf": 154.4444940748407, "xgb": 60.945349654061815, "lgb": 73.20298600080132, "cat": 92.20295531208802, "lr": 389.08508756462663, "ridgelr": 334.39311127291893, "mlp": 51.50781294588954, "svr": 241.48018699834788, "gsr": 251.23036047603574}