{"rf": 134325.72023627968, "xgb": 26475.40199447729, "lgb": 33342.53642555734, "cat": 28221.30308353726, "lr": 256839.73362491597, "ridgelr": 213888.57199767206, "mlp": 9190.768361572524, "svr": 281769.424440135, "gsr": 289173.43412693724}