pred,true
1.3677441414504878,4.484824281
0.36405689842354855,0.18
0.40920076295176055,0.6
1.2878998667967125,3.306709265
0.39935884821164225,1.12
1.230176781457847,0.17571885
0.3435377672424056,0.008
0.4013405851860648,0.03
0.3881435566155852,1.7
0.4056015348619028,0.4
0.4052802133068224,1.1
0.4022855164084632,0.08
