pred,true
0.2170462689613549,0.17
0.21971452666693267,0.28
0.14646847772744828,0.06
0.26826407906125826,0.31
0.18533349666770324,0.21
0.1524621513219055,0.05
0.2490105351433045,0.3
0.2214382012312729,0.28
0.24507282838273692,0.34
0.24451520649552022,0.31
0.19286732557498423,0.35
0.25488534433394305,0.03
0.10648294071403067,0.15
0.17266209562113471,0.12
0.08414641533823292,0.01
0.08956800046858385,0.07
0.24713921643306458,0.35
0.17728484543266715,0.2
