{"rf": 0.8619551524703409, "xgb": 0.8591692350125064, "lgb": 0.8682174699465965, "cat": 0.8467269043139155, "lr": 0.37375811259628455, "ridgelr": 0.33316103413411946, "svr": 0.32876880469030256, "gsr": 0.3328652328129148}