{"rf": 9.337683887723868, "xgb": 9.526130012473004, "lgb": 8.914085745205142, "cat": 10.367759040785725, "lr": 42.3605001307353, "ridgelr": 45.10658368422232, "svr": 45.40368459630022, "gsr": 45.126592393568664}