{"rf": 2.315142187058108, "xgb": 2.3822519609202515, "lgb": 2.335094091667188, "cat": 2.4507843880230182, "lr": 5.2534466574702705, "ridgelr": 5.715272162607878, "svr": 5.754346110407887, "gsr": 5.527685691714537}