pred,true
8.960442142178408,35.76
48.02092566425198,50.0
61.7991864086087,64.1
60.27568814252757,42.9
74.15015716954092,32.0312
58.31119696604134,68.4
48.07558141152013,55.0
71.06063741111066,61.6828
79.30862839308509,64.9
66.58348037361745,43.6
58.50753199523179,56.55
70.86583288855417,68.5241
52.90521583558831,58.9643
52.39170327091104,49.66
61.48034447965168,52.993
56.430354529453524,57.625
