pred,true
0.2222093270829119,0.27
0.066255482867324,0.05
0.1402751812232538,0.24
0.2528568861750526,0.21
0.06297289699668299,0.03
0.06812224928514332,0.04
0.22593234519678151,0.25
0.09834010122952154,0.14782
0.12793623941267518,0.12
0.03512989504208036,0.04746
0.057495739065000454,0.06
0.19990893800262377,0.28012
0.025309891796773037,0.20367
0.1120102061692772,0.05
