{"rf(k)": 0.956910132614566, "xgb(k)": 0.9952329054728705, "lgb(k)": 0.9331326570744993, "cat(k)": 0.9501956375697211, "lr(k)": 0.9258172705890385, "ridgelr(k)": 0.8887081081188852, "mlp(k)": 0.950258872126782, "svr(k)": -0.05134395300619454, "gsr(k)": 0.9502464538176557}