{"rf(k)": 33707328.23540172, "xgb(k)": 3729090.6123665473, "lgb(k)": 52307412.693057664, "cat(k)": 38959785.53324134, "lr(k)": 58029921.21759308, "ridgelr(k)": 87058804.2432379, "mlp(k)": 38910319.89085257, "svr(k)": 822420626.0672774, "gsr(k)": 38920034.193709515}