{"rf(k)": 1683.2734127819772, "xgb(k)": 717.7585576674288, "lgb(k)": 4071.784731534549, "cat(k)": 2787.808912521425, "lr(k)": 5494.150389175913, "ridgelr(k)": 6470.979629779105, "mlp(k)": 2837.2478976949255, "svr(k)": 6866.416631773479, "gsr(k)": 1571.772270697728}