pred,true
14.406316866826643,50.3
14.225041283001623,32.42727273
14.564871947121805,3.172581818
14.558797832916818,4.066472727
14.681746411025813,57.35448
14.412669856282102,57.1375
13.478464602841479,873.77
14.230374810483799,27.6
14.417779343667643,43.75
14.793471439592789,13.16755653
15.00730182467851,18.42655855
16.377099821604062,1464.37
14.681898208081508,50.772096
12.307292689954007,6.8
14.987394158926142,29.9307
15.023952953600222,1304.756602
