{"RandomForest(k)": 151.36742702800285, "XGBoost(k)": 152.4135854655579, "Lightgbm(k)": 176.73121228036328, "Catboost(k)": 139.53106573902872, "RidgeRegression(k)": 313.3004337423109, "LinearRegression(k)": 306.20161087630305, "MLP(k)": 259.47458173952725, "SVR(k)": 399.5565073010822, "GR(k)": 885.0490735165604}