{"rf": 4.756394860166286, "xgb": 5.1833879642486576, "lgb": 4.954581301163095, "cat": 4.323709276548241, "lr": 8.811197729018456, "ridgelr": 8.797887607468354, "svr": 8.83480052799894, "gsr": 10.628535028471033}