{"rf": 0.7527671733418028, "xgb": 0.7518850073661083, "lgb": 0.767641433018267, "cat": 0.8111276912788077, "lr": 0.37081574874980294, "ridgelr": 0.384668717643322, "svr": 0.32693434060012294, "gsr": 0.18007306898694153}