{"rf": 56.32553466288596, "xgb": 56.52651311268985, "lgb": 52.93682354261987, "cat": 43.02961672012293, "lr": 143.34317910837146, "ridgelr": 140.18714238726676, "svr": 153.34041050033434, "gsr": 186.79891096200635}