pred,true
0.19351672999827024,0.17
0.2156476568446039,0.28
0.049127378975246494,0.06
0.29498185663800375,0.31
0.21560957141036502,0.21
0.033378302432778784,0.05
0.20272214468553632,0.3
0.19150789057870618,0.28
0.40319022577536945,0.34
0.38457278507654763,0.31
0.18362306231977626,0.36
0.13929017622549972,0.03
0.14376826270984455,0.15
0.11885937723777316,0.12
0.01991034712688572,0.01
0.12556237556507568,0.07
0.32781207784133204,0.36
0.2125510981925006,0.2
