pred,true
0.1831061622879147,0.17
0.18066284024436116,0.28012436
0.1778521517459582,0.06
0.1831061622879147,0.31
0.18066284024436116,0.211626934
0.1778521517459582,0.05
0.18208312938390023,0.3
0.18066284024436116,0.283
0.1831061622879147,0.34
0.1831061622879147,0.31
0.1831061622879147,0.355
0.17956884364577264,0.03
0.1801353117493545,0.147816393
0.1774259864656626,0.12
0.17418503959899137,0.009720585
0.1774259864656626,0.07
0.18208312938390023,0.355
0.1774259864656626,0.197
