pred,true
42.781629353256676,40.7
37.22593748190222,30.39
42.23457203460943,37.2
27.419165101370915,30.98
8.220413766177671,26.7
18.117909998879426,12.09
37.45289692189831,42.3
19.07319108174501,12.94
11.536569074231885,14.64
36.13679072420953,35.42
15.936045975017542,13.65
7.747618180066134,7.15
13.920172617780388,16.95
15.462530352946828,13.35
