pred,true
0.20360242739905132,0.177321375
3.5985244003585297e-09,5.4021825
0.28820643643446786,0.0329
0.009933535938232652,0.035175
1.0025940484893616e-32,0.0044
1.3971099853515625,3.68253
1.3971099853515625,4.50087
4.761008596080533e-05,0.0306
0.1318247594381895,0.076138178
