pred,true
40.558679325403766,40.7
35.24933768117377,30.39
32.252176049473945,37.2
22.8683901906575,30.98
11.88983774042167,26.7
15.336076529905284,12.09
38.22045059580557,42.3
13.255130802691161,12.94
16.92604385122916,14.64
34.395630670852405,35.42
25.94040895049199,13.65
7.610521910766936,7.15
16.7971166561865,16.95
17.60772858335988,13.35
