pred,true
0.20720348726641732,0.17
0.19918123058665607,0.28
0.05415131473122384,0.06
0.2511734579435775,0.31
0.21162697396670244,0.21
0.070594644886041,0.05
0.20226118320348568,0.3
0.20332062188371747,0.28
0.3413409319095997,0.34
0.3286613168611147,0.31
0.21265071698434318,0.36
0.1830743506644585,0.03
0.13088927704392955,0.15
0.13049845030528212,0.12
0.044694851279322934,0.01
0.12772983213566766,0.07
0.27205582961762065,0.36
0.23223907936176447,0.2
