pred,true
0.20692313780049743,0.17
0.2810022142298203,0.28
-0.005186098162761166,0.06
0.22007721290094306,0.31
0.18879870601275983,0.21
-0.003330486573435043,0.05
0.3424868881340094,0.3
0.25927403636073687,0.28
0.2532653362213657,0.34
0.2578198340338993,0.31
0.3695868428795579,0.36
0.1821772825951289,0.03
0.1537386635149589,0.15
0.16125239125601765,0.12
0.073226978512127,0.01
0.13233820656463124,0.07
0.42288388250880704,0.36
0.09621831585826279,0.2
