pred,true
36.10096823826483,37.1
32.99248441115122,42.3
38.996216463163705,36.4
14.79637411994366,8.07692
36.2567900051187,45.38
35.648235349547676,40.7
4.985313587076014,16.9527
10.459760302939436,13.4
8.079346686110433,10.9172
9.253113455768705,6.19
34.433892223590874,38.8
6.737275546718784,12.9586
