{"rf": 0.612549532457287, "xgb": 0.488671846832218, "lgb": 0.41444653369581597, "cat": 0.4382323000312355, "lr": 0.07914562549821524, "ridgelr": 0.07338989237733962, "svr": 0.2749085128860792, "gsr": 0.1731585454037895}