{"rf": 0.006437186472257558, "xgb": 0.008495317327480646, "lgb": 0.009728512849610335, "cat": 0.009333330946081563, "lr": 0.015299275182339549, "ridgelr": 0.015394902186272746, "svr": 0.012046827925131592, "gsr": 0.013737324050697464}