{"rf": 0.059984580503603, "xgb": 0.061366039862898854, "lgb": 0.0820003085830504, "cat": 0.06972118951104725, "lr": 0.09514097068358, "ridgelr": 0.09337703134906951, "svr": 0.09640292334354508, "gsr": 0.08881737404005584}