{"RandomForest(k)": 7.476513574046579, "XGBoost(k)": 7.399220714818921, "Lightgbm(k)": 6.700963273621275, "CatRegression(k)": 7.0040545369997345, "RidgeRegression(k)": 8.97197218740504, "LinearRegression(k)": 8.865336403952726, "MLP(k)": 8.361371820656665, "SVR(k)": 8.7777490427008, "GaussR(k)": 12.560660649862601}