{"RandomForest(k)": 0.7316208415632404, "XGBoost(k)": 0.7394664731665013, "Lightgbm(k)": 0.7962376825009564, "CatRegression(k)": 0.7887890692161856, "RidgeRegression(k)": 0.5955230016965913, "LinearRegression(k)": 0.579217657095231, "MLP(k)": -0.07753896496497159, "SVR(k)": 0.1350309747538364, "GaussR(k)": 0.31676554921730926}