{"RandomForest(k)": 11.021405361382069, "XGBoost(k)": 9.405464181642273, "Lightgbm(k)": 9.24393161005185, "CatRegression(k)": 10.433430479431962, "RidgeRegression(k)": 14.717829727510228, "LinearRegression(k)": 14.166662154571087, "MLP(k)": 11.429059956564386, "SVR(k)": 14.312995846286148, "GaussR(k)": 35.36797297226157}