{"RandomForest(k)": 113.96232817511778, "XGBoost(k)": 107.39159635578098, "Lightgbm(k)": 116.4326090651477, "CatRegression(k)": 103.12967059627802, "RidgeRegression(k)": 179.28704633073926, "LinearRegression(k)": 182.933939477892, "MLP(k)": 167.19645261459115, "SVR(k)": 192.10301872582457, "GaussR(k)": 684.9109791284271}