{"RandomForest(k)": 0.5112927728545132, "XGBoost(k)": 0.6471597034489186, "Lightgbm(k)": 0.264760317122786, "CatRegression(k)": 0.37917933796676984, "RidgeRegression(k)": 0.12959504578471004, "LinearRegression(k)": 0.11276230203931292, "MLP(k)": -0.057649348630293806, "SVR(k)": 0.05928566939090274, "GaussR(k)": -0.06087757749561318}