{"RandomForest(k)": 0.25014397646886544, "XGBoost(k)": 0.39418639092944585, "Lightgbm(k)": 0.41349355060610093, "CatRegression(k)": 0.30665195363403697, "RidgeRegression(k)": -0.025755275674288702, "LinearRegression(k)": 0.026370614718289165, "MLP(k)": 0.04701838356957089, "SVR(k)": 0.02021064372454562, "GaussR(k)": -4.324806354032767}