{"RandomForest(k)": 0.7963465659197314, "XGBoost(k)": 0.7121446728713892, "Lightgbm(k)": 0.6758954552757293, "CatRegression(k)": 0.867355972463178, "RidgeRegression(k)": 0.6002467211845914, "LinearRegression(k)": 0.5856606422076895, "MLP(k)": -1.6790820914636915, "SVR(k)": 0.1718211355389112, "GaussR(k)": 0.09304217249539248}