{"RandomForest(k)": 111.89299349635861, "XGBoost(k)": 114.76545045536889, "Lightgbm(k)": 102.28706537265101, "CatRegression(k)": 113.01379054656594, "RidgeRegression(k)": 187.22392861278283, "LinearRegression(k)": 184.919039520827, "MLP(k)": 196.3229391159046, "SVR(k)": 196.08118200414185, "GaussR(k)": 684.0066898681387}