{"RandomForest(k)": 10.23090908613914, "XGBoost(k)": 10.78557588010221, "Lightgbm(k)": 8.9233356676581, "CatRegression(k)": 10.071993978886693, "RidgeRegression(k)": 14.78118949683158, "LinearRegression(k)": 14.343059379441238, "MLP(k)": 13.74888511444021, "SVR(k)": 14.13322565561967, "GaussR(k)": 35.12765756077574}