{"RandomForest(k)": 5.441689032945081, "XGBoost(k)": 6.05940370692528, "Lightgbm(k)": 6.536129059608626, "CatRegression(k)": 4.671518804177002, "RidgeRegression(k)": 7.551125980052261, "LinearRegression(k)": 7.979558742329618, "MLP(k)": 12.729673768793488, "SVR(k)": 11.260555691476323, "GaussR(k)": 10.287449342471161}