{"RandomForest(k)": 3.155255328508246, "XGBoost(k)": 2.3002734918001293, "Lightgbm(k)": 2.281833536754842, "CatRegression(k)": 2.6264715835732226, "RidgeRegression(k)": 4.348345094261904, "LinearRegression(k)": 4.395014032316054, "MLP(k)": 6.927558827126999, "SVR(k)": 4.869833998740076, "GaussR(k)": 5.675793203448111}