{"RandomForest(k)": 2.5085325110462318, "XGBoost(k)": 1.8111280250048076, "Lightgbm(k)": 3.7739827558550676, "CatRegression(k)": 3.186670316573781, "RidgeRegression(k)": 4.467785627354265, "LinearRegression(k)": 4.554188042931534, "MLP(k)": 5.42891045795017, "SVR(k)": 4.828683413837677, "GaussR(k)": 5.445480945579446}