{"RandomForest(k)": 4.280212687856138, "XGBoost(k)": 3.0142676800106836, "Lightgbm(k)": 5.6671558418920105, "CatRegression(k)": 1.4213681371060716, "RidgeRegression(k)": 1.2308176546680853, "LinearRegression(k)": 1.750399324561629, "MLP(k)": 7.9689664679146235, "SVR(k)": 0.9020867258016381, "GaussR(k)": 0.9143913231713029}