{"RandomForest(k)": -2.6981118636600137, "XGBoost(k)": -1.832052157120375, "Lightgbm(k)": -5.882939038576257, "CatRegression(k)": -0.7563579705469743, "RidgeRegression(k)": -0.9132754784556887, "LinearRegression(k)": -0.5366339031626577, "MLP(k)": -6.47586079253951, "SVR(k)": -0.10202496815006357, "GaussR(k)": -0.09104340766913421}