{"RandomForest(k)": 258.1684209522284, "XGBoost(k)": 208.57596383450488, "Lightgbm(k)": 201.92868919727232, "CatRegression(k)": 238.71325252237693, "RidgeRegression(k)": 353.15795498607935, "LinearRegression(k)": 335.21149807824605, "MLP(k)": 328.1026642311566, "SVR(k)": 337.3323185219859, "GaussR(k)": 1833.2810635079918}