{"RandomForest(k)": 0.2518144437490808, "XGBoost(k)": 0.18657597321270014, "Lightgbm(k)": 0.42198137785411527, "CatRegression(k)": 0.3181877738132609, "RidgeRegression(k)": -0.04456670014696673, "LinearRegression(k)": 0.026786523090470693, "MLP(k)": 0.022256511482253827, "SVR(k)": 0.05510527116098218, "GaussR(k)": -4.293848207802331}