{"RandomForest(k)": 7.059248789712148, "XGBoost(k)": 6.893528463374648, "Lightgbm(k)": 7.396017152825633, "CatRegression(k)": 6.905686610254663, "RidgeRegression(k)": 10.47442475594809, "LinearRegression(k)": 10.524913269626989, "MLP(k)": 9.205488790073638, "SVR(k)": 10.458278567808307, "GaussR(k)": 20.87273193458899}