{"RandomForest(k)": 3.051352949005177, "XGBoost(k)": 2.3367575184199985, "Lightgbm(k)": 5.679189031452557, "CatRegression(k)": 1.4491903626823235, "RidgeRegression(k)": 1.578664731809146, "LinearRegression(k)": 1.267893607554695, "MLP(k)": 6.168415320214551, "SVR(k)": 0.9092929744731973, "GaussR(k)": 0.9002319676152275}