{"RandomForest(k)": -4.187438354225617, "XGBoost(k)": -2.653166072226652, "Lightgbm(k)": -5.86835531725158, "CatRegression(k)": -0.7226385994363635, "RidgeRegression(k)": -0.49169940246152666, "LinearRegression(k)": -1.1214106058803397, "MLP(k)": -8.65805330573507, "SVR(k)": -0.09329129684092652, "GaussR(k)": -0.10820395305303476}