{"RandomForest(k)": 0.927904331982702, "XGBoost(k)": 0.8121179185635745, "Lightgbm(k)": 1.0438299637419046, "CatRegression(k)": 0.999112260155663, "RidgeRegression(k)": 1.3661381160962105, "LinearRegression(k)": 1.387406575417646, "MLP(k)": 1.2827366955277966, "SVR(k)": 1.1927224218603614, "GaussR(k)": 1.3412065069981276}