{"RandomForest(k)": 82.34306666592435, "XGBoost(k)": 79.93589999207913, "Lightgbm(k)": 62.51757473105208, "CatRegression(k)": 64.80292976327266, "RidgeRegression(k)": 124.10008523064462, "LinearRegression(k)": 129.1028286826368, "MLP(k)": 330.60638293993844, "SVR(k)": 265.3864872543282, "GaussR(k)": 209.62738037093973}