{"RandomForest(k)": 0.4534295105356767, "XGBoost(k)": 0.48494315336960625, "Lightgbm(k)": 0.44158188810817345, "CatRegression(k)": 0.5053836172117686, "RidgeRegression(k)": 0.1401280560271978, "LinearRegression(k)": 0.12263732725408583, "MLP(k)": 0.19811530349019058, "SVR(k)": 0.0786618468235809, "GaussR(k)": -2.2848761085897884}