{"RandomForest(k)": 7.337926849149129, "XGBoost(k)": 7.28012854219565, "Lightgbm(k)": 7.195244585004486, "CatRegression(k)": 7.124041027505711, "RidgeRegression(k)": 9.208638396265906, "LinearRegression(k)": 8.941579158581664, "MLP(k)": 9.834489923918602, "SVR(k)": 8.854305354924742, "GaussR(k)": 12.546472909612518}