{"RandomForest(k)": 1.0202576491141635, "XGBoost(k)": 0.9087399809146977, "Lightgbm(k)": 1.3209262717382135, "CatRegression(k)": 0.7771727274465141, "RidgeRegression(k)": 0.8724900620854195, "LinearRegression(k)": 1.1046377139398593, "MLP(k)": 1.6167003580016643, "SVR(k)": 0.5119619171715826, "GaussR(k)": 0.6197203288468202}