{"RandomForest(k)": 0.2413197740516403, "XGBoost(k)": -0.05541663481653192, "Lightgbm(k)": 0.35367061831879476, "CatRegression(k)": 0.3483383388635355, "RidgeRegression(k)": 0.01280686739259329, "LinearRegression(k)": 0.026851431129395587, "MLP(k)": 0.12388558024633656, "SVR(k)": -0.0916763017834159, "GaussR(k)": -1.046750611680161}