{"RandomForest(k)": 257.59329467938113, "XGBoost(k)": 280.054290384134, "Lightgbm(k)": 199.00640960069563, "CatRegression(k)": 234.741577445294, "RidgeRegression(k)": 359.63455262558836, "LinearRegression(k)": 335.06830471266994, "MLP(k)": 336.6279453731281, "SVR(k)": 325.3184244112758, "GaussR(k)": 1822.6224630872296}