{"RandomForest(k)": 0.2896945886880993, "XGBoost(k)": -0.22930062397747708, "Lightgbm(k)": 0.20545944971867702, "CatRegression(k)": 0.3621831382770516, "RidgeRegression(k)": 0.0008761205644008951, "LinearRegression(k)": 0.015293435920320397, "MLP(k)": -0.4913104779509363, "SVR(k)": -0.08712883070107047, "GaussR(k)": -1.0486189263396253}