{"RandomForest(k)": 0.46335416973092336, "XGBoost(k)": 0.44957768559628075, "Lightgbm(k)": 0.5094248048294463, "CatRegression(k)": 0.45797875662615894, "RidgeRegression(k)": 0.10206226969953291, "LinearRegression(k)": 0.11311666266714104, "MLP(k)": 0.058422843373578504, "SVR(k)": 0.059582325678157244, "GaussR(k)": -2.280539080454897}