{"RandomForest(k)": 0.9399251070102193, "XGBoost(k)": 0.9396830872017027, "Lightgbm(k)": 0.9457133586272062, "CatRegression(k)": 0.954834079287733, "RidgeRegression(k)": 1.3281069858162058, "LinearRegression(k)": 1.3436666406013462, "MLP(k)": 1.6334349146297447, "SVR(k)": 1.1789444384326098, "GaussR(k)": 1.377258853269871}