{"RandomForest(k)": 114.4912853257589, "XGBoost(k)": 159.27132794753592, "Lightgbm(k)": 97.53658935816395, "CatRegression(k)": 98.34127558520464, "RidgeRegression(k)": 148.9758224233427, "LinearRegression(k)": 146.85637855348824, "MLP(k)": 132.2131018831324, "SVR(k)": 164.7432194434994, "GaussR(k)": 308.87203891418557}