{"RandomForest(k)": 107.1911152202308, "XGBoost(k)": 185.51189773663438, "Lightgbm(k)": 119.90291262887912, "CatRegression(k)": 96.25197784721581, "RidgeRegression(k)": 150.7762733808571, "LinearRegression(k)": 148.60057812798203, "MLP(k)": 225.05140848628926, "SVR(k)": 164.05696746092187, "GaussR(k)": 309.1539834534513}