{"RandomForest(k)": 1.0407320413246473, "XGBoost(k)": 0.800855000451552, "Lightgbm(k)": 1.4721659440313526, "CatRegression(k)": 0.8249713297089645, "RidgeRegression(k)": 1.0659431124328822, "LinearRegression(k)": 0.9095180163303203, "MLP(k)": 1.6107691692015003, "SVR(k)": 0.5083668782098025, "GaussR(k)": 0.6057217315814393}