{"RandomForest(k)": 0.3852995423654416, "XGBoost(k)": 0.5518653735186971, "Lightgbm(k)": 0.5554578082426591, "CatRegression(k)": 0.4883161214246551, "RidgeRegression(k)": 0.1528642087233245, "LinearRegression(k)": 0.14377226065813653, "MLP(k)": -0.3496129910153998, "SVR(k)": 0.05126879571894094, "GaussR(k)": -0.1057465454778812}