{"RandomForest(k)": 6.828810540603131, "XGBoost(k)": 6.865868536532718, "Lightgbm(k)": 6.7776502051684115, "CatRegression(k)": 6.607663189835187, "RidgeRegression(k)": 10.841919950939946, "LinearRegression(k)": 10.756565670143395, "MLP(k)": 9.510492754055061, "SVR(k)": 10.667909798729548, "GaussR(k)": 21.14668229196151}