{"RandomForest(k)": 62.484167537053764, "XGBoost(k)": 88.31867023488701, "Lightgbm(k)": 99.44051650064449, "CatRegression(k)": 40.697333078771656, "RidgeRegression(k)": 122.65077168865001, "LinearRegression(k)": 127.12601663906025, "MLP(k)": 821.9857180633549, "SVR(k)": 254.09867086865555, "GaussR(k)": 278.2693309286595}