{"RandomForest(k)": 6.042355715137963, "XGBoost(k)": 5.612881001206765, "Lightgbm(k)": 5.366855843326737, "CatRegression(k)": 5.732261222212031, "RidgeRegression(k)": 7.74854474888602, "LinearRegression(k)": 7.780013104977511, "MLP(k)": 10.213064402615773, "SVR(k)": 10.9663355972536, "GaussR(k)": 8.729039114451874}