pred,true
0.16286595030897486,0.27
0.020016592263682825,0.05
0.16321833495930987,0.24
0.16349785201383324,0.21
0.0500099973845287,0.03
0.08000449108257174,0.04
0.1732765771176161,0.25
0.1523242892979691,0.14782
0.13146097277805582,0.12
0.1515679506045294,0.04746
0.04001055255514152,0.06
0.1631376002972686,0.28012
0.023004057099083458,0.20367
0.03923757119297529,0.05
