{"rf": 0.005208301667581949, "xgb": 0.0033831270089659457, "lgb": 0.00774924923402629, "cat": 0.004808276752334705, "lr": 0.004746030818163737, "ridgelr": 0.004280442212531369, "svr": 0.009514430441250376, "gsr": 0.01186288244448355}