{"rf": 0.6275268203737885, "xgb": 0.7580547067862341, "lgb": 0.44581023025614874, "cat": 0.6561347163102429, "lr": 0.660586252050535, "ridgelr": 0.6938829540094551, "svr": 0.3195727926354438, "gsr": 0.1516225776376403}