{"rf": 0.05956537758712172, "xgb": 0.04554292598635786, "lgb": 0.07350567290386775, "cat": 0.0523322381467676, "lr": 0.0591784838447997, "ridgelr": 0.05381553507465469, "svr": 0.07630746599085433, "gsr": 0.09463039472824712}