pred,true
18.84403818417165,9.36
5.916527569551803,7.36
27.5004255319149,24.5
16.661464545946323,5.17
27.5004255319149,14.7
27.47466341808439,45.38
27.50042244012885,9.8
27.875310439873793,35.38
23.91673010316458,11.8
27.624688313525354,33.3
43.74670012014937,40.7
12.205001077682212,10.92
