pred,true
31.517601,37.1
37.842125,42.3
36.83669,36.4
14.4433975,8.07692
39.778915,45.38
35.361168,40.7
13.329975,16.9527
13.981301,13.4
16.818857,10.9172
12.293708,6.19
34.678593,38.8
14.277969,12.9586
