pred,true
0.21211667,0.17
0.12985538,0.28
0.02149391,0.06
0.2905672,0.31
0.20991834,0.21
0.057069715,0.05
0.17363523,0.3
0.2392157,0.28
0.33231315,0.34
0.2885867,0.31
0.23949692,0.36
0.13309067,0.03
0.14126438,0.15
0.12634411,0.12
-0.011324199,0.01
0.09696564,0.07
0.30597398,0.36
0.21819797,0.2
