pred,true
40.90852893703319,35.76
53.649487310156,50.0
74.23627672778846,64.1
59.990414693047136,42.9
72.78368581286654,32.0312
80.66355270417088,68.4
46.326871270533346,55.0
62.91690881532198,61.6828
49.45754925981378,64.9
31.012143488892043,43.6
58.79176487843305,56.55
67.95945817840983,68.5241
53.082892465750454,58.9643
49.68372717644541,49.66
57.60068639754251,52.993
55.89178952990465,57.625
