pred,true
40.722183,32.1
15.272805,21.8343
17.562302,12.07359141
24.008854,24.52
35.28458,30.39
17.562302,11.37670302
15.632961,19.2604
17.562302,23.66981428
13.295698,12.09027942
14.288946,14.645
11.94186,26.7
32.91706,42.5
25.13688,35.42
11.44975,16.9527
33.473515,37.2
