pred,true
0.32026985,0.27
0.05961463,0.05
0.14269963,0.24
0.24061939,0.21
0.097716376,0.03
0.08543645,0.04
0.21626897,0.25
0.08548966,0.14782
0.13239886,0.12
-0.011359687,0.04746
0.07592318,0.06
0.17266837,0.28012
0.036158282,0.20367
0.041920554,0.05
