pred,true
0.21274223303337114,0.17
0.21593283021731638,0.28
0.10188270389721633,0.06
0.24808369748581946,0.31
0.17519466932802644,0.21
0.10121816644874225,0.05
0.22792573153495727,0.3
0.1908889132164951,0.28
0.291519111837361,0.34
0.291519111837361,0.31
0.2481648402792504,0.36
0.21353426407716652,0.03
0.1028503350031564,0.15
0.15435223002149095,0.12
0.018918876582818885,0.01
0.1344641179038563,0.07
0.2665990817043004,0.36
0.1962574729524277,0.2
