pred,true
0.2642701,0.27
0.04198426,0.05
0.16631192,0.24
0.24652095,0.21
0.062928535,0.03
0.057863962,0.04
0.22464752,0.25
0.10779376,0.14782
0.13404469,0.12
0.04252565,0.04746
0.067455046,0.06
0.14524055,0.28012
0.14180203,0.20367
0.07721073,0.05
0.15855137,0.3
0.11545797,0.002
0.21873905,0.283
0.2186852,0.21163
0.0050618495,0.0017
0.2528296,0.31
0.24902667,0.428
0.10831118,0.17394
0.0050618495,0.0007
0.25070113,0.4
0.17000242,0.13
0.2900021,0.38776
0.06108628,0.164
0.10831118,0.355
