pred,true
29.086923185289493,40.7
25.636715515675352,30.39
35.36998377167367,37.2
23.357608914078764,30.98
12.447560960683662,26.7
15.125760491006782,12.09
31.249137941554963,42.3
12.209842440599246,12.94
13.791182693799895,14.64
25.636715515675352,35.42
-0.2583754689431932,13.65
16.380986755662644,7.15
13.791182693799895,16.95
20.825193777947014,13.35
