{"rf": 0.7240333388317213, "xgb": 0.7251110800357169, "lgb": 0.709593469637402, "cat": 0.755782677833989, "lr": 0.34830785423612165, "ridgelr": 0.33362074158765453, "svr": 0.37945774869728843, "gsr": 0.0886326892228857}