{"rf": 0.2524176554621844, "xgb": 0.22323461342137305, "lgb": 0.2710613706597806, "cat": 0.23670719489660083, "lr": 0.38944240786966755, "ridgelr": 0.4037103149255484, "svr": 0.33549033562293595, "gsr": 0.4815936164560621}