{"rf": 0.11219171560781802, "xgb": 0.11175356980373567, "lgb": 0.1180621120216635, "cat": 0.09928431296360304, "lr": 0.2649394661364768, "ridgelr": 0.2709103771094948, "svr": 0.2522757621738096, "gsr": 0.3705080233681536}