pred,true
0.34496781228869716,0.177321375
0.8411024821005437,5.4021825
0.21618607015396768,0.0329
0.2186328132728283,0.035175
0.04845150014728561,0.0044
0.36879597234332323,3.68253
0.36879597234332323,4.50087
0.22324999186421385,0.0306
0.38177832108306026,0.076138178
