pred,true
34.37598147041597,37.1
29.83378616422929,42.3
13.700424247117176,36.4
17.61646464795232,8.07692
34.343539805624346,45.38
35.89146148384969,40.7
6.388352863154459,16.9527
12.99630878301005,13.4
7.4062364875768125,10.9172
5.514632472692007,6.19
34.656692734057344,38.8
6.736643820189677,12.9586
