{"rf": 0.492018718069108, "xgb": 0.21290134048845566, "lgb": 0.3763234714969099, "cat": 0.4812560205809262, "lr": 0.13279174410204164, "ridgelr": 0.18847929414990106, "svr": 0.33620173841069056, "gsr": 0.1582464974785237}