{"rf": 0.09725558700983232, "xgb": 0.15069402139085422, "lgb": 0.1194060274293224, "cat": 0.09931615990740765, "lr": 0.1660314090049541, "ridgelr": 0.1553697457474863, "svr": 0.12708753626035632, "gsr": 0.1611579676600089}