{"rf": 0.22142944164330464, "xgb": 0.2810423797536261, "lgb": 0.2477851110735778, "cat": 0.22042590024980468, "lr": 0.2846706841972591, "ridgelr": 0.27685291777715065, "svr": 0.22968378284803034, "gsr": 0.2995988247687313}