pred,true
3.873703823586106,14.697
7.355440098039019,8.66667
19.931125740864655,24.5
4.7667565090954085,9.51515
7.305846825445311,7.15152
7.30941684178163,9.36364
