pred,true
0.16967736,0.17
0.24069256,0.28
0.04420998,0.06
0.26262987,0.31
0.2567276,0.21
0.024725461,0.05
0.21824187,0.3
0.29148504,0.28
0.40418172,0.34
0.44016913,0.31
0.2283129,0.36
0.13478039,0.03
0.1267767,0.15
0.087057576,0.12
0.02726868,0.01
0.08438424,0.07
0.34714127,0.36
0.23438829,0.2
