pred,true
40.44547937326122,40.7
28.716319141216005,30.39
39.939191469179136,37.2
22.798957740851716,30.98
13.627423172353836,26.7
20.138406139723628,12.09
37.14393703786827,42.3
4.826871312755976,12.94
15.033645062634491,14.64
27.285793942601458,35.42
-7.754443817892518,13.65
8.142275897096969,7.15
15.726918028376684,16.95
16.145681876689686,13.35
