pred,true
40.42836416851849,40.7
28.945776990792513,30.39
39.99909909716963,37.2
22.780280480616057,30.98
13.456786871665562,26.7
20.259188394704722,12.09
37.14185366220474,42.3
5.256894072593754,12.94
14.956288557252098,14.64
27.534228260284287,35.42
-6.860947056855043,13.65
8.183069651612488,7.15
15.699653785910378,16.95
16.2766042589645,13.35
