pred,true
39.43348310888433,40.7
35.442995200793305,30.39
32.86559986593619,37.2
22.418771341446643,30.98
12.696457557738208,26.7
17.02226401278176,12.09
40.367121836800806,42.3
14.579964280506168,12.94
15.572564716420016,14.64
34.61340753268901,35.42
20.966185838114423,13.65
7.4161122703818485,7.15
16.23775301175931,16.95
15.329953628682427,13.35
