pred,true
0.23302539650537551,0.27
0.08431881048387124,0.05
0.1803021169354834,0.24
0.24029457661290352,0.21
0.0757243044354839,0.03
0.08422903225806393,0.04
0.2176010080645157,0.25
0.10894463709677397,0.14782
0.16122546370967777,0.12
0.0693835685483872,0.04746
0.08406955645161258,0.06
0.18474510080645218,0.28012
0.13934965725806434,0.20367
0.08206413306451588,0.05
