pred,true
33.36865448504828,37.1
18.376003490017396,42.3
16.638689452774642,36.4
22.407334824806966,8.07692
33.03450113831296,45.38
18.369304425856157,40.7
11.460432375396733,16.9527
17.213958430091438,13.4
11.460432375396733,10.9172
16.180380852139464,6.19
15.209201159144625,38.8
11.460432375396733,12.9586
