{"rf": 0.5854448393021574, "xgb": 0.5921012286646015, "lgb": 0.6240316921828588, "cat": 0.6116521927020435, "lr": 0.4652690711255755, "ridgelr": 0.45974553068268886, "svr": 0.41326862459420444, "gsr": 0.09715360550286634}