{"rf": 5.95605944915242, "xgb": 5.768594227382114, "lgb": 5.466871480711662, "cat": 5.743699051455189, "lr": 7.01889265886597, "ridgelr": 6.944452171912372, "svr": 6.910740930411269, "gsr": 9.263449734174998}