{"rf": 60.290299977674735, "xgb": 59.322236497885, "lgb": 54.678470344542895, "cat": 56.47886703002964, "lr": 77.76790923289907, "ridgelr": 78.57121827790016, "svr": 85.33052771549588, "gsr": 131.3043115091476}