pred,true
0.7052666,0.6
1.6324735,2.05
0.8181419,0.0394
1.3092952,0.69
0.20208581,0.17047
0.9857005,1.976
1.5277891,1.53
-0.013518619,0.02
0.5057137,1.2
0.15348946,0.1
0.9367769,0.71
0.89635146,1.02
0.495169,1.8
0.76280373,0.3
0.1881094,0.003
0.3286164,0.39
0.0069720177,0.06
1.243353,2.02
0.5080196,0.23
0.08495778,0.11
0.38912532,0.47
0.7979958,2.29
1.4413074,1.42
0.43670154,0.55
