pred,true
0.30057890333052956,0.27
0.08534687451303766,0.05
0.1543062057223893,0.24
0.23012170493025452,0.21
0.10278793350936916,0.03
0.0755288237398977,0.04
0.19814854061326098,0.25
0.08368400214502095,0.14782
0.12110397384220542,0.12
-0.007619428486477077,0.04746
0.05417229698118664,0.06
0.17566392022204377,0.28012
0.033214106039057195,0.20367
0.05231700093398225,0.05
