pred,true
27.234847181942236,37.1
40.239344938884635,42.3
31.988969015555153,36.4
15.2830680157627,8.07692
40.38091755996905,45.38
41.90663552396866,40.7
13.484421503417849,16.9527
17.68181155075576,13.4
13.484421503417849,10.9172
5.79674693812831,6.19
40.66914161746308,38.8
13.484421503417849,12.9586
