{"rf": 83.39263993120352, "xgb": 81.00338209297274, "lgb": 70.78043821101969, "cat": 79.26914633796757, "lr": 169.05522658241082, "ridgelr": 175.84540038083009, "mlp": 143.23537532102583, "svr": 225.73169822725953, "gsr": 1750.5089777283636}