{"rf": 0.6536951176342768, "xgb": 0.6636169962951812, "lgb": 0.7060698480263621, "cat": 0.6708187626576199, "lr": 0.29796382026962953, "ridgelr": 0.26976624383549463, "mlp": 0.40518599912319386, "svr": 0.06260325533169786, "gsr": -6.269344226450543}