{"rf": 79.49087442983505, "xgb": 73.23099078523597, "lgb": 84.43252815477092, "cat": 62.99016184602902, "lr": 166.9911059927818, "ridgelr": 204.5370223318954, "mlp": 118.663662800319, "svr": 223.39330037907789, "gsr": 1446.8110306831302}