{"rf": 7.0897116873880615, "xgb": 6.865669189048493, "lgb": 6.068696108326818, "cat": 6.459990455977627, "lr": 10.02580488116683, "ridgelr": 10.33980265070636, "mlp": 9.316116209136924, "svr": 10.952559303048842, "gsr": 35.753717829784435}