{"rf": 0.6698979917018772, "xgb": 0.6958934305194323, "lgb": 0.649376770484779, "cat": 0.7384205535850323, "lr": 0.3065355004391247, "ridgelr": 0.15061845366069715, "mlp": 0.5072250282392846, "svr": 0.07231392754937638, "gsr": -5.008176791135209}