{"rf": 7.365404814537564, "xgb": 3.888011105640677, "lgb": 5.123558814197036, "cat": 5.157890858456116, "lr": 7.6573499723728995, "ridgelr": 9.714274037426264, "mlp": 7.182260177873128, "svr": 12.055550816755831, "gsr": 25.5632651121711}