{"rf": 0.6247675020548924, "xgb": 0.8781326412889203, "lgb": 0.7932463307148554, "cat": 0.8264792161100945, "lr": 0.6025078528537293, "ridgelr": 0.07666153171283718, "mlp": 0.46399948155147575, "svr": 0.01608961267252873, "gsr": -3.131026516746683}