{"rf": 6.998339399200899, "xgb": 6.515073279546733, "lgb": 6.995237048568875, "cat": 5.880251248280281, "lr": 10.329196903422945, "ridgelr": 11.002067398717966, "mlp": 9.10469792109692, "svr": 10.902236413052082, "gsr": 31.572826269562945}