{"rf": 95.5582476752527, "xgb": 31.035241646222797, "lgb": 52.65273782391677, "cat": 44.1895148596145, "lr": 101.22698128222336, "ridgelr": 235.1411632091116, "mlp": 136.50009148051126, "svr": 250.56665666588006, "gsr": 1052.0241642238145}