pred,true
57.209763,59.3214
50.62951,47.7
49.258904,52.88
29.040289,29.97245
32.156963,40.8
51.878677,43.8
52.271538,65.7655
45.162373,49.13
48.366745,54.2
53.7177,60.1
45.172947,44.0
53.065033,55.3
52.271538,45.0
17.360104,16.94
39.578205,43.09
49.840218,56.3
20.662607,17.17
58.791218,60.6
50.698673,61.6828
60.142696,62.73
47.536545,48.9
46.615757,48.8
39.239742,47.0
48.19023,41.0
58.009064,69.28
52.9981,52.1
45.71703,28.0
50.707943,54.13
