pred,true
0.16286686068856085,0.27
0.02064161164411396,0.05
0.16321806742484055,0.24
0.1634966592413476,0.21
0.050387806076552175,0.03
0.08017482088720969,0.04
0.17324588979924485,0.25
0.15236076017742906,0.14782
0.13156676448206112,0.12
0.15160973424950921,0.04746
0.04040934054308555,0.06
0.16313760093440652,0.28012
0.023063077707990903,0.20367
0.05237284832585683,0.05
