{"rf": 0.7448681838130987, "xgb": 0.7706481086802639, "lgb": 0.6994718454220419, "cat": 0.8108362625021407, "lr": 0.3886837122428305, "ridgelr": 0.3943351463724337, "svr": 0.3825508620443011, "gsr": 0.17107446014817174}