{"rf": 2.076131191352191, "xgb": 1.8663474531757314, "lgb": 2.4455431898847793, "cat": 1.539316975678029, "lr": 4.97457679627278, "ridgelr": 4.928588338824783, "svr": 5.024482769504005, "gsr": 6.745368705148543}