{"rf": 1.0641401910013675, "xgb": 0.8747194843267051, "lgb": 1.151218922645787, "cat": 0.7508559964764032, "lr": 1.6937481898308735, "ridgelr": 1.6845262021901033, "svr": 1.302543033785936, "gsr": 1.7059317631539226}