{"rf": 5.959373951350233, "xgb": 5.83215482875279, "lgb": 5.576550468087435, "cat": 5.627740482111226, "lr": 7.0180428511511534, "ridgelr": 6.955035800189835, "svr": 6.934618830103686, "gsr": 9.263449812416374}