{"rf": 61.101770255646, "xgb": 58.56837252047905, "lgb": 56.38433328590998, "cat": 58.45449837403815, "lr": 77.59910208301721, "ridgelr": 78.43556136067832, "svr": 85.28983696583047, "gsr": 131.30431239294504}