{"rf": 0.5798651823488753, "xgb": 0.5972847855952115, "lgb": 0.6123022052496574, "cat": 0.5980677824470204, "lr": 0.4664297864507959, "ridgelr": 0.46067830552606315, "svr": 0.41354841355316985, "gsr": 0.09715359942588897}