{"rf": 10.424720480262401, "xgb": 11.386089181321665, "lgb": 10.97047761703581, "cat": 10.33288754392708, "lr": 10.778483156885288, "ridgelr": 10.750854924231051, "svr": 11.778931685510834, "gsr": 11.816980866460298}