{"rf": 0.3955180465203334, "xgb": 0.27982038038697776, "lgb": 0.26146772988980227, "cat": 0.3880826359732281, "lr": 0.34070676864366733, "ridgelr": 0.34195649681894413, "svr": 0.19517262540825098, "gsr": 0.1741546327832073}