{"rf": 180.39580965974721, "xgb": 214.923513981977, "lgb": 220.40050337228428, "cat": 182.61476243092005, "lr": 196.75316291757142, "ridgelr": 196.38020600010532, "svr": 240.18497994860485, "gsr": 246.45738853779676}