pred,true
43.92542365000013,35.76
50.129285879999905,50.0
62.72383873309487,64.1
50.916443973333,42.9
40.30326148333327,32.0312
62.011604449761485,68.4
44.99173834913425,55.0
62.61960907809587,61.6828
55.21474755666615,64.9
55.438866258333036,43.6
57.024374159762004,56.55
60.41206725556217,68.5241
49.042596881667045,58.9643
50.93109806151521,49.66
40.4671225166667,52.993
50.47667611166695,57.625
