pred,true
27.4637991845532,14.697
27.52409393586981,8.66667
27.61725234522784,24.5
27.49506749036866,9.51515
27.52409393586981,7.15152
27.37291141052086,9.36364
