{"rf": 45.185474602702854, "xgb": 48.10586331857826, "lgb": 74.71143446365045, "cat": 65.81541903149694, "lr": 133.85493600567605, "ridgelr": 172.3673861703948, "mlp": 34.41600722996701, "svr": 175.10527265116562, "gsr": 426.91756461555906}