{"rf": 5.23957356728696, "xgb": 5.827584713969402, "lgb": 7.274807146796457, "cat": 6.68291306849639, "lr": 9.382840236883734, "ridgelr": 9.319572409304529, "mlp": 4.300989095860948, "svr": 10.55267164923514, "gsr": 16.290524286458453}