{"rf": 0.5048148874485969, "xgb": 0.4728105093231073, "lgb": 0.18124152929564363, "cat": 0.2787324695095692, "lr": -0.4669088271027415, "ridgelr": -0.8889646345746807, "mlp": 0.6228368836758507, "svr": -0.9189689808176735, "gsr": -3.6785659361356142}