{"rf": 69.88504441128445, "xgb": 81.40460466784201, "lgb": 62.69328997337522, "cat": 60.762224980510034, "lr": 89.60976537324025, "ridgelr": 90.84464137561578, "svr": 78.45995695485915, "gsr": 130.8235277588982}