{"rf": 0.5194715264806475, "xgb": 0.44026321013300884, "lgb": 0.5689219176349605, "cat": 0.5821998903558069, "lr": 0.3838446533164471, "ridgelr": 0.37535366521726266, "svr": 0.46051056180162175, "gsr": 0.1004594670580311}