{"rf": 6.489855560248989, "xgb": 6.710470193045479, "lgb": 6.079387042930925, "cat": 5.647716346208292, "lr": 7.808953044249565, "ridgelr": 7.696864057035831, "svr": 6.760417085523882, "gsr": 9.281093085378535}