pred,true
0.2026246885503032,0.17
0.2078035292500308,0.28
0.0740353484168572,0.06
0.24589327088413113,0.31
0.1860102460169331,0.21
0.07895201372488395,0.05
0.21957748895303114,0.3
0.2027461244966787,0.28
0.3095359736813337,0.34
0.3105573609619014,0.31
0.24536032094200125,0.35
0.20768694384501493,0.03
0.11232282081059324,0.15
0.14829820748786912,0.12
0.018247551422307513,0.01
0.13110163626881505,0.07
0.27660837321450493,0.35
0.20246093789851632,0.2
