pred,true
0.2049838191985399,0.17
0.21398347800417247,0.28
0.11534216479201041,0.06
0.25099985751824033,0.31
0.17665575069627396,0.21
0.10165886713273883,0.05
0.22373271005781978,0.3
0.18365444941014575,0.28
0.2926862735182346,0.34
0.2939527570347181,0.31
0.2453520234926287,0.36
0.2107710879203739,0.03
0.11646105126787294,0.15
0.14886556428057937,0.12
0.017566367214135074,0.01
0.12257166827076311,0.07
0.2663467336877459,0.36
0.1892700531722212,0.2
