{"rf": 0.2875589406523133, "xgb": 0.25784850360824413, "lgb": 0.30412379282716584, "cat": 0.30050164755108566, "lr": 0.40174857148192844, "ridgelr": 0.41374523344080494, "svr": 0.4399370467674593, "gsr": 0.39575093440700987}