{"rf": 0.5719345051894742, "xgb": 0.5795780565963802, "lgb": 0.5902331859187866, "cat": 0.5451143048993451, "lr": 0.3026190427892317, "ridgelr": 0.2705199320937175, "svr": 0.05059854162949806, "gsr": 0.23557307604139177}