{"rf": 0.1855031511705932, "xgb": 0.18219080086601405, "lgb": 0.17757337645456628, "cat": 0.19712574567811733, "lr": 0.30221161644019795, "ridgelr": 0.3161218387215505, "svr": 0.4114252711063277, "gsr": 0.33126613789960263}