pred,true
36.33367553999993,37.1
38.987916591666554,42.3
32.92609265999991,36.4
14.017864428253986,8.07692
36.844579999999944,45.38
39.61275506000006,40.7
14.776941710952466,16.9527
16.89261352666666,13.4
16.286675840952466,10.9172
11.132961526666648,6.19
39.672429273333364,38.8
14.810588990476283,12.9586
