{"rf": 0.6574757751726295, "xgb": 0.6199711218654297, "lgb": 0.7059671541461401, "cat": 0.6297057338471532, "lr": 0.36841435460462646, "ridgelr": 0.3413260285568409, "svr": 0.17614382342518486, "gsr": 0.030329498304746516}