{"rf": 4.178396390795088, "xgb": 4.104013989694854, "lgb": 3.787953244462065, "cat": 4.1476779071492365, "lr": 5.860276026227821, "ridgelr": 6.038023829584917, "svr": 6.574999171935309, "gsr": 7.409326516233441}