{"rf": 0.6320905056145647, "xgb": 0.6199711218654297, "lgb": 0.7059671541461401, "cat": 0.6297057338471532, "lr": 0.36841435460462646, "ridgelr": 0.3421365363772255, "svr": 0.17614382342518486, "gsr": 0.030329498304746516}