{"rf": 3.9883320059616874, "xgb": 4.104013989694854, "lgb": 3.787953244462065, "cat": 4.1476779071492365, "lr": 5.860276026227821, "ridgelr": 6.04205150414217, "svr": 6.574999171935309, "gsr": 7.409326516233441}