{"rf": 33.27892470239346, "xgb": 34.37517273453678, "lgb": 26.596478445184808, "cat": 33.49463710256583, "lr": 57.12951542969828, "ridgelr": 59.50645200643338, "svr": 74.52117459385802, "gsr": 87.71067913306322}