{"rf": 5.461674666650248, "xgb": 4.969752454703195, "lgb": 4.949763068639548, "cat": 5.4237467739756084, "lr": 8.961049211506264, "ridgelr": 9.087470151720327, "svr": 7.2781602995392465, "gsr": 8.469476799729316}