{"rf": 0.6915188625667336, "xgb": 0.7341483660862191, "lgb": 0.7388196901726325, "cat": 0.7185427763384544, "lr": 0.26808439168333675, "ridgelr": 0.2687083723917779, "svr": 0.36530896851245265, "gsr": 0.3724750756949319}