{"rf": 51.24682990046505, "xgb": 44.164948221145345, "lgb": 43.388918435796946, "cat": 46.75744710115594, "lr": 121.59043172943954, "ridgelr": 121.48677212323891, "svr": 105.43887253731796, "gsr": 104.2483936675736}