pred,true
57.223286,59.3214
51.70582,47.7
53.124535,52.88
28.734016,29.97245
30.901337,40.8
51.639168,43.8
53.12823,65.7655
45.653713,49.13
47.337227,54.2
58.15635,60.1
45.65883,44.0
53.25379,55.3
53.12823,45.0
17.836958,16.94
37.003933,43.09
51.202606,56.3
19.937536,17.17
59.434685,60.6
50.173157,61.6828
61.20892,62.73
47.656197,48.9
48.036854,48.8
39.193314,47.0
51.52847,41.0
59.88527,69.28
52.4495,52.1
44.9889,28.0
53.17414,54.13
