{"rf(k)": 0.5570257724658345, "xgb(k)": 0.6419152374226811, "lgb(k)": 0.5630931617263534, "cat(k)": 0.517132653982296, "lr(k)": 0.4759434051045406, "ridgelr(k)": 0.4593983735211097, "mlp(k)": 0.14138190397067252, "svr(k)": 0.0035604407433209584, "gsr(k)": -2.226884287756201}