{"rf(k)": 40.627664370301154, "xgb(k)": 32.841972841384376, "lgb(k)": 40.071189886779834, "cat(k)": 44.286487226556055, "lr(k)": 48.06418551023596, "ridgelr(k)": 49.58162365536104, "mlp(k)": 78.74870739529884, "svr(k)": 91.38909097290274, "gsr(k)": 295.95575465989333}