{"rf(k)": 4.898522380251376, "xgb(k)": 4.164271941550957, "lgb(k)": 5.03550623080803, "cat(k)": 5.313148906505546, "lr(k)": 5.483639001028558, "ridgelr(k)": 5.662316327747265, "mlp(k)": 5.920233896584185, "svr(k)": 7.79162225287846, "gsr(k)": 14.291260111999998}