pred,true
37.33232684848633,37.1
40.650501371834224,42.3
30.861340187674514,36.4
11.970469690806947,8.07692
38.63145375735546,45.38
42.78292827574448,40.7
14.602252058813184,16.9527
26.26889884894259,13.4
14.602252058813184,10.9172
6.057915772276264,6.19
22.96689251350591,38.8
14.602252058813184,12.9586
