pred,true
0.1823805291509149,0.17
0.18228571428571425,0.28
0.1719631285653796,0.06
0.18618632845291852,0.31
0.18228571466299381,0.21
0.16494071952717076,0.05
0.18228571428571425,0.3
0.18228571428571425,0.28
0.3611507499045923,0.34
0.36202035240879926,0.31
0.18228571428571425,0.36
0.1822570466473313,0.03
0.18228791027189356,0.15
0.17824503424558513,0.12
0.16468799689835048,0.01
0.18228571428571425,0.07
0.18228571428571427,0.36
0.23746017627178292,0.2
