pred,true
41.836727,40.7
35.96993,30.39
34.81988,37.2
23.045996,30.98
13.3726,26.7
22.949032,12.09
38.139774,42.3
8.689015,12.94
17.962927,14.64
32.22095,35.42
14.04034,13.65
6.87147,7.15
16.91205,16.95
19.365498,13.35
