{"rf": 0.6769878394389786, "xgb": 0.7556884113260827, "lgb": 0.4261216521279654, "cat": 0.6296446932217518, "lr": 0.5000291456275401, "ridgelr": 0.4962144609354052, "svr": 0.38262117621102654, "gsr": 0.1583529045706641}