{"rf": 38.79815537785129, "xgb": 40.93256187471235, "lgb": 32.44376596114096, "cat": 33.97742642710247, "lr": 56.50393236384601, "ridgelr": 63.6492761261224, "svr": 75.17593968172349, "gsr": 90.88237060586339}