{"rf": 0.5710735891918346, "xgb": 0.5474770210305844, "lgb": 0.6413234610953555, "cat": 0.6243683385474731, "lr": 0.37533038183543554, "ridgelr": 0.29633624863256314, "svr": 0.1689051793111671, "gsr": -0.004734597561926179}