{"rf": 0.008067013634456407, "xgb": 0.007683477863236017, "lgb": 0.009306110961166467, "cat": 0.011288224408277318, "lr": 0.012940232949488968, "ridgelr": 0.013459121274753029, "svr": 0.015629366184529474, "gsr": 0.014331645690502184}