{"rf": 0.5144511941958051, "xgb": 0.5375359866776019, "lgb": 0.43987065491303234, "cat": 0.3205684123703417, "lr": 0.22113498995271652, "ridgelr": 0.18990340685465712, "svr": 0.059277642229233596, "gsr": 0.1373866754718729}