{"rf": 0.06650856703633838, "xgb": 0.06296067310915461, "lgb": 0.07092023565600457, "cat": 0.07723903674589605, "lr": 0.08684589299708868, "ridgelr": 0.08544956647973871, "svr": 0.10387234914379762, "gsr": 0.0896321883039725}