pred,true
0.18492562521579547,0.17
0.2522168263890019,0.28
0.038329149907887716,0.06
0.21789190126781022,0.31
0.1753955507496523,0.21
0.03948584044239323,0.05
0.03468011117881775,0.3
-0.024802575198853483,0.28
0.3062640765497846,0.34
0.31415860212207547,0.31
0.1533155489590564,0.36
0.18736425670311618,0.03
0.0903856882020192,0.15
0.1581266832162791,0.12
0.07257976877298267,0.01
0.08662437379424293,0.07
0.373906400656725,0.36
0.05663242673713731,0.2
