pred,true
32.40055,37.1
40.978123,42.3
32.89224,36.4
14.292025,8.07692
40.18279,45.38
42.24119,40.7
14.292025,16.9527
16.39891,13.4
14.292025,10.9172
12.900326,6.19
40.10827,38.8
14.292025,12.9586
8.173441,9.36364
5.656564,8.49
30.792395,25.0
5.656564,3.36
34.29654,36.49
14.292025,11.8935
34.476254,39.1
14.292025,11.4497
35.67256,30.39
34.476254,37.9
7.751914,12.83
22.315788,22.5
