{"rf(k)": 0.2505689233361823, "xgb(k)": 0.698880771499337, "lgb(k)": 0.6580043931591825, "cat(k)": 0.3020739285511488, "lr(k)": 0.7366628722516272, "ridgelr(k)": 0.45137915246748817, "mlp(k)": 0.7806984933201851, "svr(k)": -0.06337900547803788, "gsr(k)": 0.28743996540640704}