{"rf(k)": 0.9908695498964758, "xgb(k)": 0.8050447278566766, "lgb(k)": 0.930783839715493, "cat(k)": 1.3166961419369214, "lr(k)": 1.044626614523723, "ridgelr(k)": 1.2790351968641946, "mlp(k)": 0.9468506868920298, "svr(k)": 1.362321637820496, "gsr(k)": 1.1811002988508459}