{"rf(k)": 6.088176859868073, "xgb(k)": 2.446211767972141, "lgb(k)": 2.778280491134228, "cat(k)": 5.669764025544408, "lr(k)": 2.139280125183485, "ridgelr(k)": 4.456848471853486, "mlp(k)": 1.7815465622880449, "svr(k)": 8.638605544943344, "gsr(k)": 5.788646413211855}