{"rf": 0.9442182193876011, "xgb": 0.8396215813849187, "lgb": 0.9341834767588748, "cat": 0.8443365529545527, "lr": 1.365781608579476, "ridgelr": 1.358773620142838, "mlp": 1.1279899904999802, "svr": 1.0573815504064557, "gsr": 1.502167992736517}