{"rf": 4.325264645970302, "xgb": 3.231212628401076, "lgb": 2.8160473174459293, "cat": 2.571326615597698, "lr": 5.0593990399754505, "ridgelr": 5.559203611022416, "mlp": 5.174599085362149, "svr": 4.793205720408979, "gsr": 7.369271240671708}