{"rf": 0.06529763116429954, "xgb": 0.3478313393231285, "lgb": -0.06586947273063681, "cat": 0.43657527905351134, "lr": -1.0262480726773409, "ridgelr": -0.844151516785179, "mlp": -1.1648946871160266, "svr": -0.1694333843444218, "gsr": -1.2871280892471546}