{"rf": -0.011060139307491168, "xgb": 0.29842243503273247, "lgb": 0.20154490747229503, "cat": -0.7703992437138265, "lr": -0.6454445091730887, "ridgelr": -1.3042276096231147, "mlp": -2.643514750581754, "svr": -0.15293608747859633, "gsr": -0.48350506269172033}