{"rf": 1.0120189770336545, "xgb": 0.7061146765400252, "lgb": 1.1540359470661268, "cat": 0.6100300253202475, "lr": 2.193855038884347, "ridgelr": 1.9966958400209804, "mlp": 2.34397020879474, "svr": 1.266166446980811, "gsr": 2.476314500099121}