{"rf": 0.13717928830391912, "xgb": 0.35542506461984413, "lgb": 0.43824386494541, "cat": 0.4870617078795242, "lr": -0.009268712492109588, "ridgelr": -0.1089716835233665, "mlp": -0.03224926819997287, "svr": 0.04383257222374415, "gsr": -0.4700510551375592}