{"rf": 0.6022003201816081, "xgb": 0.45392660875906404, "lgb": 0.6831165069985305, "cat": 0.44585269090076207, "lr": 1.0801698971991307, "ridgelr": 1.0509233133962745, "mlp": 1.024867202597788, "svr": 0.756760871140512, "gsr": 0.7776601576131067}