{"rf": 1.09469290120236, "xgb": 0.7596105811653721, "lgb": 0.8645016134427248, "cat": 1.9168429345013873, "lr": 1.7815522079111166, "ridgelr": 2.4948284567291887, "mlp": 3.9448986047653016, "svr": 1.2483045285192478, "gsr": 1.6062174720276363}