{"rf": 0.6117062242190421, "xgb": 0.4712870772302027, "lgb": 0.5971309163431407, "cat": 0.6776611662466846, "lr": 0.9588805875103982, "ridgelr": 1.0935633499258346, "mlp": 1.0215039530101093, "svr": 0.7443833100365692, "gsr": 0.8752179703178169}