{"rf": 0.5804436508399344, "xgb": 0.6038612987504903, "lgb": 0.614863110106473, "cat": 0.6078471664803284, "lr": 0.47112763759934606, "ridgelr": 0.4697691626060714, "svr": 0.5373484266109991, "gsr": 0.09283067328447359}