{"rf": 61.017641429955155, "xgb": 57.61192573479331, "lgb": 56.01189136099994, "cat": 57.03224615560596, "lr": 76.91587610527333, "ridgelr": 77.11344417973373, "svr": 67.28514028823481, "gsr": 131.93301163144574}