{"rf": 5.907650091220097, "xgb": 5.774869347708566, "lgb": 5.525132100141973, "cat": 5.752573683699378, "lr": 7.112064626067921, "ridgelr": 7.113389007221862, "svr": 6.377089325732961, "gsr": 9.371861742968871}