pred,true
33.78181239436054,37.1
41.58639341220192,42.3
33.22061143717404,36.4
15.082641928560133,8.07692
37.32454820157129,45.38
42.42024136930322,40.7
14.592461927693607,16.9527
19.61562909719912,13.4
14.592461927693607,10.9172
5.340096771258892,6.19
41.22182509169696,38.8
14.592461927693607,12.9586
