pred,true
0.2144109296675884,0.17
0.19522550079998158,0.28
0.0535590472725494,0.06
0.26035915844804947,0.31
0.21691746480272084,0.21
0.06469076079802238,0.05
0.1955284558934025,0.3
0.2030936907119581,0.28
0.3412360359923555,0.34
0.3276345303868159,0.31
0.2120825665187041,0.36
0.18845452650017927,0.03
0.11118741682900814,0.15
0.13652558488302421,0.12
0.042722834973730944,0.01
0.12948990723722112,0.07
0.3145691079026705,0.36
0.20695120772959383,0.2
