pred,true
-35.7500460451879,50.3
358.8034389155193,32.42727273
185.70434706126105,3.172581818
182.08748068090722,4.066472727
-863.1809068726809,57.35448
-220.34470648415765,57.1375
-212.71006444395505,873.77
423.88404852337305,27.6
-67.22738124541263,43.75
638.2698393099208,13.16755653
83.97083554261428,18.42655855
1501.3783774007516,1464.37
-901.4733577529043,50.772096
306.90968248583175,6.8
244.8385475195788,29.9307
839.0511948950304,1304.756602
