{"rf": 6.99504888592425, "xgb": 6.0835903110259615, "lgb": 6.78920644948035, "cat": 6.771585607377474, "lr": 9.740740418690892, "ridgelr": 9.723825708654639, "svr": 9.64645363127737, "gsr": 9.230266237263598}