{"rf": 77.76802069240685, "xgb": 64.50550813466836, "lgb": 75.43963953672348, "cat": 72.64985364424153, "lr": 139.34766158962316, "ridgelr": 141.43426294820435, "svr": 143.45588272754506, "gsr": 133.04466299359134}