{"rf": 0.48450929370217677, "xgb": 0.5724207758872941, "lgb": 0.4999431293043597, "cat": 0.518435418131194, "lr": 0.0763243830275534, "ridgelr": 0.062493201540353205, "svr": 0.04909275494753229, "gsr": 0.11810424535571806}