pred,true
4.4889454252680725,4.484824281
0.3736704637944184,0.18
1.6858082658519964,0.6
4.443221860953979,3.306709265
0.5800178479589941,1.12
1.778827084433402,0.17571885
0.32555395591675884,0.008
0.2688016960467073,0.03
2.2346385952770054,1.7
1.8069631772891417,0.4
1.4322562473639946,1.1
0.2657313474359146,0.08
