pred,true
0.14535559342470877,0.02
0.3070383682894098,0.35
0.22934299064810548,0.15
0.28071407472829446,0.31
0.24068085888706447,0.06
0.2672103518563419,0.16
0.23678760571567437,0.27
0.23660966244390302,0.15
0.3537712996108844,0.34
0.2376843584474696,0.28
0.1592649735709195,0.4
0.27057155228270713,0.02
0.24978961903903496,0.09
0.2711517524978543,0.3
0.34421345479902543,0.41
