pred,true
0.21582518068944914,0.17
0.21102631145792491,0.28
0.13652388292459947,0.06
0.26166542355505573,0.31
0.18697670893594306,0.21
0.14750481816031943,0.05
0.23468271216931164,0.3
0.21716696422241702,0.28
0.23889113255230948,0.34
0.23889113255230948,0.31
0.1902824554158956,0.36
0.25496383879113005,0.03
0.10846775939213696,0.15
0.1773841309838445,0.12
0.09154602473199643,0.01
0.10676413017568728,0.07
0.25240933084784184,0.36
0.17516326412292058,0.2
