pred,true
0.2513316651927006,0.17
0.20396893061038085,0.28
0.09628511195164004,0.06
0.2743843396883644,0.31
0.17941642875045108,0.21
0.07864438678050949,0.05
0.3978405466354084,0.3
0.41610782490025394,0.28
0.2761437046425568,0.34
0.27904832311366795,0.31
0.19115312327893674,0.36
0.24971269197871937,0.03
0.084750236012534,0.15
0.2015957289881739,0.12
0.0856522364011628,0.01
-0.08436793553262371,0.07
0.486324025958241,0.36
0.207820944817586,0.2
