pred,true
29.54583739039241,37.1
43.81998857695722,42.3
33.30019512742648,36.4
13.612332323989627,8.07692
37.73113776593636,45.38
24.31875785051765,40.7
12.357494831792978,16.9527
15.644720486519747,13.4
17.06244786896261,10.9172
14.25017483238811,6.19
40.862078324284816,38.8
17.96518327573975,12.9586
