pred,true
0.011075368166265054,0.0119
0.058949603847943295,0.024206064
0.011075368166265054,0.0058625
0.3798161034089568,0.010508273
0.005829276263704478,0.00284061
0.03120550800132076,0.27375
-0.0036265377495285412,0.00263567
-0.0036265377495285412,0.00283491
0.04556863772550282,0.045132691
0.04556863772550282,0.037603532
0.10807413910310497,0.745139258
