pred,true
36.3641865418177,37.1
30.51919133946766,42.3
12.438107987777862,36.4
20.506710989493307,8.07692
36.30464709026223,45.38
30.69125338155724,40.7
14.759739164184133,16.9527
9.203864825217728,13.4
14.759739164184133,10.9172
14.710890271490609,6.19
27.742369708403544,38.8
14.759739164184133,12.9586
