pred,true
0.2690605,0.27
0.093668364,0.05
0.16012561,0.24
0.24616781,0.21
0.07794716,0.03
0.071819246,0.04
0.22341034,0.25
0.10890503,0.14782
0.124108255,0.12
0.0057139955,0.04746
0.06983605,0.06
0.20965342,0.28012
0.019608209,0.20367
0.034737773,0.05
