{"rf": 6.4607160304729625, "xgb": 5.730513825306284, "lgb": 6.142005324513914, "cat": 5.943168244838999, "lr": 9.609853764589719, "ridgelr": 9.665886634460852, "svr": 8.549687943372177, "gsr": 8.34873125139491}