{"rf": 0.614493151455137, "xgb": 0.6780534329108017, "lgb": 0.6549144173153091, "cat": 0.6619522605996726, "lr": 0.1799525994314588, "ridgelr": 0.17062217465855622, "svr": 0.3249123707041002, "gsr": 0.37627875713826986}