{"rf": 75.23150157543157, "xgb": 62.82773901578865, "lgb": 67.34330831059367, "cat": 65.96987611312748, "lr": 160.03191004431991, "ridgelr": 161.85273856825307, "svr": 131.74307081348377, "gsr": 121.71894180894613}