{"rf": 0.9428507218135729, "xgb": 0.9220686509650392, "lgb": 0.9077188564682755, "cat": 0.921065387618776, "lr": 0.5061610945219889, "ridgelr": 0.5387717959990872, "svr": 0.025716076335385196, "gsr": 0.7938269105330946}