{"rf": 12.400274428489825, "xgb": 16.90957690600284, "lgb": 20.023201354098898, "cat": 17.1272654090339, "lr": 107.15337351096701, "ridgelr": 100.07748978234946, "svr": 211.40053572148824, "gsr": 44.73552370721632}