{"rf": 2.7005647576644844, "xgb": 3.4194625416183464, "lgb": 3.5711860480740554, "cat": 3.429109766490529, "lr": 8.300308295888675, "ridgelr": 8.01444029204725, "svr": 11.779338965040592, "gsr": 4.723459069347224}