pred,true
40.72920949214457,40.7
35.0200559772289,30.39
39.903511733509355,37.2
20.433996239874965,30.98
7.517568380311408,26.7
22.3725128790771,12.09
33.333782062561646,42.3
13.084682396483535,12.94
13.531912595573507,14.64
34.44341502437745,35.42
13.619947001856039,13.65
8.65591008188638,7.15
14.734645300691758,16.95
19.728280528158926,13.35
