pred,true
0.18238052915208036,0.17
0.18228571428571425,0.28
0.18208881931022863,0.06
0.18618502161644873,0.31
0.18228571466299381,0.21
0.16498136428721444,0.05
0.18228571428571425,0.3
0.18228571428571425,0.28
0.3611507499045741,0.34
0.3620203524087971,0.31
0.18228571428571425,0.36
0.1822570972479195,0.03
0.18228571200384913,0.15
0.17824503424558513,0.12
0.17809086369871702,0.01
0.18228571428571425,0.07
0.18228571428571477,0.36
0.23746017627178292,0.2
