pred,true
0.20237334649999122,0.17
0.19707291686092443,0.28
0.07461773809523807,0.06
0.26041303843464014,0.31
0.1852561632003188,0.21
0.07773337301587298,0.05
0.20863937934967405,0.3
0.19848333827034687,0.28
0.3255711928553473,0.34
0.3259801809505854,0.31
0.26929610548067073,0.35
0.19520848281477904,0.03
0.11259272660015418,0.15
0.1423905219039665,0.12
0.014370595238095245,0.01
0.12747054818370032,0.07
0.2956377458083938,0.35
0.2076340428274875,0.2
