pred,true
0.10172279597490852,0.17
0.06567192979735526,0.28012436
0.021171222795479235,0.06
0.306036711920764,0.31
0.05716957204695347,0.211626934
0.02916678781101867,0.05
6.78804876488191e-14,0.3
1.314106714809335e-12,0.283
0.41363433897501684,0.34
0.40931315801894047,0.31
0.030562414693591868,0.355
0.06722885681160462,0.03
0.12460519343688439,0.147816393
0.10697889209018308,0.12
0.04217808008620061,0.009720585
0.007054066008157024,0.07
0.035418338047244535,0.355
0.2959999996019459,0.197
