{"rf": 178.66537670004507, "xgb": 210.13419908883438, "lgb": 208.14029382058314, "cat": 192.71810799440874, "lr": 275.5543225291732, "ridgelr": 275.5170467575768, "svr": 276.6430891915278, "gsr": 251.86398574884544}