{"rf": 10.066446462923475, "xgb": 10.629338266581875, "lgb": 10.980367742966312, "cat": 10.31924546920707, "lr": 12.39347423359291, "ridgelr": 12.392717752703044, "svr": 12.606894478498612, "gsr": 11.939878861927552}