{"rf": 0.401316493268178, "xgb": 0.2958687266756006, "lgb": 0.30255003348577125, "cat": 0.3542276918122911, "lr": 0.07665474333150246, "ridgelr": 0.07677964939930171, "svr": 0.07300643353880276, "gsr": 0.15603785695578254}