Material_Main,Period (d),Turning times,V2_Ventilation Interval (min),M1_is Enclosed, Composting Method,Additive_3,Additive_2,Additive_1,Material_3,Additive_4,Material_2,V1_Ventilation Type,V4_Ventilation Day,Compost volume (m3),V3_Ventilation Duration (min),Application Rate (%DW),Initial Moisture Content (%),Initial C/N (%),Initial pH,Initial TN (%),V5_Ventilation rate (L/min/kg iniDW)
-1.2346169139676089,0.11438712650705758,-2.9951611502311923,-1.4285984198993966,0.06041572121667235,0.057431637102875764,0.06294290576841031,0.17585752859653903,2.6133188654769217,0.059492228350011556,0.006204593561692763,0.14653293440825624,-0.960809305652065,-1.7278477780767703,-1.30157858114001,-1.7753799627124003,0.3196563897955496,0.28749524699574613,-0.4800434073816041,-1.9082931339185516,-0.34387246046292436,-0.4253421750823583
0.6072602786302124,0.4080159203267044,0.7145117541889163,-0.004732451038598955,-0.024213057816149807,0.040848027056488476,0.07177457509920797,0.22260330462507816,1.6711104370625565,0.08059451753752295,0.006733158981611276,0.4538548000785452,-0.43813191566525145,-0.42134662648730287,-0.28827493082931965,-1.23611444563615,0.35607157969747566,0.16076691190838527,1.1001737359531605,0.8689457343335999,1.6708795730980006,-3.6350811896253563
-0.14063510502669307,0.2372082123115964,9.059717135102082e-05,-0.04760739513979847,-0.023808609663882173,0.02968642971153216,0.0639703116794748,0.21328221527080446,1.7147114017515195,0.08729932961396483,0.008129580293616658,0.38670056184716495,-0.37867566523172624,-0.7415559479717874,-0.6063866719192883,-1.170337343762838,0.5453268043966023,0.1360091235300001,-1.1580020934540132,-0.3871902763360422,-0.7039243016271346,-3.403008531347671
-5.472509424206354,-0.9289674397582864,-0.0029345721982772053,0.15277005976523741,0.09846805969305379,0.127315399428155,0.06540199964487488,0.2016389922438077,1.3116675503445638,-0.021977827923601298,0.009972287763067645,-0.558153759845375,-0.1335792862556453,-0.36342613440069194,-3.297882069247057,0.18432705854593107,0.24156012365646384,0.43821884865372546,2.11894621407229,-1.894715498302294,-0.946509007452629,-2.608833643435184
-2.9709348467380283,0.341115694435178,-0.4586460339744277,0.20314161055506763,-3.3664485532649606,-0.12258350078487933,0.08142802811176843,0.12102219392099789,2.247515270970946,0.04746930383947319,0.009194850823046509,-7.200374163996958,-1.2828261430307175,-0.14598876842979894,0.9881940506288049,-0.2822503713801228,-0.19831800203786934,0.30274020094877724,-0.3556397003220278,0.3274346549721749,0.33090586661376126,0.4727876065883245
0.9768248586295629,-0.8091095515961535,-0.2966282020735011,0.05947551846781516,-1.583619297182801,0.3556671642816596,0.10973732195668472,0.20426299737306403,-1.9986068582700154,0.0453510791022154,0.013802914476214899,0.7352588691451759,1.0445233547834396,0.3083699647231102,0.5058107214291455,0.018090298009189574,-1.892503514731979,0.22144240433279364,-1.143320687476069,-0.05817666999798648,-3.6011694915777634,-0.37736063133298403
-1.6941842820219057,0.04696005890228413,-0.29380901362006506,-0.0006977991856100298,-0.05173963305511239,0.004568550589516482,0.05989836127278894,-2.5078049879108995,-2.936475415466829,0.06688378163245132,0.0072196862826568635,0.23237620900504571,-0.4198797920325457,-1.019027355872979,-0.9749378861256344,-0.23636771476820342,0.505707543267594,0.21984477923426182,-1.262823588828539,-1.5777958373813334,-0.5931621108123366,-1.7235853885108974
2.2464733487754343,1.0365320147529324,0.2873908574082685,0.22706733422584519,0.5204468496770798,0.47679275528129905,0.09365254463480671,0.15993574466881136,0.7271568375271082,0.0528506061998897,0.009500551407542133,1.144069572736088,0.42635110347674454,0.3864414580592745,1.7373438032828423,0.18268313509571624,0.46460117752161256,0.33800384645566817,-0.08770923622746445,1.097301018182041,0.846452763160407,2.8478615696281557
1.3319392578862734,-0.41285924016936765,1.0724107172630963,0.20957309480187944,0.10881780182533846,0.19377351966378653,0.057355381349421725,0.2788683078050522,-1.7463894525373527,0.0005390619992015982,0.012028924399738692,-0.24896680641846375,0.11469833957859045,0.34798148059805145,-0.7551364187685538,0.2556156062380596,0.962075702897398,0.9082252314021989,3.5693290139558553,0.9633444534560284,0.9467189282045677,-0.4322121957607513
-0.37022967896810877,0.35701765335479874,-0.2730880500121017,0.03929863690586119,-0.024516590854434167,0.06660535725852848,0.06795732200404642,0.35275012190312555,2.5640245970098015,0.038353445928525194,0.00689764917385519,0.425069646564061,-0.08812973911080169,-0.14524836274977937,-0.7480367180848073,0.14581404609335935,0.7011113287105524,0.46190462513008257,-0.9790605981868288,-1.0082743303883481,0.8299773336310569,-0.887577229418111
1.5001436180782586,0.8628948486874407,0.29850091056628186,-0.27385516501466634,0.17972425636259862,0.1272811637076191,0.08251342122154151,0.17893112513033005,1.611562739207396,0.044857225410704755,0.008159376684421488,-0.46148097677038025,-0.35204058019007894,0.42265225468421663,-0.3648081969245961,0.4217033605568403,0.7499291757412062,0.05233261225096672,4.703896838512827,1.9224571465172018,2.776981148460991,-0.5052240620166579
2.3667678196224107,0.9006749282904684,0.2052268418109341,0.22320227937650333,0.6403674691871597,0.485892936623711,0.09771581386711538,0.1435369960142319,0.6807430493288441,0.0528506061998897,0.009500551407542133,-0.16466744130543104,0.38672555030562417,0.3305625756805653,1.4492112985855516,0.18579300392760054,0.4579613344423785,0.2884162998487236,-0.08403150393638475,0.9313803033447497,0.8658749441724575,2.496467166373285
-1.1439752385576034,-2.46452388910977,0.4446469259619332,0.03791405209892569,0.25170512192739486,0.16306860912021823,0.07014722355796722,0.08808773556949442,-1.5674012455627404,0.00859592481830651,0.012799719585837026,0.30554942860117734,-0.5631214736591782,-0.1298912382008053,0.05579938432903778,0.016047657251088542,-0.968841216163992,0.15995586377888552,-0.891500954707297,-0.30185493339134245,-3.2815267564964645,-1.8041458273511877
0.7699833499601353,0.17205181378561304,-1.2490409623727945,-0.18004399380926805,-0.03466165606348346,0.04127720347754978,0.051452164761092836,-2.0939750778315163,1.7605548177381363,0.08342725156860424,0.005732821277902224,0.3084316112418471,-0.11334553878023923,-0.0861968865698766,-0.5870290503947181,-0.2033403866491823,0.4591703312746589,0.3192274164717331,0.998979649673508,-2.7634594401629653,0.9510767895197255,-0.7707057305951107
-0.6156157531499403,0.23044850508148484,-0.30653233269919616,0.003716321795646081,-0.02450144628853667,0.032451807648265295,0.06938700731932747,0.26906857295650505,2.546188977517812,0.03444208965387566,0.007417558188816942,0.48853638228234864,-0.0448491471387728,-0.7172297801291279,-0.6574284463467258,0.03694697831262884,0.6020774601058898,0.3332764710021954,-0.9753131294302163,1.1083007102386417,-0.8235839423087113,-0.6525406921858359
0.7137571492839289,0.9028662211101333,2.051709307151492,0.16525582029006805,0.6806909971138196,0.7728967229585325,0.07881908875164753,0.2529316522496141,2.548662292741867,0.060027638969958164,0.015130211065770052,0.8717005519643363,0.9047544607791805,0.427043155970425,1.4829753415095408,0.40667518014691506,0.0573248312917234,0.26647701247584554,-0.35264847497492197,0.5460517378289511,1.523695604603686,1.076575957318798
0.3442826442669535,0.24168047847808846,-0.43360767471543027,0.23653744763978884,0.2355699536065383,0.13464479909958965,0.08176099360971505,0.14497708558140127,1.4620836853645058,0.06441402503706636,0.004679694305182,0.7975826233680707,0.09381091251884384,-0.061544748221489906,-0.25144411599214367,0.4759746659934462,0.3420993679910661,-0.709351655344052,-0.9178525700371529,2.2678871060138692,-2.282442158934304,1.7437537551010918
-0.5856916100104709,-0.2990087452387037,0.08161947107300856,0.008791187691433116,0.0270058142056855,0.03524949162448493,0.06983979636799299,-0.9213276117236443,2.267621635243423,0.08249941655384657,0.006429781804887203,0.600577384311414,0.010840816655363222,-0.11730821459505925,-0.26692838634437155,0.7783241564810756,-0.6965478988507077,0.4869765365811186,0.12588895552626586,0.8786317865678155,0.05669934462663866,1.080330819723835
1.0277159950915664,0.13353501706690665,1.3562544692727811,0.0708285227266893,0.33675672676317625,0.18105591482331188,0.0763880901782123,0.19465768903355016,1.1207904958805468,0.08567542346023643,0.006756720168079539,0.8800195528429087,-0.1497736635452978,-0.2351858570916689,-0.3567047365539591,0.368918755252501,0.9006265218591132,1.379605458979317,-0.2080865112181912,0.5616792501119934,-0.7224418049282827,-1.0127225153111976
1.4367054878734082,-0.46661523725061144,1.1499224326863593,0.20841160624937474,0.108384547978,0.1972028186242449,0.05696925731674534,0.2724766212576331,-1.7308022689116538,0.0005390619992015982,0.012202886859915925,-0.05133892087158484,0.034397255701265096,0.32565631262287087,-0.5727849645466481,0.2598353333286115,0.874207123308211,0.6816592612548961,4.865664877310634,0.6742253834605357,0.9983746662689119,-0.8654375281486095
0.7835655802670569,0.0727699434909051,0.5092622987107349,0.13820944570754723,0.10589545232302651,0.20261384023243917,0.0667453903785987,0.2017697005468726,2.05645343986827,-0.6036358927548533,0.008568332990426815,0.35764219906977013,0.1812221941870619,0.00985241337538427,-0.04398696313655341,0.25679334116697183,0.6932888557038349,0.41638982881768616,-0.7177901667050446,0.8375616896891388,0.4720389463978908,-0.3761568572909735
-0.19251602192781064,0.14359243113133785,-0.537920628204874,-0.6110867164541576,0.029397624110108902,0.0730163315430422,0.06416587711312859,0.22259460141197132,2.100732298219781,0.09661661309364099,0.006928776577552116,0.6023135845753328,-0.1537607387127875,-0.37618112667982967,-0.1404834891680108,0.05561925992841386,0.8028925037609003,0.22636721780083546,-1.3340198928103217,0.5636615481826952,-1.7657754870707147,1.7911780574556149
-1.3299862802018987,-0.08430589534853855,0.3698859765008355,-0.7342648864689673,0.1497232634958407,0.04084619884776034,0.07282604716161857,0.1821520544367762,1.6381800215097304,0.07121693504472598,0.005258863038827163,-0.1609907633608374,-0.5471201238379548,-1.0896732362719037,0.04456341797160905,-0.44054166656356614,0.5952813136965303,-0.19748350060213563,-1.2622438634181443,-1.4890444575359623,-0.18977728323719864,0.1893760376632457
-1.1809997505681145,-0.17742088918752305,-0.29524268389078845,-0.45828179482266534,0.31585048679578887,0.17053764585584646,0.059170139432516505,0.14954061307609745,1.3222742504660705,0.07218488092054338,0.005563760958631539,-3.600465189250757,-0.319191542121107,-0.4330713775877921,-0.4662896888609614,-0.9022760855175156,0.3367426403072032,-1.3339949053683378,-0.8031468850167138,-0.7177629908645047,-0.039052038095926396,1.1222102358530648
-2.707488890620961,-3.1825611818361663,-1.2577815264238723,0.037411598817675,0.12429378623827805,0.07221706862446328,0.05654260464994123,0.11034676812813442,1.0044494886038862,0.0435111855021902,0.008499851612343165,-0.7918644304589526,-0.7499092249725373,0.09291491419482106,-2.38416484665965,0.013387280489650155,0.2387086618934833,-0.2798548723708838,-2.5122048349406905,-0.82777579386284,-4.358039499231868,-2.7849071688834126
-1.1837953328965598,0.08608939606535417,-0.19484725213651877,0.12484886199334044,-2.223159833466562,-3.8602311443312476,0.08659244922386253,0.16197794932963275,-3.4285270239092824,0.029386337522269063,0.00840897452950634,-0.8488201332898229,-0.08573086330178781,-0.195335437372616,0.3082074645649889,-0.05387210395136666,0.05262756106385962,0.4848905857916972,-0.684524789126398,0.37952178230045824,-0.18542197625953766,-0.2988062472831439
1.1170943551857666,0.24674994327323663,-0.5288493543249823,0.1708854131209243,0.14885578781801323,0.11126301332799249,0.09274511816920106,0.27058914767261527,-2.9722732833080743,0.025085181835350124,0.010625849689832313,0.47084591262927333,-0.04722920025721906,-0.014108229841591626,0.8914579177763458,-0.14322394537344937,-1.6878886714703902,-0.5449916299054404,-1.8267160578191604,0.2795515582690792,-0.9442309756430081,-1.0618319678176795
-1.3607805953315915,-0.44254076413086685,-0.339352674657529,-0.6805085793450136,0.254550824665642,0.13977204042516597,0.057174951398952234,0.10195987349775935,1.242822870315005,0.06535112811694911,0.005426544808987649,-3.9030320442055126,-0.3350092142558765,-0.47023379176139474,-0.6439934492738169,-1.187345757906115,0.1794339526951806,-4.118858599647236,-0.8363079949148032,-2.6698792653112995,-0.7288516579077323,0.48964409818275834
-1.2521962413636771,-1.5430842762182275,-0.9718352792220714,0.032093185916967304,-0.02182124801871666,0.014164689816074943,0.05429952567096151,-2.7078725924213187,-3.097625907195323,0.04652287437704544,0.010355024057853386,0.22078048051361382,-0.41097821074290947,-0.29988753747852726,-1.2369896676674403,-0.26143796628215693,-0.30398499616404356,0.0328561114921412,0.42075297092838876,-2.2663136450759147,1.0214439314451698,0.44489583064111027
1.0620491779,1.0644492347864918,1.074792283294255,0.5245124783229095,0.17933924752037092,0.07353987781465636,0.06537535671927926,0.22488537766102876,1.6341684221778408,0.11251849152646959,0.005526294360046265,0.6969425854406791,0.07478932811277225,0.3519732283325081,0.8097853892300118,1.1785768728160786,0.542302762004848,0.6459896254065305,4.295421162147115,0.6022619681867629,3.1170878198357044,2.634575085227682
-0.4925535092291812,-0.06285468260888,-0.8461773776764618,0.04771606681238966,0.08825031498415586,0.05476883016445742,0.0829048560911772,0.2187522697082579,1.8807504310380507,0.017584155169819544,0.01093678012583847,0.5777536700887245,0.018577404039620736,0.11195478541839224,-0.35728691920087524,0.013532234421722562,0.1256571238447744,1.0933697485563911,-0.8355462577169949,1.324439280105044,0.8828955500649251,0.946603045068941
-1.1837953328965598,0.08608939606535417,-0.19484725213651877,0.12484886199334044,-2.223159833466562,-3.8602311443312476,0.08659244922386253,0.16197794932963275,-3.4285270239092824,0.029386337522269063,0.00840897452950634,-0.8488201332898229,-0.08573086330178781,-0.195335437372616,0.3082074645649889,-0.05387210395136666,0.05262756106385962,0.4848905857916972,-0.684524789126398,0.37952178230045824,-0.18542197625953766,-0.2988062472831439
2.0650503801339517,1.7030577280859152,1.26600509863551,0.16565001841887034,0.10968599573970657,0.07353124028356188,0.0753045623047648,0.2615650745134841,2.3082054856617473,0.03947796875066369,0.008106956869636757,0.7027176601441028,-0.0733135420978625,0.8673128167849335,1.0758593659236884,0.37695156144034386,0.7667839001005355,1.507650818690932,-0.29107596093116506,2.2193881059179437,1.2106139217308387,1.6798996395301964
-0.11659920361970864,-2.162048006044362,-1.3831523739474463,-1.2605746550411687,-0.045579297662532936,0.018515031686647133,0.06047231543167589,0.21579682228179856,1.0925228606120216,-1.4920936544196708,0.0066188362699796,0.3170524453809663,-0.9235145521658336,-0.7287918150925028,-1.0646398246112045,-2.8896541916320717,0.3294381081038426,0.2478177173889347,-1.3263103089667863,-2.841030476952329,-0.28212210418602945,-3.473268589256404
-0.08851507015370662,0.34311537068184783,-0.08328340948394387,0.13909551955904964,-3.481292323320276,-4.507271904079479,0.08930817349827615,0.1050767150353625,0.39130834024996974,0.033614767290352905,0.0060933646716011935,-0.5164215470691449,-1.0204247843571617,-0.18038436843835648,0.8509573189137069,0.08996658974605562,0.14222150928995442,0.18080313765325423,-0.32472019858096207,0.6425096520697683,0.2923052251392154,0.6396742607736327
1.224741229293332,-0.5645632674426274,0.9790220182767596,0.21870293264407512,0.10566781281356824,0.19649629898942142,0.06213997943498191,0.2927126014708934,-1.910103025520128,-0.002970478860066283,0.012028924399738692,0.19845125567102656,-0.0411908419298276,0.2914482736660287,-0.9999481644082916,0.18083217380126745,0.895254694042242,0.48248889838797465,3.733794715613424,-0.882882575848797,0.544471967166392,-1.153356664358683
1.8861486374702832,0.18272920509605142,0.8141171006006239,0.23213461057397092,0.0978614145397489,0.27112290446407733,0.061018034244437934,0.2720804432680852,2.041208002086039,-0.005800013244293072,0.007836497181905922,0.5590124207864993,0.16499096625847542,0.16716051939430512,0.4230727871791734,0.30463414656184284,0.9039260377989703,1.228845172579182,4.935530607662747,0.6241058339880856,2.8912424838635222,-0.25625670082336993
3.5422439196571887,1.1108254694839468,0.5368142143383657,0.248993175312959,1.4857784441338644,1.2563487287542026,0.10229819668671201,0.16132903991712164,2.599197309850977,0.04986938794619787,0.010630549153427636,-0.013083664322355006,1.6120269572731387,0.38485911585491867,1.3837623224550952,0.33620166518862404,0.5431020463584383,0.967712629981428,-0.23651129979186872,0.8994664063478317,0.9209657137676263,1.9832482519017054
-2.2150924691627445,-0.36766733200566987,0.30141482570221023,-0.6243516042858543,0.1406114698662699,0.00965653181786638,0.07299144054825377,-0.5248939971139771,-3.369943751587535,0.053721190302623116,0.006941913816257022,-0.3188211453302661,-0.6068539415103742,-0.9668081966207717,-0.09158964668073524,-0.42984781957671986,-0.9135485774062388,-0.552768902713848,-1.4470854846024495,-0.2345301387973555,-0.6149968928231175,0.09773685861625919
-1.1729024610011234,-0.11721034669522214,-0.28920014152182366,0.04253236024545391,0.029245421005486875,0.03356418340767412,0.06637233947850968,0.3260518841699404,-2.8866207286086887,0.05913517138331308,0.010599784974710598,0.4670013933621816,-0.2146054714477315,0.009690454916812863,-0.7080879177731343,-0.10362797264804867,0.4845383679023199,0.5442617799107439,-0.530587106863218,-0.6061977815672411,1.0996961107707184,0.14677734402995238
-0.4307101525668924,-0.9741574994405604,-2.696881242179628,0.03964854520886815,-0.0710904548338926,0.01537452343898493,0.061731437936531096,0.2009060096781814,2.737083013647908,0.01918893594315164,0.006125710387568613,0.0960329792671507,-1.579177357784347,-1.701420373274128,-0.9787851333798834,-0.191368812222005,0.5681468935594213,-4.3448284078969825,-1.3179373659646765,-2.3743876081994157,-0.2658743025769514,-1.1348352882449793
-0.13399389747556156,0.7822050624401283,0.6457129905569272,0.1005853853666864,0.22827372079255515,0.7388412865050212,0.0848341519863568,0.26315789307617543,-2.1933822199465878,0.04896524966553767,0.016551740080734376,0.6187335034088967,0.665030213264692,0.5664774487284805,0.8710252055941349,0.11996401381898933,0.6849349565211249,0.5487406966358274,-0.007173234624800899,0.36169461159715066,1.3607571488695098,0.15362841046027018
1.5401567715214548,0.6061406676195569,-0.08563530893176136,0.16117514906160815,0.12135675186710437,0.10505868561743317,0.10219990975606431,0.22164489235454457,-2.370981706889985,0.03012868707322217,0.01722702644055289,0.4174258844322236,-0.09216284817667894,0.3303468637512844,0.8598816732418244,0.09180042272098125,-1.5637678533449548,-0.15175180636803454,0.08489357010661439,-0.34648587834290634,0.3915921974406752,0.08677609839048481
2.1911678810168524,1.00364072258145,0.06775821069126034,0.26891254584554974,0.5164185893954613,0.19894105998561962,0.09103234050985748,0.20280357434434457,-1.7757931508382625,0.04954220559975353,0.013089129258050202,-0.4516017606711624,0.27824009603177313,0.23370084727422022,1.198236565528132,0.5528919010618026,0.20454099198611966,1.0572184111247052,-0.46643961836272585,0.6249946629816469,0.4313173834823024,1.4572169136633377
-0.22099069942464886,-0.5202361946858276,-2.8518600515018697,-0.19170269836468964,0.09308732844238884,0.051366982267884796,0.06955170688045866,0.17014542893914356,1.103268882448467,0.08537403906766315,0.005525745683153105,0.379527736136414,-0.5569432459044292,-0.6625190424687322,-0.28915754987230485,-1.4336182528242882,0.4258387624186703,-4.626493892136434,-2.1642384440385145,-2.3915857268198213,-4.905787264846836,-1.9302991168556762
1.1800053787223197,-0.35584013253058494,0.8499051763554748,0.18300984698299866,0.1381504661368219,0.19851171222351682,0.06720542804380907,0.2935487285958643,-2.539446229096668,-0.007949864325919887,0.012028924399738692,0.32311770952839247,-0.006938167637698016,0.27700046334040074,-0.5357211572263825,0.21466683988508886,0.9154406361647558,0.10417361618266469,4.892131490103008,-0.5500375818660639,0.8545508503704343,-1.069113778899067
1.6772749570452292,0.5851808394385919,0.20851672174942337,0.2008410191323435,0.07208103748521938,0.10795905544891322,0.0713263504507948,0.2491001931914768,2.0038025762737743,0.03967642276066274,0.014596511821900696,0.40153642812685675,-0.07963233229178329,0.2935116572032653,1.1263429641568106,0.3407744757676409,0.9944243130446818,-0.48133345359689905,-1.104418972535175,0.3766897446803812,1.8686137681264945,-0.4351647899037989
-0.023523233674427643,1.2716003601928132,-0.27388654603727886,0.10221731006772936,-0.48288969224848155,0.2215253480352032,0.06893737990315557,0.159009668016272,-0.8277687742611215,0.013480115290867373,0.013652057721154631,0.4296672251776894,0.7866896313663789,0.4252674081856623,0.9214485872500404,0.18022982637672813,-0.21677673688087187,0.6368361396852645,0.49018171301871205,3.7948126294993942,1.867956292250308,0.3011910070892398
0.47850713879457185,-0.1349540791813222,0.5038018585368818,0.18127688586650711,0.09873699070970561,0.19383425945126767,0.051627979609493106,0.22845470564985831,-2.7889430343529775,-0.00032263877625309705,0.012271321587282303,-0.6032065415121173,-0.06433229464838218,0.317176838041516,-1.2898236166542267,0.06018989472391476,0.6734418203716703,-2.047968420515553,-1.4229074064437313,-2.5172819800260453,1.486119286242347,-0.5055749693246641
-1.976343138291751,0.66844892802566,-0.7400395355632914,0.04503989738720858,0.11517347823559068,0.14704068142539845,0.0665378177974691,0.14913637671506008,1.2432673564545942,0.016280974755047976,0.007201828837373556,-0.6020922793132103,-0.2770678565684046,-0.9728324938198012,-2.1666396800863654,0.04567894927388941,-0.0933924988088641,0.4762881550483636,-1.1552763883686012,-1.0721923528723973,-2.7733421749993696,-3.0140860049795926
-1.8304420854207395,1.0877516271726246,-0.935380324154786,0.118056058567923,-0.7425063127387519,0.2483374491454365,0.06453092475509364,0.12091624685005048,1.3391406367590677,0.01570310967397112,0.016608899066469826,0.563488125168382,0.722007552855506,0.6109225327420358,1.0506734076418027,0.2815416447730083,0.39180396082888563,-0.11307766422248647,-0.6023570273015568,0.2884683284801223,1.0462169576316136,-0.16775506089950729
-0.666508867623725,0.14129673776244175,-0.24423969644477925,-0.025926376731838036,-0.03372256317940984,0.052955779568822525,0.066292857422166,-1.0336187314451795,0.17489172936725692,0.03616291236537842,0.006596303043369856,0.42831386285788553,-0.30051390880535717,-0.1800947823398282,-0.5964411179357529,0.06337438627158126,0.38978055165322695,-0.21136854210328707,-0.5184070202222204,0.49407267727252746,-0.06929052746032349,-1.0196760492362253
1.4745480377069626,0.935382922120156,0.402255628951711,-0.35708587594382585,0.20479743249402685,0.11047470399091634,0.08195735576700659,0.1696287594800302,-1.8814133380513272,0.03961678433926538,0.008726158438665112,-0.3019040853373062,-0.35723701430370114,0.37608739626686105,-0.12171770636355339,0.24861436482941646,-0.016847132318649188,-0.020535844512404932,4.353223666642912,2.208986890600506,2.3321566037317916,-0.04651900129363966
-0.7316751664400962,0.42268993521973486,0.5337293957883407,0.009212122723128541,-0.05420161530424724,0.03829280329109352,0.06675149714601807,0.30436596069572963,2.3437158364498276,0.026593336225612912,0.006553434095344125,0.4305528140762787,0.01757535644634988,0.13837330433873674,0.8550225026742557,0.07214158337894874,0.439211283446646,0.6624542860041147,0.0511057954445343,0.7951222888909452,0.6399348692425018,-0.08373437301966634
-0.43566769760058394,-0.23351192222995804,-0.07822609667101038,-0.0669249342796773,0.04280136979549948,0.050710888210960495,0.076990768919296,0.13516178147021296,2.306504814827724,0.08451715845751777,0.007481924060995222,0.6626670962302618,-0.08048418908876359,-0.04144852700744864,-0.2684095913116457,0.45485463530667264,-0.9460597978909127,0.4613270984400139,-0.43122388725937194,0.2112954536445533,-0.5658632642871069,1.0265543106851145
1.0673615811127892,-0.01013667727383659,-0.5103046665236072,0.14088988789305015,0.08214402445916925,0.09491297425497063,0.07200946376906331,0.27005726653806716,2.0674137747359715,0.039201065795352256,0.006903728626874529,0.4714958555368939,-0.06243746387990777,-0.1976087443892284,-0.5328983618359513,0.1474310837991604,0.5886492837298501,0.42843187322066995,3.7193521208319873,0.35509835691962,1.3348082255458873,-1.842580853462735
-1.004252624296275,-2.6815993186229226,-1.1346855379396628,0.0052705622031695674,0.17167989896686828,0.05766184796288101,0.06526646740791728,0.08706352126534268,-1.2496530291495926,0.029445064668193466,0.010468078269235053,-0.601169503598737,-0.7628872482626312,-0.19330727976111403,-1.7728572815396182,-0.07433010910128074,-0.6364871024429216,-0.45672043012847585,-1.6384475683005655,-0.6850008168634548,-3.6259679924617076,-2.017562933048326
0.8502617450451009,-0.8657432551853402,-1.4061035010661862,0.14420416520092652,-2.6664036008456846,0.26509929610198774,0.09627411896797208,0.16862563661121577,1.2199247305219236,0.02422312370769682,0.02091267109222801,-0.42948019114298125,0.15525717752007445,0.29645797619339426,0.5187130978646066,0.18298931471467172,0.543844890541561,0.22702816056221067,-0.7738441255635947,-1.1798804737421358,-1.0760863065886224,-0.8492534715017087
2.2342970672120863,0.8239192821185635,0.47331400817752567,0.19356622609761276,0.8473389670603476,0.37940521174941105,0.07473927590386475,0.210584725293672,1.8966840206101625,0.015233692154642643,0.018128198699797524,0.183384870556918,1.8353060565791781,0.7229861912675714,1.2109016650677107,0.38095025660989196,0.7638769436606889,0.9754492587240827,-0.6873544105492229,0.34310611315812356,-0.3950149425007914,-0.4311933331718709
0.7786555012372743,0.7203342457720672,1.5074120618678284,0.10050812514909464,0.3115712759381059,0.30007741822242395,0.0783056210235599,0.17863602047647636,-2.1855009854986203,0.008775605175243107,0.00925124233009369,-0.5553528668049734,0.027355174229269016,0.08926059947346818,0.5737395093935306,0.19618176978705423,-2.694034680545158,0.14629952482891354,-0.7364015884871872,-1.154648107287835,-1.8855067855519172,-0.5126790913636899
-1.2651536319607153,-2.9796259683974813,-1.0719401985437247,0.03891615417119904,0.1808683204369588,0.05459731351234006,0.06387631176601537,0.08160566194589146,-1.2124045970906279,0.026837397537708474,0.012929256999917978,-0.7362283137767608,-0.7484962395974311,-0.15368059674408904,-2.082865362336122,-0.06954442810558795,-0.16910528579507308,-0.18832333170250865,-1.6858197747948858,-0.8064410515813112,-3.96944556275579,-2.254422652961369
-0.636118966430216,0.41023527023531736,0.12863671335528037,-0.290910440803742,0.1934526103473619,0.05273645244511918,0.0849364723573121,-0.3820105700628586,1.8647973021317041,0.054633444486487805,0.004570376405741289,-0.4825891781326097,-0.3367050470626404,0.047214957218167035,0.17922942486292476,-0.5001988323390212,-1.217036413760009,0.7686517722805652,-1.196801931342347,1.2965406377735509,-0.2431353031740435,1.4814304201006334
2.1074542345879506,-0.35252568941371976,1.9261544114511193,0.244531580926387,0.3209450189026702,0.2890075463326834,0.06732023608862174,0.2298911576936821,2.3541340432019373,1.6445970981295992,0.009078771993361497,-0.8575126005859128,0.4590951397007014,0.19254222428036827,0.7744593315076609,0.533744498376556,1.2475467777708253,0.6794243313143625,0.597449144058392,0.5145340997775514,1.7073596438955487,2.0730294912081275
1.2321800030817835,-0.04950834905037598,-0.05896871198418971,0.19113665088335435,0.11641010650332798,0.08397916786436635,0.07909751034364129,0.25834199889155646,-2.298642987943702,0.03333739385272127,0.016616621753079923,0.37403179603478093,-0.16336245361467397,0.2380427089210092,0.8799177699300316,0.14433535303686967,-2.2183700982497747,-0.2996048448445076,-1.1504727497829805,-0.5730128228018134,0.42747970261323265,0.5459712246928647
-0.44172426240440055,0.40098348173243764,-0.016907171924168962,-0.24044395057969553,0.17867921342386464,0.06276993658952336,0.08004531367192558,0.16464666346853532,1.6658737872957883,0.05390884790905805,0.0051126215280307315,-0.08705523222745949,-0.5036937511008852,-0.06594204616434378,0.2415555242550016,-0.3696769347634228,0.9005982473219546,-1.1953513272820202,-1.1125066882861994,1.6556656726754566,-0.3462601220163717,1.385104211082187
-0.725245204503906,0.10921277369755825,0.3219687041014723,0.09445784855588374,-0.2937383023259151,0.10098421969344935,0.06711510931484968,0.2755138604272459,1.934181006767472,0.04472757651595658,0.014483412315569185,0.4529599568099881,0.638437599070301,0.2876737748240093,0.4916586906389594,0.34102752691447924,0.6457465279489301,0.022948391465334096,-0.33490691308755915,0.05060398085011516,0.2781454988635366,-1.1993328543075166
-0.720700022189904,-0.27934071705100977,0.5277330502884344,0.030614311852261197,-0.043134144493797925,0.009404094604604986,-0.9698568668936058,-1.2039083904609695,-2.1891247551212785,0.029527742999112698,0.010874424609992174,0.37504503600023426,-0.39599385128304637,-0.001432316699206463,-0.45466577735538155,0.04505760507268149,0.1825364623783258,-0.07053303847631073,-0.7870372554130359,0.8360119307152223,1.275458246177128,-1.1827157895350955
-1.1597954359564566,0.5542223553519152,-0.9086631935960704,0.14403301037510485,-1.5291158633141864,-3.448185954491622,0.09177272960013258,0.19354463188587434,0.452700899355897,0.01299624580103589,0.010608550363837963,0.803948932577348,-0.30796172674794803,0.4210434248216771,0.3486635780919906,0.20914802206740646,0.16653903859246624,0.2157945877159103,0.6592783962419028,0.0761304762357217,-0.516847531510315,-0.32448804575662926
1.002879620661071,-0.004654270437095244,-0.42625718231831367,0.14759563981182633,0.11243497476158283,0.09717888703580958,0.08419562097936988,0.25759640099109143,-2.4608666594380333,0.02067252806778729,0.007409211424500588,0.3853534054545257,0.011125174718938514,-0.17340329811492,1.0448772112388123,-0.1350785681814555,-2.106454558018287,-0.559334214096182,-1.8505287199881149,-0.9583460967310191,-0.20399839983743395,-1.3909972127384183
0.28028743192066274,-0.36097072855727214,0.7653851262793033,0.1285545997469088,0.15258210768126593,0.20120699052009894,0.07800391097840768,0.26675984549682114,1.8787503000306527,0.20927063661285536,0.01205918337799981,0.425892048612517,0.013745749287475757,-0.14897419680948482,-0.04446401672875177,0.2267586387415603,0.5688252826569961,0.0673315602302981,-1.2880261749593103,-0.43916172187089053,0.27102094623391604,-1.1138182095557976
-1.4363885534232235,0.6935631707954314,-0.2055518367496099,0.13317436835786922,0.22668074214151138,0.12932295378007247,0.07294400842667596,0.14829000262725778,1.2429806443579257,0.020668555386082,0.006899245165683755,-0.08216084704148716,-0.06235316602516558,-0.7378035361072588,-2.1678670775827937,0.1722557787409352,-0.18017847121798405,0.5063122053703489,-0.25773636108099024,-0.6459638526500457,0.1915162726022153,-3.0058551063485957
-1.9465014654531656,-0.11903916957019262,0.3193466536083975,-0.2655575601523534,0.05911752042980678,0.20871513822329957,0.06291642573634892,0.13811241998661145,1.3188103616972955,0.08598520504298975,0.00464186931155274,0.7643423039420028,-0.44913137516475293,-0.10198464867209071,-0.3650029436596934,-0.681561783868545,0.10706298761367725,0.27861649958929713,1.22693596270979,1.7135238403014668,0.8257832699528554,-2.197323055421478
1.4094483427502469,0.5458101873021628,-0.013032678717050323,0.18044100614068784,0.12369461303681986,0.09930807389949427,0.08369367782829781,0.24782114590684304,-1.9244853433527749,0.03333739385272127,0.01631781553814894,0.4572961365670785,-0.12645142475880197,0.4109740709551789,0.9393086008132716,0.13993072228613976,-1.719908893163635,-0.14310647034051285,0.109338165314863,0.42896393977842495,0.14377242455185876,0.1379521372324992
-1.3220846835612967,0.18565622273492086,0.3701664003874539,-0.009310374857917221,-0.03155009898203137,0.025714955636670034,0.06235031203093952,-1.4977216213207547,-2.3711063336306943,0.03228953466346371,0.007240215355674804,0.4372400859917356,-0.285644075835074,-0.015878859318723695,-0.4540155464520788,-0.16716983918122374,0.3267248108703591,0.4448519475077395,0.19160197398682427,1.1294423323724267,1.469120839902521,-0.21417416367008282
0.6961996803005229,-0.2631249743479242,0.10551610468379746,-0.09413103150562091,0.48024365116573964,0.19785247237073814,0.06897796573492619,0.18177318286210786,1.573281537214487,0.08548784524569819,0.005191444659568141,0.7080575847841036,0.1908440635547329,-0.26672715580628537,-0.13702121765105615,0.16833883634155766,0.513701814336604,1.3027553410634798,0.021852681549222316,0.6347212144723167,-0.9748761843422219,2.6283360981487727
1.0693724120448933,-0.18561813975211178,-0.5466840638607758,0.10042301961654457,0.14519812949596983,0.13052875597877708,0.06306677994726313,-2.098149603534564,-2.736529378038891,0.020989038692560084,0.008615484918968323,0.10842282205426058,-0.3306395318628229,-0.07730213182886182,0.7890074979997703,-0.22946442881351248,-2.5468141681305045,-0.7493295671510647,-1.6957593852972677,-1.1653627479339124,-2.920196553959134,-1.2469861334349939
1.0420217698334575,-1.9155216803177917,0.9039320435120709,0.10110600493559328,0.328527437234172,0.1770587317914234,0.06022103731547032,0.13775816114377074,-2.5838402264502056,0.0005956181095546518,0.010274272169000042,-0.4226030923163882,-0.16633396636210196,0.08360145186963101,-1.023109025432713,-0.22496584507000258,-1.9482162961449412,0.5189893987134074,-1.3080317667486794,-0.012347058598955525,0.1214155972782146,1.1648010471126506
-1.6799221527913246,-0.39488223577019477,0.22849556033104515,-0.6774258788164611,0.14252688630158533,0.0012020082311441633,0.06861995266810632,-0.582039669304144,-3.310129140556482,0.05662385818850035,0.006941913816257022,0.008379003287953747,-0.5841808110156277,-1.1418830932616337,-0.15266138956615727,-0.41233804299666077,0.6867075019123554,-0.36904325453404074,-1.3416197121273679,-0.04323433707001749,-0.5892412680266281,0.07270507157201972
1.059559824211386,0.7211221839177789,2.0755635060235473,0.20374624852248396,0.34904460796449255,0.33141521547685937,0.08011050310475602,0.2265123156832929,-2.135146821850971,0.013016586038942308,0.013091631417822868,0.9631145976532431,-0.03484494160082595,0.5888126379325588,1.3821551509059173,0.3848778782498676,0.8955174225579948,0.5638405926404094,-0.12611198618066533,2.089675066277218,-0.8259795327453459,0.4077470046598421
0.6376195672490168,0.2931649259308311,-0.14872823381372718,0.11675341862614945,0.367219907278956,0.37777244832315254,0.07161730702034835,0.21544861529217443,2.212395648376576,0.00919918915388555,0.00862175826918653,-0.1482418494720624,0.44588770436930064,-0.09467789477239472,0.8758804525219515,0.05718617910790589,0.36356280111938144,0.8298195704048773,-0.26890738458821273,1.010764543728167,0.6336069446572183,2.0991705562191916
-2.3820549556589703,0.18234596035269116,-0.5432511024817658,0.22527479198460965,-3.4152423639096665,-0.13470993966767394,0.08402137973213958,0.13238020415543064,-2.4286267516765396,0.043400178917459585,0.011653430927669075,-7.12245479618077,-1.2488434464591183,-0.16233572995830686,0.7650989410661668,-0.22702287093222878,-0.2076938601022,0.28651020225972557,-0.40175827713075496,0.0887153373450348,0.09112583995571012,-0.05794328997067733
1.9704399652072009,1.2247856618293447,1.8595511387741652,0.1994904730368159,1.0592195986711725,0.30081803326847695,0.0945238780926958,0.266055282365595,-0.939288628161058,0.04184056435327568,0.022037695072410587,0.6087424894947222,2.854025384851664,1.0093918526705496,2.0953380820233245,0.27872644648194955,0.6574915916379909,0.7665867533597058,-0.20613906316002917,2.5997336681224077,1.1584926878735127,1.9534189508752522
2.3488544878310353,5.177568007256066,1.1418928987744,0.16285242590474053,0.8947022339578561,-0.04012728614870536,0.09132675860595331,0.19437593344524592,-0.6199659689699578,0.033650012559124226,0.020732621925033716,0.8370413340608174,1.8944540479104959,0.791372749917113,-0.04668289479920899,0.08849933456487083,1.2295953344994757,0.674747812871361,-0.0019414476006456107,-0.1497650372314599,-1.618868217792714,-0.2821036795621324
0.5514555099967396,-0.031953778163216956,0.05693561459934005,-0.12126440470851241,0.2584856469834597,0.12768741587570395,0.07065739299272727,0.1839320701999944,1.456234385587233,-0.3823975794916614,0.005131480660460469,0.7180570139337366,-0.09542186692216337,-0.23137337718632509,-0.49903978758751394,-0.48764582163537756,0.4421122354100952,-0.6878653754073601,-0.40883233044037337,-0.8039059731259386,-0.3495385056989306,1.3178760049066303
-1.6084506635214264,0.22717596460866804,-0.07843574489952806,0.05209736533084548,-0.05412944416034832,0.08769740702994656,0.08312234326981911,0.2775450872335613,-2.405202844465551,0.03476034459847989,0.014250711980938474,0.4870658270272426,1.06208946332016,0.34836188186088174,0.45865938340547246,0.0367468549623019,-1.8000380524731476,0.38378510542017097,-0.1187434683255671,-0.6453161556711869,0.00926044697307345,-0.06683868616642678
-0.7694391425821517,-0.2803864172813894,0.5245560920557448,0.04013760435569988,-0.025842491832368492,0.010967689096497799,0.05732357851567784,-1.2055049094023205,-2.2894808118898236,0.029527742999112698,0.010874424609992174,0.3689838942618801,-0.3881749122890517,-0.07889697519166103,-0.435925441553864,0.046371024522023345,0.2944745777978271,-0.05642859016886352,-0.7859807875370022,0.9385510633040893,1.2544211981389537,-1.1970549690316852
1.6020921019310517,0.4812499797789532,-0.4765910638468462,0.17381210623173576,0.13944707201922,0.20306547323774016,0.08281539758430358,0.25446290621875933,2.201782692527397,0.038788943878380056,0.01388431140391236,0.3946099899034288,-0.13373319182014942,0.4121759665001547,1.3218461042764371,0.3579780423283549,0.894246250953196,-0.19986254855161156,-1.3048535784245723,0.10696119274730008,-0.3757135749223391,-1.7113135865079596
0.9479176126843142,0.036317190329440356,-0.6007623493767026,-0.45573457922407934,0.15344030153611318,0.09613217373336713,0.08271817623171353,0.15620512082143675,1.2276910351937498,0.1280179055617274,0.008969051772423162,0.46840227920164,-0.14079823710336356,-0.10533719642237628,-0.21803770935397263,-1.003841686671684,0.9731887143166029,0.16299750015932146,-1.5454191382423763,-0.5187793231934751,-2.9992492000751394,-1.3006407310921504
-1.3748932101763494,0.5536205043305001,-0.17389488431920944,0.02798208834503221,0.027434324537385625,0.4135708173172152,0.06507898039904168,-0.2701628170092894,-2.6119470250695693,-0.14244112857822439,0.010121394651079406,-0.47054843419676007,-0.2629857255841679,-0.05869876494580602,0.6363625859692968,-0.01703420977655984,-1.4099776276760396,0.313966244286435,-1.1290746272767984,-0.5409942233680999,-4.168188104867423,-0.29339244598365827
0.465757813438514,0.17022284469645843,-0.11903199594502706,0.13543592525863032,0.10768589263526925,0.06751293166280252,0.0645667194647731,-1.7255109395846744,-1.984473236797255,0.019644914398291514,0.006653723174911883,0.37323872326373436,-0.1278078943197054,-0.07449498245489503,-0.5169395882107312,-0.04076351996357107,-1.0447662406549054,0.36444756451691396,3.2881619799816053,0.23211201825197325,1.9608123149797105,-1.348329842284961
0.4530847479295488,0.237618016443039,-1.3769417345479558,-0.1949918993787097,-0.03660401785987359,0.05399232568493611,0.056949106438127756,0.273365682708642,1.9097515716666922,0.12002966825479469,0.005769315799066868,0.42028768854432463,-0.3698001984807429,-0.304271882805658,-0.5078347575692606,-0.624671290646609,0.6132753660047345,0.4170148192755342,0.579602919640316,-2.6344096681482836,-0.011303066424575816,-1.2062815074766655
-0.09492602625772514,0.5756118183713604,1.0586075116711207,0.37120138343945563,0.07500044298711322,0.08220095566693462,0.09666051012341953,0.22585709016526787,-2.7828511000077367,0.07477608483613364,0.006071898421186441,0.7514421733180249,-0.24734445456434953,0.12853503910788341,0.5380237225129527,1.4441758525030137,-0.2720900631954335,0.7294864424212152,0.26545199114573076,0.42568345146949943,1.3522111621189412,3.141771588148427
1.6710502289680829,0.8439961116321931,0.2748839015122868,0.22063222475037847,0.5144932204906818,0.47053232141725276,0.14047102186638832,0.5551338442502932,2.6119938917526766,0.05375011004549898,0.009500551407542133,-0.4796425770046383,0.4147096434582239,0.4721479065350294,1.6023967953360845,0.2553920167433248,0.44834605825096574,0.6785448542837449,-0.0508126336688203,1.055549207786354,1.108034207280539,2.845953220608579
-0.9981736121098078,0.16786526786387176,-0.24215031691291664,-0.008909621937658296,-0.01827393351679141,0.03555344424193736,0.0577500800322398,-1.354200173333191,-2.6913818603762025,0.026420747667787264,0.007081800578893539,0.36100195034996907,-0.2255211994105355,-0.24124762152416915,-0.5727794530638403,-0.060446337061201526,0.4305706292002037,0.3339833109440993,-0.5464175720048714,0.888742695680393,-0.19652591473497402,-0.8607479577378165
-0.44473550026972203,0.3218265575956531,0.2648432348503039,-0.02643556618091457,0.02844775920034734,0.05871240144602478,0.06701675688798234,0.17739680417156467,2.311170791964326,0.08729932961396483,0.007882998776576243,0.5113785448799071,-0.23578761314284288,-0.5366248622821435,-0.46549492367300965,-0.05099170200749506,0.5824962027406949,0.4429389554982284,-1.3183251375919645,0.4321137836249081,-0.9508057222503673,1.0738824507687665
-1.3879385963493294,-2.603238970166559,0.032364326945275496,0.06484831802964104,0.24687458707160817,0.1832876388511717,0.0663256439393749,0.07299270510632727,0.18840471536608536,0.01372953800891705,0.014009810916019936,0.24584546648337105,-0.5132940510051134,0.3743672821538842,0.061653208101039594,0.09620837034416106,0.24992283654136385,-0.03530895705969094,-0.8251506703431193,-0.6125586276536517,-1.8996171514977611,-1.8705322671338938
-0.4174996827577371,-0.32422089565446127,0.16377132435622982,0.02523032487182314,0.026209675276643026,0.024183700622341806,0.07107809513875543,-0.8439219192246422,2.2771014046913014,0.10525518083663786,0.006687861189377856,0.5995982082899555,-0.038808789800314145,-0.06686745269208358,-0.2601902912786004,0.5665155908649968,-0.0988142174532899,0.4928442624563508,0.02333302860695301,0.9449243629192527,0.699010447032549,1.247499317714361
-0.6123311571373224,-0.025167310556526108,1.3741487229270943,0.030963937051425063,-0.010385030044500173,0.0022922169555072876,0.05266922637552658,-1.3723058822198666,-2.404518755764438,0.030611416809661812,0.011586731788700495,0.3564774674595486,-0.3459682377052717,-0.06143550329702949,-0.4132968046416453,0.03815445061111721,0.31865473511658327,0.3167548938203078,-1.0426546055493207,0.9814007693631802,1.6060918321785282,-0.7762393316758199
2.1229964168711333,0.9879009899310931,3.587352372353335,0.1507312187598795,0.1375631590155291,0.12431132843433249,0.07343140099386433,0.2869042612407774,2.0363180312507136,0.04454337724450135,0.006502714225677008,0.5146494907293264,0.08091143823989443,0.3922231504723459,1.0984833367970068,0.49594753153824045,0.8117516873087971,-0.07222270411019154,0.4939440286003043,1.025071255168384,4.221892236883309,0.7881658591482255
1.8576491575805218,1.1520735474994719,1.7844365532931603,0.18601481317579327,1.069507836922751,0.29833115315432823,0.0868741540886491,0.2731773854898434,-0.9504938922606567,0.04126711125791667,0.022037695072410587,0.5966498488711587,2.922129977235344,0.9032199110810479,2.0256093744991457,0.26446900373268706,-0.41674440691561787,0.8904308035146267,-0.37562975463955933,2.370906627189431,1.197593799300518,1.8324833817067647
-0.3284547800006041,-2.073453226035226,-1.505400529600537,-1.0106067268837036,0.07195810763871144,0.06017511499232765,0.06024310935487369,0.20968389060078016,1.5156625264995478,-1.3529710858005355,0.005925790288438753,0.5156368756026375,-0.547651331000377,-0.4775465149288209,-0.4841005660805656,-1.0489384568152573,0.4576272411630856,0.2935873439183206,-1.5096391303157255,-2.3434398752926286,0.26000018103925865,2.388717343317184
-0.6560191871437476,0.12570876697170705,0.45575598027196207,0.03888204675962084,-0.012389570454536543,0.18527923117050304,0.06559469485993806,0.26531238857193834,2.5406478867293276,0.0008902132361903702,0.009538077972521113,0.26151842667931374,0.032009323177884096,-1.5195873840709069,-0.3300959270861932,0.19960245927366896,0.6848159286687547,0.0307897547294415,-1.6016576308338373,0.09277660241455242,-0.013769240399345739,-1.1129773046701765
-1.1134449745985575,-0.10726338508895641,-0.2745740198281701,-0.4979426207666441,0.17391506998447856,0.07075297174798267,0.07413207008262118,0.1825255808312777,1.2100583779746361,0.06712766425251275,0.0049541716517475885,-0.4500551110177828,-0.43321756841566295,-1.2955549331323701,0.11692561101519101,-0.566589024463414,0.5295663268780358,-0.293615115674792,-1.7390364501668882,-0.3227309233221383,-3.605996863123161,0.09067920943517241
-0.4837661116395698,0.41745049833609765,0.12440470167659827,0.007618881549161562,0.04629074980179945,0.06202172425218646,0.07017834854683075,0.2850959600217791,2.6197778976814083,0.033983356048341615,0.007720141860506744,0.5203782255645517,0.10382938227449542,-0.4930374050926346,-0.5805822163490479,0.049366291190638845,0.6884478995340038,0.2542559198581762,-0.9963540327495691,1.3568457112276382,-0.8577160553848665,0.9958938211978787
-2.036887518182783,-0.01459641140316407,-3.004368521131982,-1.5948277366770436,0.05063716096256696,0.031997283974725406,0.06007801024470471,0.14802061819335557,-2.9082185186189573,0.05299286818894639,0.006507176183812337,0.1516470733662258,-1.0709007346799642,-1.9950845812949596,-0.9100594642978507,-1.8182044103490196,-0.2796130830850641,0.31291702369226937,-1.1829466363969003,-1.103505889932621,-0.562335159690169,-1.0128585419407923
1.75627270516323,0.31778352730848597,-0.417304638576546,0.19449189543050835,0.3249982303580885,0.18453219886326824,0.08833686999769248,0.24198180953607276,-1.8040364530347897,0.07041300909216114,0.01564984552699408,0.6873763069583799,-0.005470116886527203,1.137481765202361,0.6598921126825916,0.49958311456641835,1.2685372061274975,0.1117019966167345,-0.916101983565804,0.5602838920527383,0.16945064662462975,1.3807901376205483
-0.6433722647309772,0.4858712853776834,-1.2702401104956185,0.027275340945015235,-0.10253237975679011,-2.454082490727398,0.07993343894063437,-0.8819117777435431,-2.5068833265014723,0.015799985434908466,0.008629949618857578,0.1655740781428078,0.7257077500523808,0.5043569205568423,0.8479313041928974,-0.05995749003614316,-1.0759184277305662,0.2178507784337611,-0.23054246627397126,-0.13926977171981686,1.407462063202963,0.7515402718461921
0.930451789590423,0.9114031571092485,1.1728298811220772,0.5977133633877255,0.06239493347408259,0.09139806874676742,0.09936687938043597,0.2339076389116179,2.509659884715417,0.08095466261070851,0.0052748846226641595,0.7099120910113731,-0.00828373681206215,0.1202485255689843,0.19745918464438986,1.5099764279912482,-0.4201404994881852,0.4846584344071608,1.1032044183236132,-0.38073042922374783,2.0363122666000253,4.30935295711954
0.16019168951716659,0.8523668936020049,0.8506649254051275,0.10346405895801761,0.455412361629774,0.7171951115283312,0.07702451370173342,0.2624753313032184,2.0632577183378022,0.04425264517645521,0.015736838296484198,0.6618705906396665,0.6652579340038155,0.543717587797268,0.8457115042360764,0.3403910169596479,0.9069285539978316,0.5387330364270216,-0.23600554003533566,0.4066387016832372,0.8045374658309029,-0.5136161072948798
-1.216102106319031,0.17887345572095883,-0.23300726709180983,-0.015342421627790296,-0.02288833268389069,0.024029111624754743,0.05849464811100097,-1.3250152326442102,-2.4677866144731655,0.024814124025567808,0.007081800578893539,0.39858063035451075,-0.30102526564088594,-0.2361059674390019,-0.48097606398372056,-0.10256057675833707,0.3953637530070866,0.34408336560105507,-0.48877345499981845,0.709082039769054,-0.10908195310948242,-0.8049993008747529
1.8345277179938009,0.3385545339016719,0.2159394634959307,0.17908383032333094,0.17152340606443775,0.07519067404935983,0.08177360097905087,0.2643372774723551,-1.5070776473654959,0.03440045549972007,0.01039993015341695,0.6474280464420188,-0.1573541770444235,1.3205993232438822,-0.4738553551398015,0.19729067706684278,0.014565574252301922,0.2898572164034037,0.1561944203563995,1.9516906776157286,0.4581145984509378,-0.08894657186629644
0.9357689729476101,-0.774686942523278,0.05541073405926077,-0.6028253281668307,-1.2726772624475187,0.03508775536650661,0.06520154493682195,0.13106931508122402,1.7965179778494007,0.0564056683906093,0.00554515742891409,-1.0107835368428102,-0.34409225014569284,0.047781951152372715,0.4389538163652366,-1.232183158970133,0.9256748891708787,0.49019310527518417,-0.7670119450494467,-0.30195390673107214,-2.5874002412498367,-0.201359226436819
-2.034750609967512,-0.31496530190706684,-2.5443468474335997,-0.07466306118167035,-0.1851050787346455,-0.020207116481182962,-1.6953535097248797,-1.8639680011005357,-3.6359344144492387,-0.006481175098196787,0.00698072843645706,0.144736636249508,-0.13770156183203422,-1.6635399014252383,-0.6217371487768854,-0.1884807865085345,-2.010197671316937,-3.5691828997646287,-1.8516343766280823,-0.9541411646366568,0.11375221340264964,-1.825141671480148
-0.8828096239765955,-0.7288432102847513,-3.344337860789718,0.08051672900590123,-0.14746723656541602,0.016741891396985644,0.06364713230218046,0.2091065328318525,-3.4990234099396402,0.0013775753728135858,0.006531333911588598,0.20738495298591833,-1.5583049692404705,-1.5930055889118664,-1.3587651590439234,-0.4303580349861306,-1.075573700626519,-3.8465756275190714,-0.9663635910888191,-0.030490566807489544,0.451918594285329,-1.3880108934696416
-1.7374406389405392,-0.046562038833882165,-0.08808846311910185,0.09290656669742427,0.15978691885671348,0.3126247999251559,0.06342425152266425,0.1561764652785564,1.4984685637207622,0.9052036136269324,0.008232456381744331,0.46767823826257765,-0.029147265878566055,-0.056440293996274926,-0.05063003009355205,0.2747375615480615,0.14541760819900207,-0.6678484480881096,-0.45033395153404365,0.3424463519691577,0.7230821659009786,-0.5985864834174459
0.9357689729476101,-0.774686942523278,0.05541073405926077,-0.6028253281668307,-1.2726772624475187,0.03508775536650661,0.06520154493682195,0.13106931508122402,1.7965179778494007,0.0564056683906093,0.00554515742891409,-1.0107835368428102,-0.34409225014569284,0.047781951152372715,0.4389538163652366,-1.232183158970133,0.9256748891708787,0.49019310527518417,-0.7670119450494467,-0.30195390673107214,-2.5874002412498367,-0.201359226436819
1.888189647371328,-1.0953900529789455,0.8639680591392842,0.07058416029748343,0.48382653900679506,0.32720704512457544,-3.4921806249927916,-1.7055527472000138,1.3550023370107969,0.013964992144748303,0.011750546946908845,-0.08676028929323773,-0.06873956806785278,0.24617959184066635,1.3174698812907413,-0.08249031185835187,-1.933984489301997,0.5012739817848956,-0.6258933445548386,0.008434612166425364,-0.26203015500557336,2.44807038582728
0.6089615609761988,-0.7680357699075188,-1.4833929754770387,0.04631448783145622,-2.813645095307605,0.14864100270609987,-2.3450667820999658,-1.4748452977738973,-1.7771526778341837,0.02290273795899596,-0.8999621593257452,-0.5986918950767675,0.1537519018756111,0.10794175367072635,0.2237920856329738,0.04331272212204839,-0.6218664367952744,0.06577551901088238,-0.8855474985999959,-1.304860564524339,-1.4942435715161633,-0.9314963604481244
1.1022815253075022,-2.353165785168169,0.4378866142283869,0.13176547084077372,0.06242854883271336,0.15015397397361044,0.05257724176046225,0.21149380245026075,1.614366076047663,0.0013037484779568425,0.012068611259033777,-0.38214756556556934,0.1213962121077622,0.04954184732461915,-0.3331841631815378,0.32135141479142865,0.8024713958421108,-0.03745425839379403,-0.6634594722164148,-0.4574950944737927,-0.0869411370942334,-1.9422067417628064
0.9170711545252648,-0.8493250249712222,-0.2943755961650591,0.04991529990896974,-1.5179995401311708,0.36249325540547844,0.12245130907722263,0.16792638757417908,-1.8050766483260747,0.04239840967034265,0.013589475592321373,0.6905939180343919,0.9849195362923188,0.2162610884594913,0.4232465305880173,0.0060953969998716676,-1.8189137084628846,-0.01873251339453665,-0.9723091189684197,-1.0114587900660768,-3.6181497080212672,-0.46727533483748496
-0.025997311727584127,0.40640792955160787,0.41907754842832035,0.020373418183796586,0.05334171684164064,0.08538141872946003,0.06398951806393573,0.2271710295705965,2.25341303575489,0.09303191799157223,0.006875879352013057,0.5473315259053317,-0.07484012477506011,-0.27074856459485547,-0.23185656620170944,-0.14481867793036993,0.6077746506611268,0.25788404325086406,-0.14680737489678986,0.25346937298056416,0.5086530776139451,2.399892619363885
-1.859330443970808,0.3878780205674622,-1.1524409901375336,0.12997090937055134,-1.8895344253240836,-3.5174826798238437,0.0752837634452325,0.1555346283090628,1.400535859216351,0.01175616222088343,0.011775258129000581,0.6957535971426198,-0.0009724207338146929,0.4553758128206835,0.5150126925513364,0.1611688553632006,0.41431509684887224,0.23184871717092834,-0.6808708743563013,-0.04119615161585838,-0.8747567675227135,-0.3219546195910981
0.08005430108415308,0.6893878276243486,-0.021480555268716155,0.07796208984214321,-1.6378938165529104,-0.26401664278650083,0.06208797690366615,-0.5206173744390014,1.065340652433286,0.023611929045529476,0.012853934640843983,-2.7747555206652432,0.08295545076122215,0.26296285118330315,-0.3649132431771807,0.24105934278436864,0.4587743589450677,-0.3038490144162792,-0.7578625324670194,-0.013299317356506588,-3.071040343025678,-0.6832990362937997
1.1939916490378693,0.3407307300175916,-0.6058092313499893,0.11995615847049451,0.30372703605528917,0.17092865104254443,0.07392880441272653,0.23337527844627864,-2.0693383976990907,0.03045643692462079,0.012684088243099745,0.4550617127464235,-0.1212371105777002,0.6205316004211889,0.1818722484273634,0.047645904305960926,-1.7623125750579953,-0.11434062340693624,-1.4396001464609829,-0.7018551549638825,-3.270435211682497,0.4876533322103739
1.008615103057614,0.337492889918911,-0.6190369344240301,0.11523301706248046,0.290334823279724,0.16729726274174517,0.0728572989742864,0.22625877009649,-2.0819325145011494,0.03045643692462079,0.008928000940253311,0.4003163832621568,-0.1778440239891138,0.7492992351398546,0.10651508659708869,0.016652385086540752,-2.551140743595569,-0.10769159797118816,-1.5238243467378838,-0.6271197491123306,-3.2516368841374956,0.10956141010908396
0.6151350198966219,-1.6543587768190593,0.15581619968263308,-1.232567589594098,0.1433444220356773,0.14275832169213054,0.057136263350235535,0.14786516310312808,-1.2560745052907076,0.04397426416636422,0.007856937209091768,-1.6577443976272173,-1.029596000895113,-0.34206891774820397,-0.38344648407860793,-1.3911158414479905,-1.0882790361356105,-0.04309313924777403,-1.1868632149019167,-0.22610373425234662,-1.000808578346964,-2.3225258051207813
1.2216695256197536,0.623491920643806,0.5641141850310194,0.1463498503492267,-0.31496323515771707,0.534615345722044,0.08596866957646757,0.2557492645205155,-2.7649355237531306,0.03824535750364794,0.0155737984645587,0.41140077690393395,0.575910158898321,-0.08097591357650309,0.39871593042634945,0.1430498708300809,-1.832374355388388,-1.9343664643498113,0.5687512230599143,-2.5679798828563625,1.0965288192778302,0.225754639624466
-1.5434593495391988,0.38249043407026434,-0.0004745530260926677,0.09446596293729417,0.012399070915875596,0.09290352886985566,0.08375148460270619,0.2827614083626126,-2.223291506337706,0.038410408544387646,0.016551740080734376,0.5603518238420452,1.1632470583062775,0.4367987947119669,0.8844329070493205,0.0849614727773137,-0.3435226525474977,0.4598854570479201,-0.14550287187870165,0.33663674885732103,0.11851072628328248,-0.07601968328823291
4.275506110411537,0.9640441707714755,0.428290213276939,0.27112635674250113,1.5087251574498755,1.177249481627598,0.10133298587207824,0.17524869525662742,-2.00199023623392,0.04957302855185474,0.013089129258050202,0.011034773821790994,1.6474509357900307,0.37749457561550553,1.1790009745720609,0.5180458265473411,0.49259596991166615,1.0275220570082217,-0.2811614867264535,0.7581748945645824,0.6185459003911381,1.5233072756734345
-0.710739242702115,-0.181807808902974,-1.684688953334401,0.09122730813450457,0.01028381624268073,-0.05122577082109826,0.06469581778852745,0.24812582715445367,1.6616422427662583,-0.005171861671652142,0.016077706081267476,0.06394346366831244,0.7046434496097962,0.30442738585639034,0.16127077541313733,0.3178952569075761,0.6555155451263723,-0.2835718428554448,-0.8638363869472951,-2.663620439075854,-0.01721152315943275,-1.0222845686131183
0.8855654880826335,0.1281399391496823,-0.7389393708677937,-0.42310855943434633,0.18551488794250798,0.09365245585933166,0.07267413975089561,0.1604173610522402,-1.3071258482051467,0.10795424607648964,0.011560831271134336,0.4289472370208203,-0.12411603174125953,-0.18977338745306221,-0.07613081209588085,-0.782663653015008,-1.2555099714068367,0.1695430212471517,-1.5102145773067555,-0.5878579050831437,-2.8334407405947797,-0.6519899396216398
-0.01004682924482677,1.0329812591161518,-0.6261482714898063,0.13391438340926246,-0.6335835734465017,0.2210707016540853,0.08052632538585834,0.13862697853084632,-1.1339377713742749,0.01033412874172869,0.017556560595669336,0.49536834192904927,0.7867458012713836,0.4718334059054526,0.6926259401960473,0.14875191690951176,-0.2938759020592503,0.3949538961838037,-0.17087136508705614,1.6664873558933992,1.2783966426783862,0.2852650924988119
2.3843334887236867,1.1291101084853534,0.16850475087957414,0.2727776006948916,0.41170908703648185,0.1898408786432076,0.08696907127754881,0.21729129480968348,-2.451202013392097,0.04690344847926121,0.013089129258050202,1.0479517999236012,0.273632049279843,0.2895797296529294,1.4387807645948074,0.5432414380335454,0.2818175323945801,1.1517758065985249,-0.4777395827974564,0.7528082894906797,0.5121804716876219,1.8555545319119398
0.9793837357647436,-1.899299998091823,0.8629035444743872,0.11384255920742159,0.3360127969318184,0.18422038470313104,0.06469546939873771,0.18987717638761276,-2.6371175274345955,0.0020426504228246807,0.010274272169000042,-0.38635101808082506,-0.17753408422804343,0.15185270053972685,-1.0759348198292102,-0.20981794167759724,-2.013925595610579,0.5933315880746212,-1.3218008023473644,0.5798047059595636,0.1183778169635184,1.064740434710747
-2.721269807397765,0.37407583022733326,-0.1176291539700673,-0.9421142983669877,0.11859376010899152,0.10521087651978793,0.07378365614423164,0.19825449365973072,-3.127770344233599,0.050030426975328925,0.009328352622652265,-0.6611881776627562,-0.7638475122462938,-0.01287834582867752,0.6434890570052474,-0.03684127522775911,-0.040122745325813426,0.502334530487734,-0.8999194845717439,0.31872565580975837,-0.16668274456052617,0.5096592709612243
-0.5094758866850453,0.8059184753831593,-0.9760232571232653,0.09315023697559012,-0.19942080894375458,0.1444984915563801,0.09051580242973008,0.2123617216387885,-2.307225212104972,0.0007933906704935419,0.01462389567106688,0.24765254683214288,0.47595370504679374,0.26935205401067397,0.5889460651290329,0.09153152318186403,-1.0926258432856315,0.574139187240398,0.8160625158222354,0.20188138211606704,2.3522044135526508,0.1576331007979092
0.6100140606352955,0.1694363420393079,0.5719499336595126,0.11109769462213515,0.10955772502169482,0.16117684747147815,0.06617168554181545,0.23369081451302712,2.0182212106755744,0.00040419897522488753,0.006636082526219043,-0.4923339420778438,0.3677274523184532,-0.7412100903678681,-0.7652326357645728,0.1449071667019215,0.7523736824069132,-0.7693537583444783,-0.6136383244438524,3.1274287931582827,-0.3893655402279806,-0.5688385519788802
-0.3754470831225619,0.31079596058321607,-0.6210500089411171,0.062472560755158696,0.029867617798768516,0.06931197032895169,0.0698157790698353,0.2828660088888861,2.673523084518998,0.020631911770289897,0.010114287439186916,0.4888294309882601,0.02475500260247464,0.05359732497448037,-0.7936105041527785,-0.0024643470596028873,0.8812938540233156,-1.5602975289180165,-0.7446478091826503,-0.9120951245376876,1.3524655958420357,0.4821424017885489
1.713800878938646,0.9792660108670077,3.6813228841200347,0.14142761581871924,0.1393404972161955,0.07326327189096972,0.06935522085496422,0.39225307083493804,-2.232524875359745,0.02635615193953439,0.008359519337580992,0.45191526962671613,0.11281218051576937,-0.0914822822198618,0.7210268511990154,0.16715398611568666,-1.277375915562457,0.03535316434973096,0.029708856580224638,1.1685633370711446,3.0576259004687003,0.9356266824523343
-0.6213541639306565,0.20046767133496157,0.7445606303110087,0.11161686636900185,-0.23299928358191585,0.7092161493515897,0.0644351397990186,0.29721655585697265,1.9595794732371932,0.045835525853740684,0.014649071856695303,0.3459340084618805,0.7644382843187577,0.22057984336938677,0.45731072755143487,0.35948378153715105,0.6540753517528916,-0.1365602821124008,-0.5425653196916469,-2.146059241444035,0.5234142763304525,-0.9578950891496896
1.7083438732063425,0.6193553367206176,-0.020949305266177404,0.18651852296734034,0.09495775058833714,0.11994024331880858,0.07521390776783397,0.20406678894238972,1.9954666036973052,0.04216377596157137,0.01600767891609335,0.41999874571312845,-0.12716672845128005,0.374941925908816,1.2249755025317728,0.42077181397980173,0.8260761804617995,-0.05628783165283145,-0.27284795225021746,-0.5202864101143648,0.5176849837988166,-0.44334001066621026
1.3618284533951905,-1.025912438856191,0.8745000430515125,0.12734427244042007,0.5132391144176807,0.3207195175906251,0.5849976945400583,0.2434272449142836,2.279052684180493,0.016434308333798643,0.01352194990477376,0.29961283609230127,0.16184376789694688,0.6099848790691376,1.564801077264445,0.1304791729445541,0.8880005708363958,0.7091568058415988,-0.49882875092828355,0.9580980940857594,1.262278917654051,5.5945488123143825
0.998416830568001,-0.5522476312892737,0.006084121354551185,0.12121245166954511,-1.7105156448248258,0.4355238020627195,0.1019047023843561,0.218305272353605,-2.0043105164888475,0.05051725040165697,0.017643303563944078,0.7219603330828961,0.9612112024319712,0.322200435129644,0.5685220001332152,0.085728769495689,-0.1827928861479689,0.20065192463034756,-0.7480085701212763,0.41010332561001644,-3.2998597538119796,0.23942938789669432
-0.5591909733897595,-0.41316239219119394,-0.5599358500060606,0.000919366149905717,-0.006143660368637812,0.04681161777802166,0.07004396400973295,0.24917564395945807,2.4332347384983586,0.041714784853371774,0.009996745010520138,0.10716178379597531,-0.24351637168696347,-0.06523460595096164,-0.6475869185736502,0.03317394281550823,0.6985163332444656,0.4200642471749354,-0.46322815748871543,-0.1816249114513438,-0.4568526884791181,-0.7466109298577195
0.8473588665607966,0.8952122172136796,1.1301081489368858,0.4260637001099901,0.18442092797075116,0.13155467127557388,0.09672713382938947,0.23802542514090655,-2.3593894673626368,0.058938964125135516,0.005207257706203588,0.7268110471676799,-0.002575878680354959,-0.12426620609707381,0.8505390926737281,2.3131736618759287,-0.5806749027726573,0.7717665032529526,6.185413852544107,-0.024724398620713465,3.180305489621311,3.2163749326198428
1.5742272535589978,1.1625916385632444,1.8331091726949684,0.16131989712557798,0.9093368689481235,0.2840201500664982,0.08357209731950925,0.27539117910266864,-1.0116444692877136,0.041289214081059726,0.01828160776956415,0.5842714302215286,2.980072435202409,0.7268082281280601,1.9419331271171028,0.19314887884889778,-2.375684072267266,0.29536341363666835,-0.5632702112596465,1.9533768959578623,0.09386836142097806,1.7937510660403353
2.377409892354299,1.5195380009062815,2.2314905954018522,0.21920932244580588,0.19215250622160077,0.5890589133705545,0.07818496874968028,0.2859019475869351,2.019113912150918,0.042903579357213936,0.015309214363746654,0.7555355473652888,0.5554612540599599,0.388492153936481,1.2904628791538844,0.587432809569233,0.7445613650971799,1.0359641644344912,1.0562003058740534,1.6033004323623992,2.535831248109274,-0.022494405340299138
-2.030709555417804,-1.2057862443790501,-0.46142805768385303,0.09227114688937975,0.11466468163968063,0.12593535863066027,0.07910509785320674,0.17059860932113494,-1.4911730248573996,-0.015596823221257022,0.011357996527413504,-0.3981467674984311,-0.139260404091601,-0.3923034970226625,-1.2102996939549047,0.13773973392702593,-1.3069930148792943,-2.48713555996271,-0.4652129519267463,-1.6980472813745215,-0.005913422642359017,-1.5268032725140053
-2.228525869743053,0.24058604072214046,-1.3300928898920463,0.11318555305979608,-1.846511552587145,-3.490436795190092,0.08567047750550294,0.16346538215403092,1.025095247806702,0.012423738202779075,0.010004265362449749,0.407908675135107,0.04263391814026914,0.26497549958056305,0.4279728604339382,0.11748053257893093,0.5687303682790589,0.041249139643490064,-1.0436297249104451,-0.17240339192923593,-3.513766868900639,0.02919037659723416
0.3969610213143975,0.8849911312082495,0.6940495216102819,0.09797464193407918,0.13606628397585022,0.15203575696737875,0.08149191934174284,0.2337730924696016,-1.2490234073212023,0.01985785190239131,0.012315575413730016,0.5538916637937078,0.02769020105756201,0.15764617603824566,-0.9629799426073693,0.012175246210616355,0.4849076661474442,0.6892942993234698,-1.044662898540384,-0.08845130839694304,-0.26884855249963335,-2.6561892896496717
-1.762836946385543,0.8687999161858139,-1.8983776942371717,0.14831922162925298,-0.7413827021440802,0.006764765843448158,0.07376734853114597,0.16572575155342809,1.505496408113416,0.015343988785274053,0.015569566729339849,0.6457508732906537,0.3697597460042179,0.4754934279356977,0.8647061505469041,0.2510363451877659,0.40609725542032166,0.42573998656474127,-0.2524601289966026,-0.5039720924015325,1.1091928871232066,-0.5641753563351951
1.1406831822695733,0.16994993233748362,-0.34461047833064884,0.13322034770546862,0.09953875094585438,0.09314364842233877,0.0708377932786205,0.23703244282798505,1.9027474673700895,0.033170255213580004,0.007118502706189576,0.4005213551936502,-0.02258727380669976,-0.08184451723481846,-0.5234371755464327,0.1872735430750219,0.5673860520218793,0.25422687166860874,3.240570810034815,-0.30249347041590563,1.8627705734736686,-2.2984108714892377
2.341957922100532,-0.993689603925841,0.9143571216780738,0.10527419101267874,0.5384273410562286,0.309455409249607,0.7833398398886626,-1.7530230522076524,-0.02087648014487785,0.013962226721289887,0.01378283470008779,0.2785534059973122,-0.12413025543243988,0.4055887084145677,1.453871040424845,-0.07403804818429877,-0.1929190976299518,0.5722404182337696,-0.5597252488943701,0.6098357103277038,0.4082769955737069,4.9722358189274125
-1.826519448309302,0.7687244037058816,-0.8253565622883873,-0.002850112935772302,0.14963815398270475,0.12440383205507997,0.07006298901918546,0.1849184777268812,1.3044081923205209,0.02058985031659027,0.006024602165942567,-0.6205271998243495,-0.20499576620489207,-0.8122247466618493,-2.2042871211496995,0.034656068462979764,-0.0591692598426039,0.5537165953835593,-1.258886138706202,0.24601806559544886,-4.230276348858364,-2.8824067824735096
-2.213012798807912,-2.5432819172755856,-0.037375547350761325,0.08085044920448888,0.21437334304443237,0.18585837708747452,0.059247341937770606,0.10011628478650009,1.5213695840710897,0.009222573595535282,0.014193658687979855,0.28425755776977557,-0.3196105063017744,0.1801415823190747,0.10406436296599944,0.13843968805402762,0.3179005741960267,0.17062114856708957,-0.6734306071412431,-0.27729043435121997,-0.4830249391647751,-2.1680945461965027
-1.940432073402075,0.08876561389476822,-3.0921007469361994,-1.6861946637398086,0.04431107035850599,0.03568642806314621,0.06571569623964164,0.17094974566686635,-2.986027086011695,0.04826201041321103,0.006507176183812337,0.27680700619134213,-0.9479172928586956,-1.9949830729166882,-1.1956826763791553,-1.8389957933119885,-0.6095029506565985,0.3561030978959854,-0.12143816118187412,-1.9881573442659677,-0.25980173437977366,-1.2546776021541142
-2.018315550148919,-2.5738056340572184,-0.0893061272784117,0.0799177179182434,0.2304083209430264,0.19253447836949003,0.06499628468151465,0.10729419085580318,1.5000305929000852,0.006766637043124309,0.014702856897560783,0.3021159759737088,-0.30907937574001654,0.1839063098982455,0.24207909550714168,0.154282226200169,0.33747048797563545,0.19469268544908985,-0.7367811331048492,-0.9514358525499973,0.007668883835900451,-2.2255537556467404
-0.684590514404616,-0.5034273229868159,-2.827812124942273,-0.17558184071957997,0.15349273533025093,0.10650361231185852,0.056893255377483264,0.21315091423216814,1.5133207456777535,-1.0693252336945671,0.006880199209986226,-0.5913501649153514,-0.2238300578379668,-0.6240744975470814,-0.05502250149100176,-2.2723833959933755,0.10983874630267051,-0.28253966920200263,-1.3009775331406312,-3.0198552956577163,0.022646372914107864,1.4655603170993592
1.4047393511919624,0.8724569995290455,0.2376469558370415,0.21959512762087824,0.5256257659820491,0.47927202687973264,0.09065328309500688,0.15227053006520005,2.360658675817968,0.056856952735441585,0.009500551407542133,-0.4578452302074961,0.3985063195925686,0.35753671601721576,1.5939816400061517,0.20336183195027122,0.446856000808886,0.6511555975274531,-0.07129118883259705,1.038490672889939,0.9146543791263692,2.625070038878975
2.256632763426823,0.6325494052390489,0.8725787191063875,0.10413652733759203,0.2719049041294544,0.2619497508380868,0.08016826661947003,0.23087166188871813,-1.8792750913586171,0.026440696502273073,0.007188424581019034,0.6491276386702054,0.19428609957056242,0.5095590904754889,-0.6547956623312116,-0.10313366529425173,-0.30967179395719496,-0.32511354270901716,-1.063219365327934,0.5667908386593081,-0.204575917030432,2.066273154460831
-1.0209224306426545,0.4097515668293256,-0.7856169000180862,0.09951047351172591,0.8640618853305938,0.013590738370117884,0.08782448183429278,0.18280588505294962,1.2014207862612627,0.03514983771703532,0.016816916062448173,0.42716067121450757,1.3893728993225483,0.5985351094090707,0.6350575757015924,0.0639117472435749,0.6282268396346309,0.2518981711408103,-0.621032997627886,-0.7152281846123394,-3.5139898253283346,-0.9759490211945812
-1.6386369217784968,0.17895346920722846,-0.4321924187419723,0.004979736018831455,-0.043153067023336544,-0.004579112774383097,0.053480276414803074,-1.8555249159667406,-2.500754102317213,0.02377119685496323,0.007081800578893539,0.28966097323414136,-0.21320966320181436,-0.7310634186203668,-0.682056594527478,-0.24263939057754322,0.36414100791400317,0.34918610292876284,-1.0739132787625414,0.8577429414866503,-0.4801692440517972,-0.9887987140963742
-0.08851507015370662,0.34311537068184783,-0.08328340948394387,0.13909551955904964,-3.481292323320276,-4.507271904079479,0.08930817349827615,0.1050767150353625,0.39130834024996974,0.033614767290352905,0.0060933646716011935,-0.5164215470691449,-1.0204247843571617,-0.18038436843835648,0.8509573189137069,0.08996658974605562,0.14222150928995442,0.18080313765325423,-0.32472019858096207,0.6425096520697683,0.2923052251392154,0.6396742607736327
2.3843334887236867,1.1291101084853534,0.16850475087957414,0.2727776006948916,0.41170908703648185,0.1898408786432076,0.08696907127754881,0.21729129480968348,-2.451202013392097,0.04690344847926121,0.013089129258050202,1.0479517999236012,0.273632049279843,0.2895797296529294,1.4387807645948074,0.5432414380335454,0.2818175323945801,1.1517758065985249,-0.4777395827974564,0.7528082894906797,0.5121804716876219,1.8555545319119398
2.580048256360283,-0.39142903405678486,1.1375330363272504,0.27013082230816515,0.16997596618970864,0.26714736752592344,0.0690247732033205,0.2642571223550746,2.2354915181369206,0.02924491415854176,0.011239250389709972,0.5626472393332373,0.03966484773737065,0.15981879789775044,0.7213673403894082,0.41137214336245836,0.851277451587914,1.0708977326668803,5.108317438020837,1.0123849527614124,2.8345416585602297,-0.21889234320511863
-0.6065733752271519,0.3797137373378558,-0.7778527442686066,0.11799479453894071,1.0095529312599674,-0.10166870019788954,0.08503020031268338,-0.8620144205744135,-1.8573673166056994,0.024518470625686538,0.01802989579958761,0.40594565262104404,1.398888458547152,0.4511701442928107,0.41616696589995356,-0.027109172415954938,-0.3674733315884442,0.06416772293408556,-1.277031565462306,-0.10485270576952105,-3.263605006605629,-0.7931019496713796
-1.438961533020616,-2.6177286778317925,-0.06654708640450567,0.08248758514722508,0.23673282793433326,0.18163843559437481,0.0694235019613267,0.08819491559642775,-0.07296505749558999,0.012725190051608683,0.014009810916019936,0.29834635278303545,-0.4375447137084828,0.4128732253377954,0.04847802704623814,0.11193866509518718,0.2354255591321265,0.0571618528226092,-0.7975428358166914,-0.545525895551472,-0.7583617928798787,-1.7563975625417227
0.6409982153306458,0.9674207724375071,1.0403799010345687,0.34464092777508454,0.17191195982948426,0.12293066899364948,0.06843919588594667,0.20355038105395326,-2.8763433388104693,0.05730545693074332,0.005207257706203588,0.7016458734859394,0.050902203197385594,-0.29036619224818927,0.66223559278383,1.8849010833102646,-0.7106908339698421,0.8480112890739981,2.2125475739386307,-0.654520636776015,2.89694852668448,3.0147013340112934
-0.06705550378704914,-1.3294728535757305,-0.34085707612321464,-1.4646478376807437,0.08520785243477155,0.12271524310922331,0.05704102588075972,0.17676964808085258,0.7748108016584446,-1.4428802991476015,0.007054114032605495,0.14517915408125862,-1.3221999610586646,-0.6099861257372132,-0.9640172348224891,-3.0853631516244073,0.4525149162361208,-0.02607362790172664,-1.4306015624058586,-1.1732332361939708,-0.707362436610651,-3.4324753934576835
-1.7497576897348606,0.40250836881029295,-1.1854546608031162,0.11492311173492276,-1.7837322731826772,-3.556716584501377,0.07736117994439189,0.1555346283090628,1.267455723620164,0.01175616222088343,0.01147267445731078,0.6538344940699602,-0.10981619412963126,0.4190508081777524,0.4319482459396672,0.23599272047694356,0.36000130582645506,0.23035783634579396,-0.2563163934714471,-0.782036197177268,-1.141775894332792,-0.37381550828632865
1.2325622962413099,0.11647948699019317,0.2534867980330488,0.05211492751542533,0.31251081487191484,0.2323609691061306,-0.41602488324092424,-0.30521874772615376,-1.3566245247300608,0.007325525241329417,0.010741987256983757,-0.0003692004532165048,0.16755436106140267,-0.15116028753295066,-0.9042011468643245,-0.038430930821531095,0.07274727018523416,0.33894144458611414,-1.076627866722501,5.289619738167399,0.2260617157468635,1.495124103220894
0.3721143694551077,-0.10363344831986956,1.3650993140502303,-0.029883055674312264,0.23686530292914101,0.18292999799245832,0.07623808929240368,0.18225095270315037,-1.1691764806913751,0.08242424419947281,0.006756720168079539,-0.6072179775937553,-0.28730354970279376,-0.31364025643335264,-0.5774093100221719,0.07858386369010692,0.6674409752682181,-0.4241193245106694,-0.6931793639511171,-0.9716361743129466,-1.9019385425516728,-1.6551440063820535
-1.518881137830218,-0.4015377882776793,-0.4612233981405862,0.11345832458212284,0.004551409807682416,0.1323081001412312,0.08710041117179533,0.2643341083511946,-2.5795829999727515,0.04035182038360729,0.013876659085377564,0.4701972467296734,1.2436165554834118,0.3094425920767952,0.06667455971565657,0.055435484979513554,-1.7356257579080552,0.26987743226312844,-1.1928513576454336,-0.6718631318551499,-0.590403358830731,0.3956245323158116
-1.7977564107943946,0.01667849231878743,-3.0831610534948037,-1.7614409322902869,0.05483022628912096,0.03369599710463161,0.06363527306210605,0.1577171236880132,-1.8523393316051546,0.0451255907321916,0.006507176183812337,0.15392876784087886,-1.0429068100424328,-1.7005672805556455,-1.3240027846846114,-1.91222817602813,-0.3146465189105434,0.30012672164698173,-0.1627052186695719,-1.8970578309486192,-0.5941204676227949,-1.1084034896973465
0.34206915288012935,0.5283441275377352,0.9131540724522368,0.00839884905013372,0.007991961289813844,0.07186691624419907,0.08761048295707541,0.3148163769373427,2.034279532511971,0.04023070265459129,0.00680001561238454,0.5365365007816517,-0.061900382392061234,-0.40628643262426906,-0.319978495010362,0.2233791008899203,0.4845541988968722,-0.18685221991348272,0.9352633690422224,2.6656878698581092,1.9675278468325774,-2.4725643017910066
-4.787630869782366,-0.8002804371649195,-0.3380886789945513,0.12118854737754386,0.06525211096884756,0.13781831353435756,0.06198283143575537,0.22391119374224516,1.3495645970470613,-0.018280456398064707,0.010038858219058035,0.6108297998443157,-0.18572167513606103,-0.3470865501064044,-2.9077633851103393,0.1911309726063111,0.19741999722854556,0.055595550047405594,-0.7910107132885925,-2.7391303127110262,-0.7217650799276962,-2.743102623158343
1.9583265670566405,0.6357426916704213,1.5120659283760507,0.21091463147237727,0.8951262073514741,0.33580564297130405,0.08843562205312393,0.26832465239743786,1.374077574597809,0.05112886091825132,0.017218987797393576,0.6078583253425859,2.190260153424508,1.1550165059171553,2.1185080837201453,0.5007753472797389,1.25614010413447,0.9539418875231139,-0.05572038896110446,2.5431926401495923,1.5158677979485347,1.2035604370270636
-0.7716413924956721,-2.2821959173451214,0.3481814762611022,0.04909986779236792,0.25779334391043024,0.17371917711824442,0.06674666284260129,0.09194994062753006,-1.5624879390336848,-0.009519710437502648,0.011982069902099,0.29104751025287257,-0.5631214736591782,-0.19942371138826087,0.1016735104670637,0.031057456150425287,-0.8470549934803422,0.2443859431192465,-0.9727899338463806,-0.41681423414411345,-2.682733176395976,-1.733760783046604
-0.7285015917942188,-0.2775368880052482,0.5277330502884344,0.028905081514263496,-0.03652655014391211,0.009404094604604986,-0.9683233165399213,-1.264619189287682,-2.1805439158057243,0.03139176737609028,0.010874424609992174,0.39008361757121174,-0.4236763102534959,-0.011346379805356245,-0.4332405798520153,0.03622548828953824,0.22763198804161158,0.11862175845112113,-0.772973890569122,0.7198704997212584,1.335900493483259,-1.192612843185811
-2.8266673335854433,0.3428266688541275,-1.2890530990586166,0.09890013252590364,-1.7456954118002352,-0.17802534253548485,0.06944295966039275,0.12028606400155516,1.1425906264508552,-1.269555799332566,0.011224439860375976,-3.0104437163991595,0.09587175273475432,0.4526987445517772,-0.4128904971372415,0.2902757685076666,0.7834633520462889,0.3494739782149968,-0.6429937174054863,-0.7714589831118446,-3.2918711247248464,-0.7214945105704316
-0.2994657055467502,-0.5700492950684197,-3.4762435657022728,-0.20701065185705989,0.07559224089788093,0.0497804662299886,0.0637697433642614,0.1544593199031271,0.9480311651378961,-0.871586028918933,0.005361474307506486,-0.650626841029566,-0.5708409805722758,-0.7507474217641522,-0.33414162469230746,-2.059620690559332,0.3592486788847803,-4.410906950619795,-2.1827341792344437,-2.7307237346997284,-4.50853619703915,-1.8795710078518018
1.4424294646973657,0.9987713500924246,0.3507043586790332,0.2234601824702201,0.5256257659820491,0.47017184553732067,0.09471138154996248,0.1674164136400145,2.355559751151463,0.056856952735441585,0.009500551407542133,1.1841890515110338,0.4346517029872787,0.4040047357828373,1.7590999467806943,0.19708821221157377,0.4863057769353999,0.7160437669148086,-0.03451122505937559,1.1955763260510945,0.9174291836013965,2.9942911933101883
-1.181773651159318,-0.20294066235812844,-0.3057200306347228,0.024604790317875366,0.012660462123387155,0.03356418340767412,0.06639467783475399,0.32430683244760217,-2.7300319339235575,0.024434145255146734,0.010421229437325652,0.45147281688275714,-0.21157845680641718,-0.1179611545182589,-0.7874192924187159,-0.13797307603177852,0.48223454238485713,0.44634563607573435,-0.46505171150532965,-1.1064571445864868,1.0903959162851367,0.2197801778986801
1.349045317484708,0.13507274782633819,1.0462413017207555,-0.07114969110355449,0.44823853181340517,0.2299478794346121,0.08483986224723737,0.1719052694947156,1.6419953150233422,0.0748021801696658,0.0063357360365807035,0.72231823327223,-0.040275497716944775,0.2861541083804609,0.4434001678346661,0.6702474869888766,0.7476550263846408,0.7214827683928714,-0.27971406604086396,0.46490248487142766,-1.4478810561800701,2.496937811124276
1.7706428052956442,-0.12186313829691432,1.4660093866537731,0.1839599996325544,0.14756203540081805,0.24596552933933494,0.06794864255937873,0.26431091016407804,2.783823134971113,-0.006675539725205772,0.012293229379802385,0.16301124859125662,0.21339889097071665,0.36648063515064466,0.6452626773631254,0.3458952224772505,0.9887086694183835,0.7959335211222122,9.884823624379395,1.4643393624005256,2.1277161827365116,0.4685183469608478
-0.9461395240869053,0.11637239180553345,-1.4996825038787391,0.07000476986347569,-1.0352578746869485,-2.8547819668906276,0.10696664971708382,0.14857272345342784,-2.6429352860382913,-0.0009558092008476178,0.010239963222589143,-0.6065027912721407,0.37868214432075253,0.3750375018962697,0.15286862566977674,0.010369784852031574,-1.6806242479232876,0.3428581244561467,-1.2118345736784624,-0.6693934641203138,-0.13167368893199188,0.5179793245465679
1.1742232920834081,-0.6437745996109797,-0.6478567915482715,0.12460568987468763,-2.268834719050959,-0.3409832775926455,0.0931157165871942,0.2494360435936301,1.4759884984353653,0.04854199167801915,0.014253230513499242,0.28163774354042004,0.7273838199810052,0.4076679242308489,0.215192061796852,0.317643955274814,0.9528750762366799,-0.047187697659317906,-0.5505733767916409,-1.9633313167962834,-3.3137630237153783,-0.1513934969116137
-0.23641915599266466,0.9821044505852493,1.506648677685314,0.09338727672317286,0.35904990199006237,0.636313103059881,0.08315463685193092,0.2577255376797715,-2.564866817389109,0.04935326435739983,0.013341501078534525,0.7495631446563973,0.8173804790866347,0.2668646786881657,1.0040633837626025,0.05672426423835802,-1.5279279632158704,0.4062977905801359,-0.18956127554516103,-0.33782095571004295,1.4964104725649836,0.8127955598109566
-0.8210929610326445,-0.5397196944472059,-3.2926533850566995,0.07564350184405441,-0.123298162850388,0.010007343510887067,0.06313908195291934,0.21685331806988611,-3.4107610009590847,0.0013775753728135858,0.005607399763549698,0.2758967818129037,-1.539312729288041,-1.5548586494155665,-1.3144314162465371,-0.4481540529795959,-1.2574387767531416,-3.563380332531762,-0.6876612553066526,0.6649094820160336,1.1791492626879467,-1.1498938285137683
-1.4358006349658803,0.6226451562940722,-0.14799434245799084,0.017540466712288368,0.003924419986027577,0.4277796119375197,0.0662254318347614,0.22604856772570311,-2.4325452165214165,-0.14244112857822439,0.01035810521749167,-0.46301983725842893,-0.2427901992707518,-0.03026983388467647,0.5811994827413746,0.02018324821029151,-1.0153146952781675,0.3412067277588237,-0.324222587381474,-0.42711724529658274,-4.254135292493417,-0.22316465933797064
1.2101011422666985,-0.6276561197362032,-0.980677961848507,0.15956956256691157,-2.1472804485024897,-0.3497390961771223,0.07801506521341027,0.2502025118291821,1.5324575883957456,0.03479129927661283,0.017218987797393576,0.40674909052686753,0.7401381149872087,0.39384984617331037,0.35465322698017077,0.32935191023665294,0.962702718042156,0.16457052513125645,-0.859553957055301,-1.248872443723423,-1.9609746549875544,-0.11570539610357616
-1.4423600756128216,0.22603814275345427,-2.9766535568530497,-1.396491636180869,0.023965033416223823,0.05359795210018748,0.06967601238328364,0.16951257833932448,2.828302160049803,0.09344771998606309,0.006204593561692763,0.2752950134872745,-0.8086016537587559,-1.933352014582657,-1.1682189809144752,-1.9524492131434912,-0.6327839962882627,0.3412972901109932,0.104552680523734,-1.8000875976138542,-0.2306465134607013,-0.459566926589613
-0.9288573288650519,0.3997610113771112,0.06831761729632375,-1.6010150909316792,0.19922979028340823,0.09592583428092012,0.07387783999298755,0.15550747918653976,3.0111875703887376,0.054360231703388426,0.0071552215489248125,-0.5987915791300791,-1.0011106530171594,0.01124970393023656,1.050208904206756,-0.09562157887623332,-0.05745047594139748,0.5688822614566962,-0.6032069377027816,0.4015697738577314,0.3954809810768599,1.358794958658212
1.3349915750037424,0.609974684053402,0.613230659420829,0.12168623916015218,-0.46706090938179246,0.21957729714427113,0.08490358350115274,0.2482998454976646,-2.8236233735386285,0.03977355522360225,0.013082320561755104,0.4274161461796295,0.40909098929023113,-0.09528713785220082,0.31768747141886033,0.11914775085016466,-1.8666851695820066,-2.515748447518485,1.5005893269939212,-2.497727490537782,1.7320866265080646,0.16402431963118158
-1.7394277022746394,0.2680163500047831,-1.2836966908706087,0.08992893024937677,-1.827155047659714,-0.22374834069525054,0.08178832605938867,0.11277051912861066,-1.444536459074393,-1.0248668542907868,0.011893471364116628,-3.5036277298216842,0.22733685857581323,0.3197822605220509,-0.3085349624500356,0.1477076830236709,-1.4979377769654183,0.2755360752468334,-0.9978167852667712,-0.530844494527848,-2.843441864258712,-0.2247625297322956
1.810757110793153,0.8344533757331076,0.2836893866453251,0.22063222475037847,0.6380374136356186,0.47053232141725276,0.1485923895536525,0.5538809791705281,2.5793405162999155,0.05375011004549898,0.009500551407542133,-0.12748597191562006,0.4112294736818136,0.46273704392194176,1.4793825974133363,0.25222826583651164,0.48115599129824566,0.6892063565655828,-0.010354937604519086,1.051501244228892,1.1332218354089438,2.8637799717849215
1.7087403424734862,0.9703104621955722,0.3879413043542785,0.22449727959972032,0.5144932204906818,0.4614321400748408,0.14452912032134388,0.5702797278251077,2.6068949670861716,0.05375011004549898,0.009500551407542133,1.1623917047138914,0.450855026852934,0.518615926300651,1.767515102110627,0.24911839700462735,0.48779583437747964,0.7434330236711005,-0.01403266989559879,1.2126348609475095,1.1108090117555662,3.2151743750397928
2.065118791750585,0.7918479662802635,0.8964648814273636,0.15419497730127155,0.20581444326982468,0.24053708875614138,0.07967024635536214,0.24710655685245267,-1.500044066048412,0.020072195859208202,0.006676179482194525,0.6382272815798622,0.08695872447274047,0.559452611410314,-0.8484739888030701,-0.05574917460099115,-0.21821164026355508,-0.30542241959345096,0.05207162345903159,0.7125058548863017,-0.05319152492594195,0.9703789925760398
-1.5432586548386178,-2.375622226177588,0.14925520825353397,0.04594263632599614,0.25810508751596833,0.15785976280185035,0.06054190067791688,0.08212094717668761,-1.6044485974521412,-0.002431870432257037,0.013502633736748168,0.21510707699362178,-0.5468640264700679,0.12088725171530046,0.035993337157898396,0.006948145234969595,0.1707011719073655,0.25173166612578923,-0.9208084371835816,-0.1855850583811965,-3.1696809873596052,-1.4470920222186145
0.8307897619365654,0.12293493513171443,-0.7520028400203055,-0.34974380471256816,0.19300024764015442,0.09852824158967594,0.07245040405884874,0.17579587113067485,-1.5541093058253297,0.09918176110923795,0.011560831271134336,0.42749551839188527,-0.14620757338501117,-0.21775272923439148,-0.08727840982987498,-0.7678629885871213,-1.2872255572306812,0.17188421832539416,-1.4906411528140686,-0.6846180247384248,-2.7651617732759486,-0.6357314200184704
-2.0867209318700195,-0.2675274842959728,-2.807468091555691,-0.059823743140746816,-0.1851050787346455,-0.019922621382950544,-1.6932831934162371,-1.8851184448579548,-3.6720058176767507,-0.00715805563884491,0.007194167320350586,0.09436526516174557,-0.20320774760666105,-1.6690879993446268,-0.621093675301572,-0.19764145987389303,-2.0384924310605,-3.246390326376249,-1.9362276251140185,-1.1172059993557193,0.09223406301734831,-1.81179551475449
-0.5861873101715674,0.7312869647069905,0.5338402642722427,0.06730257887037094,0.1697237117674566,0.6617066479929599,0.08962029564128689,0.26153876646122337,-2.509361387682682,0.04592721620186609,0.014487063772850528,0.6145999679706906,0.7437264607198281,0.3838107795284727,0.5732753055712028,0.05860713944899237,-1.5096654920159613,0.4641874942906798,0.13089385676524629,0.3609262878065971,0.5141100810850405,0.1548141048040758
0.247994025983965,-1.2546437756890705,-0.07869122771201638,0.05164160445368247,-1.8623090348010225,-3.6903710224755337,0.07265698310960358,0.14320709888042493,-2.6221481293059097,-0.007399678652681726,0.007923811250084293,-4.020302776227872,0.2899116092101439,-0.1885380785783567,-0.15269300698824628,-0.2574668832913243,-1.9082829649858004,0.24612633593803607,-0.9769432213742429,-0.258553682879396,-2.957724640415666,0.047385109415297784
-1.3547745822858928,-1.596909465173451,-2.0786162556270473,-0.06213954829615848,-0.0422240273558774,0.022608681558732618,0.05733881288429197,-2.8797458073625597,-3.0320722095474544,0.042087070246988226,0.010355024057853386,0.27749129724165056,-0.40401742854726974,-0.49620591148328186,-1.7562239566606201,-0.3896858558833771,-1.4765031764736143,-0.07360155776313872,0.019429325103030803,-4.633636269343952,0.9449150773746412,0.03486213786707637
-2.4817764090479826,0.6134930192359552,-0.07085678457708754,0.1328653305142544,0.11140296119519265,0.1547315141474545,0.07972818200245926,0.22822833194453804,2.0141384733884014,0.04956534239435439,0.010555767302017644,-0.6490211045003764,0.07808677982522702,0.1454380457264439,1.1180464525845792,0.11478055595166553,-0.05212381347999629,0.5888712236942474,-0.6470455734202535,0.5786146146869222,0.25736393724726603,1.4436121680362535
1.36905432785547,-0.2467125588124334,1.0642737323524298,0.20185448590593133,0.21673813293651628,0.24819849101087238,0.06386275590803234,0.27364459299890576,2.732636530287928,-0.012265738267870242,0.011634591170411403,0.3736730284724343,0.3243328219755574,0.1978564013059995,-0.1259563202695641,0.21570769737223666,0.939163347810137,0.45001962334547907,4.2628828616466645,-0.18003686481008355,1.2352024166106368,2.1441846313515978
-0.8275774053009067,0.4368324448246294,0.6894534124972008,0.017966358203053256,0.011078911130756623,0.061894476937317935,0.06811083660406086,0.2961520954705811,2.62183531586737,0.030902489076358102,0.006553434095344125,0.546441126844283,0.21223928777199788,0.23516684663797496,0.7765996938865991,-0.028232530740240895,0.5117172282623486,0.7141632760121861,0.21274847112829887,0.8553712033083359,0.7392373891982259,2.3961958703859785
-0.9653894911918369,-0.013873061972983686,0.13619207767970218,0.03598986636792904,0.35684975749932735,0.36537483501833323,0.0745200939410742,0.13589400943496915,1.961362419884637,0.914603553220858,0.008232456381744331,0.6665871460628131,0.19640432069761904,-0.03437335894955674,0.005825222347387716,0.12777849981308412,0.25362723199986653,0.39734276653814615,-0.8462846859478685,0.35158330034654706,0.6460859858800192,2.655390734079625
-0.17152424498466903,0.34433750888901393,0.07030921021525864,-0.00016330094745775517,-0.003896687263711217,0.040201402030894604,0.07382875470576752,0.27062675154426247,1.978891712886857,0.0373615769323112,0.007966723377547159,0.41420870908763646,-0.2721557989717824,-0.5655809829375302,-0.6423124405429133,0.2161717435402443,0.5767485700020824,-1.207536627186176,-0.9710979298218892,0.6205001032348159,-0.8052239468897262,-2.346678364037051
1.1209298069724432,1.0222506403038292,1.343941066966329,0.6200453764369348,0.10972030993159772,0.08481784791777845,0.059878355609410495,0.22125200752067706,2.443259080577632,0.07986927072288665,0.005769315799066868,0.6299479256347363,0.027078827706070844,-0.04531915455143403,0.4232118836069382,1.0750277333106133,0.5785249289374483,0.6216054669108291,2.534823563891711,-0.4576313811233231,1.5589616994451567,2.664333118340587
0.5418054410987233,-0.08453294886497538,0.20984502960633855,0.15903334097177196,0.018745855878081728,0.2010671757886526,0.057014876886002354,0.2726169919510137,1.9246313083520532,-1.1218390400593887,0.007252614397853449,0.19395273835198515,0.04506807342663614,-0.17377790892720177,-0.006327125507919212,0.23315419783487923,0.6196489404186946,-0.9394471262484415,-0.8528265527690981,-1.715356348782048,-0.1327102577992448,-1.381444642459179
-0.45927758496212273,0.4958300039539875,0.23328253377816774,0.002466216108930154,0.055363172778910695,0.0698300407659382,0.07085444549328827,0.27650040417455096,2.5349295630585265,0.036348619091321,0.007417558188816942,0.5273608068662724,0.09333588339440455,-0.4332240708973559,-0.5266959065014537,0.02381430434157176,0.6678172407690354,0.050525780979546464,-0.6294387481049314,1.2482559517721579,0.017754073404433947,1.0327864064218422
1.7091862438248002,0.2055646365015017,0.5592535226587763,0.05211492751542533,0.3482963723390134,0.2436391783876347,0.3283942185062187,-0.1297481992670215,-1.1587090941345362,0.009508804950242002,0.010741987256983757,0.08467179901244935,0.10404198372490284,-0.0669970446303856,-0.5905003524998004,-0.038430930821531095,1.2063305106438704,0.697703796935041,-0.7196870996164828,6.86153936414515,0.4440229275614792,1.7902579688676958
-1.6980487018402843,-2.6346531800890074,0.09506010095132274,0.03069677435462486,0.2361027664146052,0.1626200960522674,0.05916048022321622,0.06535686656722133,-0.02701971642874587,0.011180674859281384,0.01122790140408552,0.16132184454021778,-0.4699788644559505,0.14262695892923918,0.046747678174063056,0.061818790775842784,0.13797815335765026,-0.16233465391002547,-0.8080488624459237,-0.2995689015709645,-3.384750968116654,-1.7584580091907793
3.5422439196571887,1.1108254694839468,0.5368142143383657,0.248993175312959,1.4857784441338644,1.2563487287542026,0.10229819668671201,0.16132903991712164,2.599197309850977,0.04986938794619787,0.010630549153427636,-0.013083664322355006,1.6120269572731387,0.38485911585491867,1.3837623224550952,0.33620166518862404,0.5431020463584383,0.967712629981428,-0.23651129979186872,0.8994664063478317,0.9209657137676263,1.9832482519017054
-0.5471844092656847,-0.7607810936177773,-0.24969822339055073,0.038050764977895446,-0.03609282617636366,0.07729589860493738,0.06967029156794124,0.27126269263541897,1.1994014096144825,0.03707987505177347,0.010874256205025884,-0.5724105495019272,-0.19670765430256992,-0.25621465986813946,0.48155174781493854,0.06552162660146094,0.4844483947796635,-0.1891187055216127,0.4830593511276925,-0.7685649131131314,0.5862724549092996,-2.185919924497085
-6.077290079864535,-0.9505109610513346,0.33710027108094975,0.1895386795347717,0.12196590150887975,0.1439844933653552,0.061080283010797,0.18627090674919067,1.2507899272491914,-0.01998911406450296,0.00966658717857202,-2.3949208035507765,-0.06336526983390142,-0.30123388687561853,-3.123764982003638,0.24071451897398075,0.41937902131650556,0.04070444715906052,1.6303025487006766,-1.9616672391609338,-1.034577444627503,-2.613390212461262
-5.472509424206354,-0.9316497642478239,-0.03821722151736496,0.15277005976523741,0.13959388208775728,0.127315399428155,0.06540199964487488,0.20282065074442548,1.2998207862672593,-0.021977827923601298,0.009972287763067645,-0.5120729228121461,-0.13404523684297542,-0.3549453153062391,-3.297882069247057,0.18432705854593107,0.24156012365646384,0.4819706356515298,2.1197728549259587,-1.89203569730377,-0.946509007452629,-2.5737739778075577
1.6661065529310286,0.47530085205102024,-0.2157354728277183,0.14282972665846388,0.1253805688727612,0.1738719460613208,0.06380030294469588,0.19163418069355811,1.8338494037731685,-0.006892271091700922,0.006605819951006611,-0.5115795447126489,0.207672712506671,-0.4153611923260457,-0.8360055975146958,0.3212172587623566,0.8331781524688374,-1.5486631904996773,-0.14880930812844406,1.186384713966039,1.802498052796191,-1.1291391348363584
0.5507172005064879,-0.7598374269820378,-1.4977954278381083,0.024080207590579907,-2.666740637819984,0.16414412435468398,-2.3450667820999658,-1.4795090988910853,-1.8278679661844435,0.02178163285848842,-0.7760393718082117,-0.6991498442975977,0.23706405422707894,0.08991206049004631,0.1889807144533058,0.009192555251036358,-1.9328806864836021,0.0747254313825699,-0.9038547215909317,-1.2676916155054394,-1.5573881394229707,-0.8807412157263216
0.7721317368860823,-0.28750781930028774,-0.27920749557190766,-0.041602853222960826,0.29343528668103136,0.1831276593816262,-1.6739223983971425,-2.0225456630601624,-1.6794109361446072,-0.0062041920776528155,0.01004466389314976,-0.5982329851926576,-0.23067216570114704,-0.6855220578880967,-2.2864701857093848,-0.2628822727798963,-0.15630519277691937,0.06952060427275474,-1.9076399918689328,-3.532891454801018,-3.420519423678325,0.38203332385979594
-0.9677953365308356,-0.8221305156464246,-2.6986983314691835,0.014932570370775666,-0.08306470305439431,-0.00831388718983965,0.06525183708015085,0.16495038352297225,-3.58266338275495,0.007769556692415047,0.008818750476257816,0.22769660828035707,-1.5851602152767839,-1.7976863849168714,-1.1496384849616343,-0.38452202364333465,-0.3039471268748969,-4.362174920324472,-1.4246147839938366,-0.7036370251893541,-0.4898493330732804,-1.2152315828336193
-1.4986366837224983,-0.09379027293555359,-0.6002943650047735,-0.015401229998043182,0.0006163581796809958,0.035966992700282516,0.07367986216502488,0.23816772860199345,-2.8696635394178918,0.030202600022928416,0.01081084985817339,0.15953861284781343,-0.3945917119303065,-0.009133952001491313,-0.5101763346271665,-0.0871475739240611,-1.2726571649360876,-0.9358749958098845,-0.1883401433734985,-0.1958720168682281,-0.5566805244939386,-0.9620258458692135
1.8543561455129007,1.0171476996627098,1.7324172106471458,0.12187351025896521,0.20173018850656932,0.26641480747773905,0.07748776300769876,0.30309462347550514,-1.231790726587759,0.020154102476000267,0.005872544177085092,0.6773102362369763,0.0956601035127973,1.040652441491058,-0.6214860248020576,-0.04225150972457428,0.5284357236430364,0.858319194470935,1.4634575831839534,1.6549914050354109,2.5886371336401988,1.3197752406778922
0.39322246209591954,-2.448268542974771,-0.7156102891402292,0.07348620079605633,-0.06738871770171288,0.04735093141396761,0.05771120234880078,0.327949183169823,2.1808415401649746,0.04955240357108397,0.010298532506552539,-0.5466687944618651,-0.4240654423898819,0.05169484529470732,-1.7023142349200937,0.09079989779839479,0.6811061095578979,0.27433037229875756,0.2776005150594542,-2.113772333941642,0.7229712916820465,-1.323113620496694
1.3621520148374948,1.0524471800926118,1.0742694542378868,0.5068700800467736,0.17933924752037092,0.14112613584482242,0.061439856271349756,0.22537856286349697,1.6290828972337736,0.11251849152646959,0.005526294360046265,0.6951454238525098,0.11212412320391901,0.4285864735409527,0.901333660405313,1.1801141153010168,0.7610330542432929,0.6593113274444935,5.658782325656914,0.5741613516166628,3.4951471904480163,2.856634259622778
1.5401110634316324,-0.4310042864776565,1.238698535072689,0.2352877030623515,0.20191867658491872,0.17420219505491563,0.06093164663464101,0.2530870476326561,-1.699421053318987,-0.000573314951344796,0.010930974657568766,-0.9143213967597361,0.13928209326310104,0.23027579029565912,-1.0129680370501748,0.35040973548608684,1.0835379925520319,0.31568489777591185,2.615507637884544,0.631820899916389,0.8057319448249268,-1.1103929674241304
-1.3824379258828627,-2.715349383074378,0.024488089341666942,0.018899871731447367,0.25311405173393564,0.16129035324584787,0.06725342182105964,0.05828083864596383,0.15300510052243602,0.015262551094466904,0.011044053632125602,0.1698131298795684,-0.5082828930205435,-0.044358762979295994,0.054206660601308,0.05356545513867944,-0.2982793002053215,-0.1852155696810184,-0.8017498766621829,-0.4224591308536298,-3.394298080534538,-1.8551901517485219
0.26656616106968645,0.5930434519429201,1.2228221659378726,0.01978703014317222,0.09132207768246406,0.10899326485059234,0.07338948430349801,0.3174778678966328,2.5096064128895157,0.044539855505336484,0.006553434095344125,0.6513644905543935,0.12186274739674685,-0.12531866526565613,-0.10684509250666768,0.04044785291327521,0.6407183776808144,0.360296409825695,1.3851711943148353,2.937288203963867,2.1775990697807233,2.3573410383612985
-1.3772864583835456,-1.596909465173451,-2.0788736155085337,-0.024813083209099973,-0.04544610608235455,0.02291900057257398,0.05931526183665346,-2.8236515320318887,-3.0348175701814575,0.04224512608592858,0.010355024057853386,0.28235212782431796,-0.4518866932557499,-0.4845364355941159,-1.7401028954394,-0.3382721176408476,-1.42302046996682,-0.06230810023754646,-0.01978203560995523,-4.11747574313964,0.7463336611995884,0.08281167796674258
2.2087832352700305,0.9102176641895539,0.19642135667789573,0.22320227937650333,0.5204468496770798,0.485892936623711,0.08959444617985111,0.14478986109399697,0.7100414578816002,0.0528506061998897,0.009500551407542133,-0.5201790132944544,0.39020572008203447,0.33997343829365295,1.5722254965082998,0.18895675483441368,0.42515140139509866,0.28099597547443406,-0.12448920000068595,0.9354282669022118,0.8436779586853796,2.4786404151969426
-1.4361595765903459,0.24895290873496553,-0.03763189025108395,-1.8960758366606314,0.24334085624459262,0.10507827516971267,0.06985513712470094,0.15694464651408166,-3.5560552452138827,0.04606252369207738,0.009328352622652265,-0.6356927024524395,-1.0236037531565725,-0.023992371801663318,0.791466954720725,-0.08484985151957375,-0.004060303665796995,0.6068100581919973,-0.6854464695603467,0.328074562545904,0.15627215775002565,0.5762817910087114
0.5280130137825017,1.1385610610308046,2.2730593196960998,0.1582493182437652,0.4362440224628847,0.7394672178069261,0.07327287235830049,0.26251148872562746,2.4658050100441735,0.058453576346616035,0.015130211065770052,0.7813229150668928,0.7471438399563682,0.5002481351569676,1.3018515265743034,0.4052283569444477,1.0230005170322602,0.4749022280316445,-0.03257891421965023,-0.054036601298123876,0.6077286236075883,1.0115385972776016
1.5444462330170325,0.86291426362996,0.24645244097007973,0.21959512762087824,0.6491699591269859,0.47927202687973264,0.09877465078227114,0.15101766498543498,2.3280053003652075,0.056856952735441585,0.009500551407542133,-0.10568862511847789,0.3950261498161583,0.3481258534041281,1.4709674420834036,0.20019808104345807,0.4796659338561659,0.6618170998092913,-0.03083349276829589,1.034442709332477,0.9398420072547745,2.642896790055317
-1.153144812807742,0.31806621064080715,-0.18001911489091044,0.03263026434504481,-0.001240196339031685,0.0359781910096858,0.07630237035590864,0.30340411742445217,-2.4953129176434947,0.030641188032953678,0.007959132475145783,0.49721010882290556,-0.267664883366149,-0.32228271909651446,-0.753906927203375,0.03102490116146466,0.2263998806027897,0.3260645521288063,-0.5187133695018835,-0.16272061402695373,0.5439825677272909,-0.6567526176401779
-1.2979499122412654,-2.6979043485210883,0.06319529177833352,0.01973895992591143,0.23907398986317505,0.1557010823719418,0.06922549602445213,0.05828083864596383,0.18956205631390166,0.015262551094466904,0.009704811860487505,0.24843761846543239,-0.5226739016857439,-0.11358072458436354,0.04716000947162267,0.05316582474761267,-0.8687559301592294,-0.09473328630309236,-0.8148608402685669,-0.40175644139136196,-3.456749979470841,-1.8685253700811553
0.8693933508370925,0.06833769565712916,0.5034391603374745,0.13564565788939217,0.12203421909294089,0.20076604232220008,0.07253425861513804,0.24846397194883607,2.1247161005592927,-0.67474698992777,0.007704208896953997,0.3836455102517502,0.1658777104160757,0.09913567207893151,0.030424705891753202,0.2812775798940873,0.7389065696520875,0.768141582168997,-0.09368585533485439,0.5987055252338459,0.6094515895122932,-0.7317493673881523
-0.7688599681557895,-1.0811411188016415,0.4291853945606216,-0.4743000599597164,0.37965961340150045,0.28728502660599814,0.07898355515556016,0.17142034571304737,1.4843152061878209,0.06103205191097326,0.00841388366251061,0.3923428616096123,-0.37142390226857813,0.09194031044333516,-0.4432332365115809,-0.19087308183023197,0.5164827813387323,-0.07371960470004638,-0.5072519351023954,0.5296150341365072,-2.632514860295228,2.25819198990783
-0.9345895488980287,0.4629426407531978,0.15360325391832086,0.10976421196612264,-0.14116388029430832,0.10891193361556403,0.07417502659652749,0.2733671506219361,2.153715143157418,0.04242320444667871,0.015736838296484198,0.5222234530804833,0.8244522248186841,0.6265906545339586,1.0324703124682988,0.345123988087193,0.8148198899203263,0.4353322109865085,-0.4043289221442923,0.3984839508802478,0.32254173435753003,-0.6353610138542037
1.2414929753919826,-0.4907603088000425,0.9790220182767596,0.2198644211965798,0.10566781281356824,0.1943471469028432,0.06213997943498191,0.29322126531151566,-1.820252659502741,-0.002970478860066283,0.012028924399738692,0.2417055056026743,0.027707696842103134,0.3311922656146678,-0.6878029399296405,0.21007809617315557,0.9151445532655905,0.6249624613461651,3.701715266866225,-0.3845724906723342,0.927457364622621,-1.0887480153412874
0.25919391174405965,0.46786635664591286,1.2786196654377888,0.10531671336089682,0.4795968876941881,0.7155852032641997,0.07227073749817203,0.25691705079942834,2.0513874842093447,0.046689038544307636,0.014649071856695303,0.542232976959055,0.6892701934823399,0.3201093083858118,0.4437248914420337,0.321149874548278,0.7639443927047195,-0.07727569209039545,-0.5308470413961106,-1.9244162977785975,0.6442299896269127,-0.7814742604425954
-2.035665265868293,-0.14823488255145748,-2.3789445469027357,0.014184763666182428,-0.1573037357084688,-0.008115093043433592,-1.692783218519498,-1.8359534382160207,-3.758001628360572,-0.008122956222921526,0.007194167320350586,0.16219315055063677,-0.20567429329641868,-1.641206754303668,-0.6113275604135285,-0.16270000249131836,-1.9085981801793483,-1.249412009716811,-1.5388036864451673,-0.8630950349697417,-0.04595157319372206,-1.6923171650955662
-0.9992350068122732,-0.18827496284225925,-2.2057312500738697,-0.05385810942013472,-0.10119900042859177,0.006011133998918509,0.07160818728865863,0.19239655087027438,2.588907344984042,0.012754134160344738,0.007034921289972563,0.30157256497159113,-0.03906544270280373,-1.8206078640713592,-0.5312082987324889,0.05644015439208956,0.6064194347924722,-3.868022924886571,-1.6511976997382147,-1.2559619761548961,-0.28206743323809463,-1.6943786500318574
-0.11065659175433291,0.20629007578498001,-0.12671265055327072,0.156525283988653,-3.524322569225002,-3.9235254669890134,0.09210429311868855,0.12925852166461665,-1.8994560371537939,0.032763055049306475,0.00855194477622376,-0.3616787711812605,-0.8681294812210834,-0.16573933350529488,0.6175596376679683,0.16230061249259234,0.15273656499498056,0.496868476781871,-0.31615481269377477,0.5438707427749518,0.1690627062679021,0.30777658610488834
-1.7609421107813634,0.0031991613276774493,0.6395443016862457,0.056066798382626334,-0.06978593431673494,0.1264619562471059,0.1367763114335521,-1.2438851403603686,-3.5722534105563204,-0.010588951356211847,0.008622801544922759,0.39794449520263775,-0.08036533864701728,-1.1105922533696218,-0.291863242603742,-0.03477958519988096,-1.7921864114674697,-0.21267860687176338,-1.6975562677710874,0.12984009232612698,0.07939772251569037,-1.3261944775226213
-0.3071864638106107,-0.5465740376505988,-1.898402787554962,-0.05536371462045891,0.17542316783574233,0.0980026055070803,0.06445398788281244,0.16194654141671233,1.3504889824356892,-1.0101245673871555,0.006445153813868421,-3.592853102698832,-0.18752842255586308,-0.28745964220485015,-0.4249751729857001,-1.817298036211893,0.48671041552388383,0.06658284688536868,-1.0513330324110552,0.20483184512270364,0.6973073308262904,-0.5368305135304365
1.3153236284197498,-0.3555949847200944,1.624745251453725,0.20912167024117592,0.1131931140447654,0.19871758077878565,0.057560535893664395,0.271338292443347,-1.8727907631313943,1.1293036505043847,0.010899825289569755,-0.17007554926060695,0.02502738050344918,0.25240642481296555,-1.0547098208416994,0.3064884350996082,0.9181466594707959,0.4768369509016764,3.969136087996485,-0.947619515342588,0.7903717974701928,-1.164031170688593
-1.342051636897449,0.09294762113133774,-0.49017498372023266,-8.162086091464786e-05,-0.04408408216758388,0.04016229418070741,0.05637020336262539,-2.1673456652236043,-0.0550602436804493,0.03976684774501666,0.006985604930812053,0.27641287525433117,-0.24393661995978497,-0.7715272931096846,-0.8689512201459225,-0.08147504693752425,0.3411925587580156,-0.21964822583541052,-1.2269999052027025,-0.48810718525833013,-0.7207911967816335,-0.7805130184744177
1.0875168830462145,0.7926808065059985,0.3573171663499944,0.16544759977335813,-1.1572787270958103,0.09453731235859347,0.0803208613980381,0.18892443966953018,1.8973723883964817,0.059568356727266916,0.016310262587783154,0.7894286736329373,0.48942381735065477,0.42731375231936086,-0.4692488652806082,0.3788514139849592,0.732987580947224,0.5970873880010089,-0.7569520599971322,-0.6857447978901439,0.20086542305849883,-0.5927367936334796
0.4280796956528432,0.9424381606149492,-1.3019438200726512,0.11377523979278016,-0.10418802170125273,-0.021602268359964018,0.06450863743796233,0.19572977398677738,1.697410289032577,0.003917649621284178,0.013808993886816702,0.24300760912806593,0.45077685670509887,0.19764876847632218,0.48515774732897265,0.2430051629963198,0.8196021333110677,0.5311230616561587,0.8337236086468226,0.17822635182022872,2.2139825514979226,-0.5672015115269183
-0.47109506288783454,0.6327178721857593,0.11309673916838016,0.14312890126503708,0.06196532212743369,1.1620831248105568,0.07825910188340009,0.20059395842270114,3.1222000858337764,0.05206568029915103,0.010416871110876717,-0.4239678012329632,0.6906341590878909,0.1681847378623549,1.1157273321555394,0.09808333155322103,0.2827725106916729,0.5519631716526697,-0.5274030357940076,0.6675120145619162,0.3378251293265587,1.3787543905579691
-1.0014528553153879,0.2440249852449883,0.5095102513456577,-0.006552478154531524,-0.02561624007657515,0.02988051716951251,0.060318390340375956,-1.6127342002670337,-2.408228910542106,0.025684621100724708,0.007240215355674804,0.4299871202612753,-0.3497687669820739,-0.11825866016760915,-0.33761218180675096,-0.15534763958134606,-0.20403939015270312,0.47197254813354805,1.240113502320427,1.5458419033648658,2.129049286261059,-0.2470732938533817
0.706575944109401,0.16398361495122027,-0.0817280514465661,0.017765433097984652,0.04507768673300509,0.16270620563457483,0.07356030095113945,0.2447700678853566,2.0050149251201868,-0.0014501637536541998,0.006392141908455691,-0.48287841332476433,0.1773845159369497,-0.6069376942200532,-0.5073608187182509,0.14685780389870814,0.7620902684785783,-0.5125233732031208,-0.2146723737243524,3.0555790353615313,1.472144887581062,-1.2070841185225158
1.9323493440167152,1.7235973932197675,1.3219913099174814,0.2021576492529083,0.10166709675536834,0.04972652840502,0.08086470559102642,0.2532629995195541,1.6929866412674166,0.04035893853865235,0.010891429262067242,0.7347258317588292,-0.07601796970148406,0.9401646832878165,1.6254061132704267,0.26008883614097694,0.29885796800997255,1.5600016841146283,-0.20506392764417708,2.0792478348457917,1.1952177719711703,1.89688992952949
-0.7603807144645224,-0.21927521164856031,0.679938254439279,0.006856983294205553,-0.042889895205608514,0.008851289177214696,-1.0865872177398046,-1.1405198976536424,-2.27450786594743,0.0324485317968492,0.010874424609992174,0.41259211878874724,-0.45729473445059204,0.015435397530341859,-0.4449670235218534,0.050515831138904864,-0.00848578889307672,-0.3387030199915312,-0.7664024278182794,0.7925199731437857,1.584063248938872,-1.1608175368270668
1.4047393511919624,0.7888068021354544,0.19907081766617846,0.21959512762087824,0.5256257659820491,0.47927202687973264,0.09065328309500688,0.15227053006520005,2.3160242675848846,0.05537554376753563,0.009500551407542133,-0.4578452302074961,0.34841390477321516,0.35224299563442446,1.5939816400061517,0.2060673017077079,0.446856000808886,0.6511555975274531,-0.07085689758280202,1.0375858893407517,0.9083455640251402,2.625070038878975
1.3133678571327094,-1.6992088588310874,0.40447042556156954,-1.199671808169016,0.17348831702825204,0.184814349814704,0.06086587881138459,0.15457331367176455,0.9541046810458941,0.037411796043328074,0.010641409601522253,-1.870939694256102,-0.9837195194229286,-0.25167314582143646,-0.3033446107542452,-1.06341224808274,-0.73153443146973,0.6203870169717846,-1.1586103426966363,-0.06788333050175986,-1.0371961083902812,-2.346799604162388
0.17132160959245224,-0.5685075592294637,-2.6967045222940187,-0.0911825059362386,0.1934710253673789,0.13047343683682106,0.06105383554385168,0.15756663728920509,1.453680174372674,-0.9447496129463099,0.005948672083100216,-0.4451790558678679,-0.08574723116818804,-0.7436016341735597,-0.10871305110889425,-1.666503715018309,0.4568389422050452,-3.3086005788496125,-1.410966157127461,-2.736495674549343,-0.2891881856937668,0.6204934700546754
-0.1700762635355843,-0.19220162079489594,-0.9172711385280612,-0.0055515607088620494,0.14115206422686594,0.14089228296603226,0.08363563850666192,-0.7824510692236116,-0.14664991804281427,0.015238764438757185,0.011206645140529308,-0.6557567597942306,-0.4102847404019897,-0.4812867712141125,-1.8635445168360756,0.03164721916045542,-1.2352053248665582,0.19591676724791152,-1.7339145191095695,0.24703056862992565,-3.9141275883074487,-0.9118994749413811
-0.08848532136678527,0.28968706122187293,-0.045654586576030116,-0.012709041429821507,-0.01226020042916047,0.05422348125049191,0.07570562089837281,0.30626676467762326,2.414595191659368,0.03618707405497943,0.007417558188816942,0.49014632981684,-0.09747629884524053,-0.1789357601163728,-0.5625427948921272,0.12605768382291394,0.6396867054122707,0.3353751592382617,-0.6589911171708387,1.0782827325385578,-0.1934720721544283,-0.867370645052411
0.1437477845719063,0.7190142632483913,0.0020889378496015574,0.10595852313472008,-1.8293764843961542,-0.2735293211211589,0.08382455212030625,0.0819266425561902,-0.997047225279105,0.012631356657533038,0.01849389706130808,-2.8230549309423485,0.3248144405294561,0.49989915243116206,-0.3172132075698012,0.14653632440393843,0.46310781867197637,0.06921303321682426,-1.0448344690913665,-0.23801968725925315,-2.6473727373272617,-0.2166330221441814
0.5867313811526168,-0.05940932805388448,0.6630058859232982,0.20091082415267503,0.10162648106657411,0.16810323122391987,0.05462320194872415,0.23951906849258542,-2.665940666419098,-0.00024389742649346584,0.012092766049897357,-0.42557357664071155,0.054756108847386985,0.3701163541698634,-1.067739837799099,0.09367387580447327,0.9448334586101401,-1.4049394271824145,-0.681913809460123,-1.1607858649884415,1.5869710734303633,0.4696956859596913
1.121855753570866,0.901204137834353,1.2097226300607447,0.44902891604730977,0.17491935414130874,0.12746407633013043,0.057989438614492926,0.2243460585382386,-2.5741708104482064,0.0637279936884693,0.00568998079102491,0.6908894959708007,0.04894654276744371,0.432078402983189,0.9332893354158743,1.2461381912837535,0.8724975815842169,0.627478859722337,5.552546637445935,0.08268258050337977,3.3784201172507777,2.2253745989107654
-0.02973694259287554,0.43647222430675314,-1.7797894096258056,0.07959574705269683,-0.5109127028381153,-3.8128734219883933,0.07771130312646951,0.18024313694285546,1.723037286353235,0.007011924045609057,0.010304564683515226,-0.5065527126840214,0.32579313603382315,0.5470823773606907,0.3853950050695575,0.15933738681556,0.6473956091574408,0.40012265697252847,0.02404684177958487,0.21548280768708705,0.6745190145811357,-0.4287824607817743
1.6519377350317925,-0.18108732829820126,2.015653440207832,0.2512862130806073,0.3310523122851251,0.24325597968007667,0.06856292504450007,0.22257451557881827,2.2967562190295934,1.5610621120555837,0.009529550853971145,-0.3918673900580737,0.47211558370010565,0.026915616216864356,0.05489808339805174,0.5628220079086854,1.1120022763033182,0.6359394287600281,-0.5543593698744979,0.3941253626807614,0.6690130729042618,1.2216804468311282
-0.11065659175433291,0.20629007578498001,-0.12671265055327072,0.156525283988653,-3.524322569225002,-3.9235254669890134,0.09210429311868855,0.12925852166461665,-1.8994560371537939,0.032763055049306475,0.00855194477622376,-0.3616787711812605,-0.8681294812210834,-0.16573933350529488,0.6175596376679683,0.16230061249259234,0.15273656499498056,0.496868476781871,-0.31615481269377477,0.5438707427749518,0.1690627062679021,0.30777658610488834
-1.2805117107974797,-0.21632260186319438,-0.2546548674628029,-0.657653599716988,0.16735483616516944,0.0519795396437488,0.07644603252986357,0.18241247614981934,1.41485849427097,0.06712766425251275,0.005258863038827163,-0.5198312059677062,-0.45882564907360657,-1.3321268947132219,0.1154337571224429,-0.5497478301880403,0.4940769430386457,-0.32800401361759046,-1.5769122155718645,-0.20012481915287386,-2.634530576885907,-0.014644369719131604
1.195831292102124,-2.108054098958146,1.0756438587504304,0.10110600493559328,0.328527437234172,0.17480634291876596,0.0659488063281713,0.1504722134483916,-2.4168423668968115,0.006329736865910799,0.010274272169000042,-0.4051426463447868,-0.16330695172078763,0.15865542544359057,-1.0061369724570381,-0.22496584507000258,-1.9914275830695294,0.5075643895895038,-1.189630663344233,0.05651252831770363,0.10362723520976226,1.1725344426173492
-1.4241259855168342,-0.5463149153111869,-0.32836874335662825,-0.6827803452240582,0.2108473204856441,0.1365599147659011,0.05614250950949546,0.09848994899538234,1.192574991257613,0.06341487354343349,0.005313147330271603,-3.8666440508738558,-0.326708938786255,-0.49283862867566475,-0.6286167957304588,-1.3027793632141236,0.03426974396783493,-5.131361424887378,-0.7240519491495551,-3.5150611828324734,-0.48803579302410716,0.4677404824206517
1.3391212397603036,-2.105246231998524,0.4277338517836218,0.12989049535101396,0.28825099586713243,0.17626862391005568,0.06063049640432194,0.17865090847778098,-2.3509689367776163,-0.009839870582681416,0.009111341860596242,-0.3643394370510883,-0.10542143176518567,0.04336126739571594,-1.1450809492208072,-0.18397769765961478,-2.004174394486336,0.6271698953543647,0.597940846939077,0.39357123717342496,0.35917799050270793,1.224428367748699
0.6315600168645197,-0.942845791032286,0.3198832178401003,0.12640253295774195,-1.4958604154016342,0.4512234073033296,0.08604485025161121,0.21987111206130433,1.8579949444628059,0.051552346961078736,0.012824596288927069,0.7783346627188639,1.0032979801828423,0.4508204498017475,0.8109381340940615,0.3936764979718892,0.9426548447138904,0.13217356598695712,-0.699710431815025,0.3547071585543175,-3.9883883569753515,-0.6800650449244625
3.5422439196571887,1.1108254694839468,0.5368142143383657,0.248993175312959,1.4857784441338644,1.2563487287542026,0.10229819668671201,0.16132903991712164,2.599197309850977,0.04986938794619787,0.010630549153427636,-0.013083664322355006,1.6120269572731387,0.38485911585491867,1.3837623224550952,0.33620166518862404,0.5431020463584383,0.967712629981428,-0.23651129979186872,0.8994664063478317,0.9209657137676263,1.9832482519017054
1.7220105837425799,0.8088251775683307,0.48670717622164955,0.18516169628723284,-0.0004195965387577133,0.35961446834886385,0.07235036297667785,0.2622700265288944,2.005391674975239,0.05410297626084474,0.013278975790188018,0.5395354299262672,0.4019246969458611,-0.0003553770442508526,0.5429643714916242,0.46144591347216923,0.9441754432881004,-0.7096116480141099,1.5973596783763009,-1.2932217880793901,1.6599877364404472,-0.3868185689099225
1.1525024133305546,0.10327507237185729,-0.4522118230944573,0.10446746706172945,0.09953875094585438,0.09623594612800225,0.07749118291168185,0.2528044491512999,2.104498460611235,0.03253867529358726,0.006903728626874529,0.3318468131907171,-0.2059637908776077,-0.02909377909274248,-0.5251666520955903,0.11482853803912474,0.6328645693306529,-0.29401590602665023,3.171370620443985,-0.4104786548433641,1.71779233712802,-0.9707543184118271
-0.14096052573236398,0.20019381290382957,-0.6217010559107488,-0.15149350228828157,0.06478431629326813,0.07090224992551536,0.06923975936908473,0.17684774650708218,2.110469521491448,0.09200457979202445,0.00635082473954849,0.5560399493229099,0.15560160830422642,-0.25641207918353187,-0.1284274493294687,0.4452207140143612,0.8690186527499799,0.2118721290933844,-1.6047658128587425,0.5332251185430072,-3.3750362597289967,1.8520418296809655
-1.3777055184599063,0.35149158828334315,-1.750124495081853,0.15907139545393037,0.2256643861741836,0.007645137599693597,0.07289670478719515,0.1650561293280459,1.452481931044411,0.007621680282031396,0.015569566729339849,0.4505528721927233,0.7675877231605476,0.43927386519255296,1.0537670491287212,0.2510363451877659,0.32242242701989676,0.4847385565115167,-0.25004658355123266,-0.3270456064429742,0.6375444615585246,-0.8392150952909161
-3.2375331155322535,-0.2780059893203064,-0.7389257250327881,0.07316715368746207,0.08258768001631649,0.16617288058872529,0.06671562688990451,0.14874402990874247,1.0832779038373213,-0.01696112185439965,0.00746375529678311,0.4631458359931173,-0.10913454070065644,-0.1433000725176184,-2.1370683106565025,0.24887442586369435,-0.1173933893725969,-0.8983840163578495,-0.3929519766447923,0.5450016085833608,0.6539760054150833,-2.5682067571306915
0.3738586216534432,0.02431481559384381,-0.5303973851518261,0.10670063838957938,0.06315929026936992,0.0768779005593876,0.08151727187385976,0.263940030698874,-2.2759867911784624,0.0320572757492536,0.007078093129459138,0.5003984759855715,-0.0585444473255555,-0.28584279544251,-0.3868257030601022,-0.04293220329485488,-0.9205004361230491,0.44820488331162917,3.593305718804811,-0.10485991750630026,1.2337920410225698,-1.3420087830818501
-2.5077639033962265,-0.4229206375979399,-0.7244457733290385,0.07728367669095572,0.11344199266316222,0.25924327611115155,0.06409869796444918,0.1535899835156327,1.3815989890600748,-0.01696112185439965,0.0067707093152422635,0.47986108871574806,0.020595470508900496,-0.11570438946345585,-2.092276716467371,0.16334635683640672,-0.08643158901649961,-0.9537847855915991,-0.4268083670500177,0.6105877963649355,0.4004865041969029,0.3259212578333674
-0.5861873101715674,0.6358552280973285,0.5687997309430779,0.08090765079698091,0.1158324422559913,0.6618911616575648,0.08904789725671344,0.26514434614162885,-2.557036760689854,0.042805544147158196,0.013341501078534525,0.6221637237385612,0.7437264607198281,0.3828726878049959,0.4162810209563364,0.046943561079478745,-1.8582381703068607,0.46770776811299236,0.07921198549871865,0.2953235975137677,0.27641264763286333,0.17240190862180915
-0.22705782980478867,-1.1129202335328099,-0.18476104511531627,-1.1855384261826274,0.1893954080554674,0.16646305120300442,0.057389256965468836,0.16994681064950892,1.3196803280793077,-1.192999711569391,0.006361068051064648,0.27729861589148125,-1.1296634679456994,-0.3564582014541174,-0.7136689310659972,-1.6546879192790227,0.5753540969657374,0.0341451935143472,-1.4428931292952436,-1.3564686062722755,-0.37140923287097055,1.8749567777735556
0.7319741533466437,0.7583045455305385,1.7388580317852336,0.1283988560184668,0.3374327991030698,0.31170772416007747,0.08053776203653158,0.22865308542371035,-2.129361522541365,0.015316993400851808,0.009335544114976434,0.18150427267818262,0.025337385365913193,0.16285283751085647,0.7876317354344687,0.27860068368398433,-2.0869463670650923,0.436807732187833,-0.3800866251561304,0.6976433725257675,-1.0501426007918961,0.6935771632210492
1.3942902286050631,0.1713534099559215,-0.39169904571370623,0.12110362673881829,0.10972525066118392,0.12525885338018153,0.07797203678913434,0.2743829861738634,2.019090305157658,0.02556231784312264,0.006846279382964875,0.4449158024511151,-0.0018823445805015871,0.28685557310818866,-0.3669332285843186,0.19274117376629782,0.6042615640694532,0.2906883016113275,4.560869201708797,-0.19272541931988849,2.624696005965477,-2.242967253886602
0.19960995376729146,-2.1267344488609994,-1.1704315918654242,0.16573572195490022,0.18337903338569161,0.1178924589561187,0.05892368046950026,0.2314155043670438,2.4733188632951544,0.019832947239980712,0.01267500370813079,-0.47896576913910816,0.14960790639426555,0.27666219416926446,-1.7264471892990845,0.11952395665396512,0.9279073136855868,0.2641887831910582,-1.2239986319653813,-1.4063002949355594,0.5462033013782598,1.0554307716061428
1.235823255852407,0.07626588460472536,0.17605368106294536,-0.156033042249099,0.29548898992478406,0.08700377389069823,0.06499903268373124,0.17794157279958092,-1.8959529180495251,0.07497754220068842,0.0071913466458354185,0.71391234827292,-0.20222065047656615,-0.153246054333319,-0.427894033394102,-0.04516033489922835,0.40491535851275673,-0.7974703592078949,-0.8776145086143932,-0.47386526765523,0.03364748783895214,0.8296110648249085
-0.5267487156478625,0.11933745840501184,-1.7586064280177818,0.04969701077087707,0.0896112001872006,0.023629598870947496,0.07078731005618828,0.23458846145411189,3.267486096147007,0.020245368262995844,0.006531793063334217,0.6344097453929373,0.4743616763162715,-0.8706211949110116,-0.12485574228337334,-0.06355585948627387,-0.9109359140562452,-2.2284148834328783,-1.3416436081234269,0.2910451802128766,0.125818082309848,1.1914473973976598
1.4381088831952211,0.8224457821491908,1.6418395312704976,0.11389516206087706,0.2990529204239126,0.3680856730712582,0.09079846063567205,0.15796182945598242,2.3050490323304396,0.012715108994549359,0.01086242359329026,0.416025278027352,0.2779648496512486,0.444371830487693,0.8686753214579821,0.3316977024551178,1.3370063304471993,0.506388733563325,-0.2655699714803592,-0.27449997610942584,-1.8470663825219613,-0.11561514460243909
0.10292680195391823,0.21088608744301468,-2.1979562387414107,0.10149087888528724,-0.14554781374717984,-0.049591490444123316,0.0687405482948882,0.2459421000888535,1.7313436917962823,0.0025504468315905226,0.016077706081267476,0.15351396451606233,0.3453106051022174,0.30299919517016727,0.1547786210186159,0.3178952569075761,0.7180230329477942,-0.30720156594873066,-0.8673942809688409,-2.652365900382242,0.32361545773662787,-0.7954533342311467
0.06550121063100972,-0.17272917992543957,0.8164639338922308,0.11256056437213845,0.10272424909552359,0.19750135182402456,0.07736946181955588,0.23636954978895167,1.8835494179946735,0.20345021773852362,0.01205918337799981,0.44476631741516237,0.03756410805715957,-0.08240089279649897,-0.08444454605439682,0.2415974814391996,0.6029835227427874,-1.2740775208543866,-1.2628012832520024,-0.6496010117047255,0.265198986075945,-1.1452156617309541
0.5038164930448905,-0.2165865306467867,0.6559304401569314,0.21189502883315825,0.16679870180664957,0.15817056754112122,0.058476163707041715,0.2599341566495026,-2.6917408304784276,-0.010293012596179435,0.012092766049897357,0.32235105780898543,-0.018360783289397546,0.3175990953419336,-1.5623116219281947,0.12931450662918412,0.9942089957444259,-2.586696220562321,0.5109686439926798,-1.3460984692167859,-0.6448552737031282,0.1170814150832182
-0.6823342489297034,0.31945501290323,0.4487756186661563,0.029596775064340698,-0.07887433687006519,0.025523744717122054,0.07307321817465184,0.3058945305823399,2.075024417454144,0.028555407292280025,0.00680001561238454,0.4195949253824244,-0.03309095116464382,-0.13223139534533923,0.8545949135849406,0.1854594868770045,0.3601879078478283,0.4479730931219307,0.0067855603392528215,0.2651162507399697,0.16589081951116671,-2.371234448147705
-1.284309847762431,0.35149158828334315,-1.750124495081853,0.15907139545393037,0.39456430634216766,0.007645137599693597,0.07289670478719515,0.1650561293280459,1.4559131456768701,0.007621680282031396,0.015569566729339849,0.4505528721927233,0.8758308008836135,0.47234748469466836,1.003866899104945,0.2510363451877659,0.33352718182477503,0.46286031971199665,-0.29548177729906994,-0.4778686850479824,0.6104822309855721,-0.910453759600287
-0.11065659175433291,0.20629007578498001,-0.12671265055327072,0.156525283988653,-3.524322569225002,-3.9235254669890134,0.09210429311868855,0.12925852166461665,-1.8994560371537939,0.032763055049306475,0.00855194477622376,-0.3616787711812605,-0.8681294812210834,-0.16573933350529488,0.6175596376679683,0.16230061249259234,0.15273656499498056,0.496868476781871,-0.31615481269377477,0.5438707427749518,0.1690627062679021,0.30777658610488834
1.3534968764347954,0.3640580150193736,-0.5022007535503913,0.14344198398128205,0.30372703605528917,0.16768671793142154,0.07392880441272653,0.24486655019157283,-2.065953281987379,0.03335910481049803,0.012684088243099745,0.48551816434005185,-0.1212371105777002,0.7514157014387983,0.18961346866378706,0.07851978495512002,-0.5225136828918889,-0.02445314097622752,-1.3446420495640528,-0.20046338329253036,-2.686961495431147,0.5399537526342013
0.019708556467344804,-1.2576645025115052,-0.003163816532095,0.04741918219384691,0.04093421419768923,0.09734949473211586,0.06788760228501857,0.377852965535979,2.7120771003969204,0.05334092058902852,0.010159374248118047,0.5006736663556043,-0.10772011813908994,-0.2745752568037142,-1.093036020909371,-0.007604338868680855,0.8156831587151613,0.06580516204054786,1.1657658685669041,1.8233370715429689,1.8646701360493654,1.7254449436948254
-1.7107980852882538,1.082106322697079,-1.0502543797879924,0.1296355506068184,-0.413159280440726,0.24095035601100348,0.06496877604855152,0.1267373350290056,1.2060113904685652,0.01570310967397112,0.016306315394780023,0.5554827323434567,0.728082676752063,0.48681486853459066,0.9494579054150748,0.36345064240766467,0.2960790305759612,-0.07062308159166755,-0.37287699863580664,0.3098896974075436,1.2793304682965008,-0.06894857332112328
0.043945130817242606,-0.2928707884634813,0.508377411478349,0.1361555313039564,0.08909710212079457,0.17455585471049842,0.07783951454843194,0.22940510966946584,1.495301319579152,0.20138361118727338,0.012752229359540656,0.4659580582975988,-0.12894620731737644,-0.22932546554089395,-0.13835021401276104,0.3887979581163964,0.5781401577194466,-1.4293641876345826,-1.606461577203999,-0.5153262692337149,-0.22843800444397946,-1.6665344607260046
1.1159038902375928,0.15248311642300594,-0.41256779569171353,0.12110362673881829,0.09953875094585438,0.0930191224396431,0.07749118291168185,0.2476337488006846,1.8577771342509475,0.033170255213580004,0.007118502706189576,0.34416707112467826,-0.20245722364860225,-0.026878532786304053,-0.5295518159331813,0.19249419526571798,0.5618537195630763,-0.39306477586072686,3.135926066742799,-0.3398026412026495,1.766975519055196,-2.2768586046724213
-1.2665179010613083,0.4253727875794417,-0.7135697205226671,0.11964479087729829,0.8639443656852036,-0.04429630432354765,0.08693747808629812,0.2021662654765138,1.5273513398309044,0.03426886792904666,0.014032443670017688,0.44654205487214954,1.3461436442251864,0.5960535311497973,0.6604048554904323,0.16364391011198665,0.5973564275725632,0.22834449266121942,-0.5925420165402947,0.28023792398580544,-3.44208002225978,-1.0008002721582865
-2.7206393706746557,0.37407583022733326,-0.1176291539700673,-0.9421142983669877,0.14780961252088007,0.10521087651978793,0.07378365614423164,0.19825449365973072,-3.0752485936147025,0.050030426975328925,0.009328352622652265,-0.6609178462903024,-0.7638475122462938,-0.01287834582867752,0.6434890570052474,-0.03684127522775911,-0.008089300509776298,0.502334530487734,-0.8999194845717439,0.35919296739073886,-0.16668274456052617,0.5096592709612243
-0.8820946916217144,0.19801160885521882,-0.11619036165213137,0.003814767894179458,-0.022284309788427537,0.021069956989753773,0.06600570455012858,0.33444603446232934,-2.6684804118557564,0.029509380326870418,0.007959132475145783,0.4109145356955869,-0.3601915647704754,-0.572618224765644,-0.8503416977881272,0.03604858058290628,0.6131023069627205,0.2982386292749139,-0.5539325547026942,-0.4902036873135253,0.454816836607146,-0.7653238670252822
1.3040395804123108,-2.5391963492538596,0.5379514421124691,0.12956522354631364,0.2842479125883929,0.20356560799318904,0.06012380970084069,0.15402792146347513,2.2956881590497975,-0.010954964193519256,0.01209791666400132,-0.2467794023853647,0.04308615062950203,-0.050956096311092915,-0.940206622313546,0.15245270859181842,0.6545341449850905,0.2001490548340832,1.8838166249938013,0.15364453522947258,0.5595364842822231,1.9783609848080583
0.15503346770734505,0.33541517175569247,0.25133556075410446,-0.10823619177877883,-0.02766897127092868,0.043110741079462944,0.07361052841531793,0.20252608040128292,1.7766022093272489,0.08872276514082707,0.00798658496252629,0.484446724445661,-0.5354040367866849,-0.6080162977301127,-0.5298818830852453,-1.1848148145535136,0.44195282652685314,0.26480624886189913,-0.6991895041051042,-0.026141636837837424,0.4533960361296577,-3.471639558579843
-0.3663973096574825,-0.8118785460186724,-0.2653771250950577,0.046033588524300076,-0.042911275612065494,0.08858313796402599,0.07461285884633105,0.2986541678813045,1.9356349783281228,0.03880198704312545,0.010405955765158462,-0.550595864249088,-0.21616626752606222,-0.2643882803814341,0.506528034995294,0.1863009969056801,0.6011742777032064,0.021596379388567795,-0.06963970992441029,-0.3607497467448731,1.0769941751066183,-2.22560432808886
0.5730385481208935,0.5229421422000619,1.1204249944153333,0.07581728007117057,0.06428462017200598,0.08299091963106778,0.0677908008259563,0.2151616796421773,2.2833685624571647,0.09239090727889872,0.006875879352013057,0.5939315756896174,-0.04551972567656278,-0.13598736172949913,-0.03221526752233288,0.06099674849715373,0.48532650853006626,0.6389330346107462,1.4528937805040316,1.1216294260914312,2.2286985548956477,2.6065871363612554
-0.12599905666092853,0.3566338439955909,-0.2978669352227779,-0.007405535457117187,0.022386183387003242,0.050838401548406215,0.07644490027717234,0.30075228082418076,2.257220035105024,0.03357426348639963,0.007664139705857357,0.46604948705464017,-0.05333405463280817,-0.2437291555193288,-0.5903049070424363,0.09214980368730286,0.6340114809124544,0.40394120028517316,-0.5744572824413738,0.3377520656550362,0.3108600287178754,-1.6400265918094752
-0.20562370132608704,-1.1916782292522257,-0.1696450466970162,-1.1165508830281852,0.19681623716084837,0.16646305120300442,0.05671017018652014,0.1720358947390382,1.3280182394043172,-1.2663403642145732,0.006361068051064648,0.3359791666537696,-1.0972342903971115,-0.3092327190452299,-0.4925586763968457,-1.3452123381480272,0.610275875047289,0.027489889614777437,-1.507565886827346,-0.8158225170831253,-0.2303350234773835,2.445657807567942
-0.661700312901377,-2.352427410772076,0.06139370992873755,0.10082221152382642,0.2720572879867085,0.173959347453491,0.08228055093451514,0.13514408398972197,-1.698835621287911,-0.008377122765546733,0.012651814929432684,0.3574998111557177,-0.41639713470503636,-0.14262831466249953,0.16675968849620268,0.0371792870066062,-1.136743899377308,0.4628763096263901,-0.9790508776594273,-0.7377927190269034,-0.19483365987857273,-1.7635040713828123
-1.8585160417699504,0.531940513570145,-0.02080616940454336,-0.9150029000930826,0.10369854655969578,0.10426944932370265,0.07780635901251826,0.18276600842410698,3.0149390729807806,0.05568937786614765,0.0071552215489248125,-0.5991386940434065,-0.7653711652339017,0.022363729903222353,0.8670207898944603,-0.019054688058284128,-0.04405821437725269,0.5228776967793072,-0.7636113912203919,0.3731948153538041,0.07527700647473684,1.2802268806938153
0.8291649601531742,-0.24247671545228425,-0.9538473219326896,0.027250234763558208,0.13896041982818416,0.1757049910588702,0.07423813170150216,0.2733611685131715,1.7659335005430343,0.02479438300121558,0.009829133798257936,-0.768036972878423,-0.3523966278552359,-0.8554950351151824,-2.664027157731277,0.13615863092850702,0.9940907840911861,0.132065645264144,-1.6537013250714967,-0.485144000192792,-3.2416309582530074,-0.38369944512602744
3.3895587946730332,1.1107529837709647,0.5521329673493941,0.248993175312959,1.4857784441338644,1.258881921130274,0.10229819668671201,0.16132903991712164,2.391016989395325,0.05523197944267347,0.010630549153427636,-0.012865808022242943,1.6120269572731387,0.33989852320144465,1.3803972781774183,0.15545800691867612,0.5431020463584383,0.9731114326659601,-0.23291291973237618,0.9087008305083331,0.8598323593117497,1.9875149784072674
1.3272225118763086,0.295677024088685,0.2589182908121389,0.13304014721098473,0.11854064812935636,0.05442990164842728,0.06759101506011118,-2.2281908961182317,-2.7201282137406437,0.018173095232303194,0.006321816849739676,0.24031591718605355,-0.06750856585049476,-0.3647728784694955,0.906100057057767,-0.08580259479566521,-1.6299533277503848,-0.7861541993856329,0.009915826590692334,-1.0535562774678195,-0.03897903443862635,-0.9526123336976619
-2.3820549556589703,0.18234596035269116,-0.5432511024817658,0.22527479198460965,-3.4152423639096665,-0.13470993966767394,0.08402137973213958,0.13238020415543064,-2.4286267516765396,0.043400178917459585,0.011653430927669075,-7.12245479618077,-1.2488434464591183,-0.16233572995830686,0.7650989410661668,-0.22702287093222878,-0.2076938601022,0.28651020225972557,-0.40175827713075496,0.0887153373450348,0.09112583995571012,-0.05794328997067733
-1.362256497446141,0.5536205043305001,-0.17389488431920944,0.02798208834503221,0.024651255270900393,0.41534136766390234,0.06507898039904168,-0.2701628170092894,-2.600829239923254,-0.14244112857822439,0.012348322427385238,-0.47432823238386784,-0.2629857255841679,-0.09127886686465644,0.6515409669042473,-0.014650165891345698,-1.2352369538903973,0.313966244286435,-1.08907589224672,-0.5318769501731127,-4.209239098360335,-0.30922228832531334
-0.08851507015370662,0.34311537068184783,-0.08328340948394387,0.13909551955904964,-3.481292323320276,-4.507271904079479,0.08930817349827615,0.1050767150353625,0.39130834024996974,0.033614767290352905,0.0060933646716011935,-0.5164215470691449,-1.0204247843571617,-0.18038436843835648,0.8509573189137069,0.08996658974605562,0.14222150928995442,0.18080313765325423,-0.32472019858096207,0.6425096520697683,0.2923052251392154,0.6396742607736327
0.6749518442796999,0.9552440747130023,1.0005673740370473,0.2703237389971781,0.13819069386401114,0.08332749771589322,0.06415264581500642,0.2169514102814211,1.4046386312929064,0.07331579894916945,0.005908211990207795,0.6007435635889421,-0.052495369279926,0.21783899910663299,0.4631387754092673,1.0616054523572012,0.5576396197139126,0.4982929388014264,1.5334904125955473,-1.0806410425853026,1.5440444802870605,2.508291087482799
-0.39120076977942897,-1.9946952303158112,-1.345466850316568,-1.079594270038146,0.059954921290214916,0.06017511499232765,0.06092219613382239,0.20759042311720274,1.507324615174538,-1.2796304331553536,0.005925790288438753,0.4488440998771356,-0.5800805085489645,-0.5046900566864385,-0.725328356785996,-1.3889299494286893,0.4672162624028226,0.2964353820138,-1.4459386394043556,-2.6707213059633457,0.10621469645450393,1.8704091508951282
-0.598734916181499,-0.015105695131697827,0.9524431253589274,0.09505314261011415,-0.20401530780182267,0.7139509228872247,0.06822600699181125,0.25910077786502855,1.9440367226606887,0.040273626463057134,0.014649071856695303,0.34866500135957873,0.7644382843187577,0.26307958671675763,0.45021704583655525,0.321149874548278,0.7014369048832974,-0.061436526825762394,-0.5783906211167525,-1.9515740585457984,0.4258867359856306,-1.0930598335924262
-0.8149746158210445,0.5628490516930084,0.07436251911745409,0.06702265433415457,0.07632172965546698,0.3934226718494447,0.08154412782167175,0.2575452524217464,-3.2134216225670507,0.022918361974470326,0.008192522074895223,-0.4571217490382213,-0.4174060415761897,-0.018432832918080257,0.7088723051608786,-0.059572216147568774,-1.7797359633127154,0.3585644374001682,-1.7754261491339989,0.4065163618069666,-4.453528572198243,-0.3096772392730639
1.259694527310529,1.0421668829276132,1.1730593389196928,0.33369857745716663,0.13819448418704952,0.14840639713975068,0.09739381552103804,0.22064353598879605,2.4663140535596035,0.07266195681249499,0.005071742351709525,0.738725852122583,0.13151588362976485,-0.36173712947259185,0.5650321341783109,1.331553584735158,-0.7573492998732829,0.8786236191020605,4.860946047118991,-0.20776158512896228,2.954347668289245,3.9502909346194164
-0.8768100336465346,0.5648953213342481,-0.005899012831042716,0.03717732170939293,0.12119045522527488,0.3884050344173977,0.08154412782167175,0.24761075877322844,-3.1481100590462656,0.022918361974470326,0.008344572081924531,-0.3070169994376167,-0.41003164132584685,-0.07683692261915745,0.7009073082589612,-0.06896858392825415,-2.139787106212526,0.35002291015609527,-1.7813294944124574,0.2558810504516602,-4.34946510380336,-0.3125461077855388
-0.6779588174602658,-0.2684904948016999,0.7293850105346876,0.014839806840610183,-0.020581354143487968,0.022254527646319543,-0.9683233165399213,-1.1405198976536424,-2.2501515864550994,0.031434897057843476,0.010874424609992174,0.367443434493033,-0.4550188288574946,-0.023790404617738427,-0.4522556455682441,0.06668854919367215,0.17665302961297327,-0.4669292532740574,-0.796166501959437,0.8072716166637018,1.5717636210770511,-1.1611255769052977
0.19230159622888823,0.6834397231125724,1.289045692157092,0.12188043711978452,0.6689214336813162,0.7098532098953475,0.06847987030537935,0.29503282879137244,2.066930234785849,0.043007347614772325,0.014649071856695303,0.5395019840613567,0.6892701934823399,0.277609565038441,0.4508185731569133,0.35948378153715105,0.7165828395743137,-0.10658253504247929,-0.49502173997100485,-2.1193333247212207,0.7595879958754053,-0.7116334771100914
-0.6819423126019778,-0.8529775523877678,-2.660800123245641,0.01649321559288706,-0.07656404419024888,-0.004785697203241005,0.05958240040321354,0.16277033314970188,-3.7099678310815865,0.012065504660912541,0.009208052363700014,0.13812863050661406,-1.5536014622351326,-1.9297398363033378,-1.1929194564195196,-0.3945661457524376,0.43777526025631597,-4.365483479681851,-1.5289559208262287,-0.9280215501752211,-0.6248498587691323,-1.2212641571255207
1.3251509216020412,0.03236947904262158,0.32682985181182805,-0.30584833731598593,0.027671300845128803,0.06598654957203141,0.05979328978486865,0.2522216947393906,2.2171506039832107,0.11344918211388116,0.006805769950616943,0.6720544148928073,0.08129930336098518,-0.3778548652847104,0.022724849897064775,-0.067188970173041,0.6220547581459306,0.1558203543489401,1.3776927431565937,1.9182151565149448,2.205058528297033,2.2593114115229187
-0.5304345495951436,0.3362460624206143,-1.6186711227844754,0.1369952453075654,0.28892598980505163,-0.1746030533345522,0.07365622014189611,0.16139478688496764,1.8410893366786263,0.002460839525790226,0.006890540372924555,0.45686629899009057,0.4000906915986629,-1.0818151527833821,0.8553248616622459,-0.08137045614439455,0.05044447730162802,0.3864084821045261,-0.21965651922877427,-0.23400917433171067,0.5798041928546647,1.960800245978924
-1.6322926656942915,-0.0388606633354963,0.2846413499028484,0.09471690976406248,0.21086607984055347,0.3170871211854579,0.06405719333908882,0.1526584940395389,1.6092818775800626,0.9154720807322261,0.008232456381744331,0.540108248688425,-0.059143905420841636,0.01116556063137698,-0.07204611514747526,0.2709063905663446,0.22255581180353076,0.20252285255723979,-0.48706533722147194,0.3022633003213808,0.6056306910239773,-0.4740634259449516
-1.606912556934906,0.21325699549181637,-0.026303029392712642,-1.8960758366606314,0.40025288615446664,0.10507827516971267,0.07797650481196523,0.15569178143431658,-3.5193772401875023,0.04606252369207738,0.009328352622652265,-0.5159673415843883,-1.0011398254548562,-0.03340323441475101,0.6547001989791355,-0.05157785396629703,-0.017950156190407136,0.5912933562982775,-0.6475137414737152,0.2825227743186381,0.15623582889130475,0.6112246027554342
-1.7595202076380079,-1.2135761211017186,-0.7134423585382264,0.08662818731034662,0.11466468163968063,0.12593535863066027,0.07910509785320674,0.17059860932113494,-1.4772208186218987,-0.01590032861252959,0.011357996527413504,-0.288605304306723,-0.09863833142936175,-0.375312269124654,-1.1913244243722318,0.1596235858166769,-1.2233656226719514,-2.538087895705053,-0.27186694784606313,-2.0075251689710445,0.3058966631288862,-1.5839107859647212
-0.3386336388755847,0.39541971968823686,0.19443494767070207,-0.421885047816002,0.2011536880223756,0.07730818537616052,0.08068831168793093,-0.4341360489946453,1.7988985839247176,0.05753611237236504,0.004768782742529571,-0.22864744437634985,-0.326250812803997,0.03746840979446392,0.2062248213400552,-0.4865144209769373,0.6916251065535698,0.880399471377466,-1.097138002739509,1.249959668035991,-0.254838185482272,1.425204462562046
3.12780111798942,0.8348782103614445,0.18267568709738527,0.26423923776716557,-3.255136413742552,1.1672689285289404,0.0988004155612196,0.18518310655940598,-2.484498648112355,0.047733224185240467,0.013089129258050202,1.324093973422558,-0.005666990431342132,0.21857059841812396,1.2587353467398177,0.46487210088998104,0.40679363101557847,1.0726487141170062,-0.34841975844021905,0.8151391263931316,0.3766604848969718,1.0892268429960252
1.6004805677917682,-0.24959743627130096,1.7492052201506532,0.18719925854835304,0.15284071398289584,0.22626836940817696,0.06538296665075992,0.2484611420368928,2.7706453130087163,1.4761707020176005,0.010505492060242465,-0.04809182368327414,0.18445162150613784,0.32090215935877553,0.2711957060831778,0.3721849009228358,0.8768953452456347,0.7719995518506217,4.501289818133448,1.5453186188186083,2.070348723359881,0.5098210923832178
-0.5326116400479018,-2.0401524489880907,-1.1008785238172534,0.13305397508615385,0.22946846822861014,0.09640576173625459,0.06154023863704332,0.22365547855562168,-2.958819076812949,0.015247764351705077,0.011158279358789557,-0.5687298374047531,-0.24544263590430856,0.2505729083444646,-1.3605335838562622,-0.13666757212991218,-2.140321122190872,0.29268207997678186,-1.5582408970479231,-1.3492569563955539,0.15204287769871325,-0.41876210567544986
1.9503337913112835,1.1059415512836546,1.7839547940381353,0.13574486114145234,0.25540552222648866,0.2779714842834213,0.07573098956734423,0.27680063919222103,-1.3947113712931356,0.02446325532674546,0.005872544177085092,0.7237311486995135,0.2177596840437219,1.2147875602851832,-0.4710473023690036,-0.04919695623570237,0.4571838678745251,0.8725574055895067,1.449077340660031,1.7306762094537016,2.540086894485802,2.419386454359672
0.16720491783924568,-0.15238007698832493,0.5176528840865208,0.1718434439543899,0.14121132734742772,0.1977638919505416,0.051716581268979565,0.22056172827884807,-2.8371588643408465,-0.004490019938777023,0.014261538797175873,-0.6018731132351677,-0.17495855227383492,0.2927880563739714,-2.3108881382357156,0.005967240289377266,0.6123424353424283,-2.659064630982083,-1.9218189339226177,-3.8097603897567995,-0.5249079894089577,-0.8071268097256136
0.12734286417415663,-2.586331408465816,-0.7095050093123713,0.07348620079605633,-0.049971691007605755,0.028244477482390937,0.0580008400283463,0.3209698039932266,1.1334757531894342,0.05244135452332459,0.010437428697693466,-0.5683298383510645,-0.3572388411784788,0.05026167625985429,-1.7614350060482593,0.041915226929923756,0.3438186381124508,0.28279274619308553,0.18477841589295393,-2.1312830629632757,0.7588474691357816,-1.3700813054256982
0.9210964348104085,-0.6012395692397361,-0.1496697639624612,0.07862666198587881,-1.6286513454451679,0.36036609047761653,0.10653462753876444,0.21691019196557842,-2.045024769770118,0.0453510791022154,0.01289370357381095,0.6791033945684121,1.0445233547834396,0.20747688532329128,0.567881639308905,0.037088917679265844,-1.9556722215095041,0.19738787616288742,-1.0760859200746125,0.12163381071644015,-3.201816526387139,0.3054450792766684
-0.06294778934097689,-0.22217528790432514,-1.0483495592429324,-0.02154441343410607,0.10528496114549442,0.1348903364481199,0.07819511784696595,-0.7936327694269891,0.0008854878204928637,0.018814671184538112,0.010297434238125357,-0.7123354779410201,-0.46539109009971386,-0.9089153868601991,-2.623412612530763,0.03396702617837017,-0.8452969280825923,0.15248772882109551,-1.6513442812560493,-1.2056130830588587,-3.6563245865481626,-0.18079851308804878
-0.9973298302900576,-2.4889268113819507,0.1607077521108037,0.0695000978089837,0.26443210659372557,0.1753786719500778,0.06992570687477341,0.09872218155786008,-1.6112193544374338,-0.0009556397240807206,0.0164683910206425,0.27184898422035714,-0.5658501989562198,-0.12760033039908994,0.03971296592514504,0.010541849609616311,-0.4458103719595267,0.24638160049192295,-0.8999027746569093,-0.05041067289672399,-1.7944952620655121,-1.4004260748775577
1.698418536101741,1.0529070731702457,3.6991669734123667,0.16476051250360552,0.10614791033142276,0.08372724203943695,0.06979867379079663,0.39442773839991724,-2.0647400199133092,0.027859770585187325,0.008984647270688909,0.4808052994320148,0.09550308367299813,0.0007849126671764265,0.6641552090316483,0.3178394020301247,-0.9430827934411533,0.7668670396144729,0.38287302470099477,2.2242078404816303,3.3650292560114683,1.1409410859493074
0.3576095033809414,0.8397672819277276,0.010456832420184223,0.25038651617163277,0.41793871573414626,0.20114089708389848,0.08801973232422591,0.1798344201375177,-1.0285406359304847,0.05267621892292633,0.010630549153427636,-0.626213610539832,0.17363932721699926,0.18299973809245884,1.3106535470163363,0.17750322253933065,0.04653698083587678,-0.12700462055425643,-0.5193384719985029,0.5748145598244099,0.5700293150939766,1.631504005761388
-0.6396776700977986,0.2760172549020243,-0.29568387944411223,0.01201552087794316,0.1484227140243645,0.06151531605043334,0.07509138776224199,-0.2623809140245953,1.853197047495604,0.050870114039732954,0.003918769718490486,-0.41287767647842133,-0.4475060002129641,-0.1701138354276288,-0.0203270746495505,-0.5425202005672527,-2.0881808901032053,-0.32624079014227675,-1.1116327745621606,0.7988511171339385,-2.350919488668502,1.5008528977648685
-0.5823483366679763,0.23515043378636033,-0.3403448071047255,0.12115733754024038,-0.0713330788534398,0.1493688951862866,0.07841004255430783,0.23445152815675552,2.104666889858799,0.0554231931654802,0.016039421968174,0.5415202451723405,0.8156824031311287,0.7551681498491178,-0.103811522244734,0.1812226237532429,0.818067997911984,0.43068472821663933,-0.7510133091344419,-0.8396782497608347,-0.7078242948036446,-0.3995973879020181
-0.07592512657635989,-0.28418202441714185,-1.1374964537240055,0.01433390693738529,0.07940720209593478,0.13130790437940396,0.08228288589538403,-0.7366101111487455,-1.817691340628784,0.015476617185374191,0.012331669120711883,-0.7846199805383762,-0.4610535181575738,-0.8590369533858336,-2.421006945079435,0.02629945585596411,-1.2272902942970183,0.16816884155727999,-1.8176398349598295,-1.1263901510801753,-3.3691252827336795,0.13229184662895443
-0.95177105981489,-0.7195477798687134,-3.018349181431083,0.017326019582247835,-0.09523913742960977,0.019148119253057386,0.06525183708015085,0.17616516366970125,-3.5039390162979176,0.0042380714558135435,0.008818750476257816,0.24443900702727214,-1.5309119231493455,-1.862837287511953,-1.3651620308624441,-0.39645379738447406,-0.5421979493753093,-3.836367911082853,-1.383305985085192,-0.5617034371923789,0.26289301167767504,-1.2226469890181042
-1.7077408842433632,0.658991819592068,0.07387970952598702,-0.8996123870133708,0.10369854655969578,0.08694121867216063,0.07793593844794316,0.20249065548988718,2.9710355789260863,0.05568937786614765,0.0071552215489248125,0.9206887508012067,-0.7856279045449965,0.09652348990850676,1.010220066605593,-0.0071072614255179665,0.0019072150984735404,0.5756219782786983,-0.710303580241028,0.5017225833964732,0.10219976219112822,1.6384507999356643
-0.9744914387597385,-0.8488196720154823,-2.669019924024858,0.02598109662621481,-0.08306470305439431,-0.006034731936010256,0.06168051952366154,0.1573118399663863,-3.6966395147531377,0.012065504660912541,0.009208052363700014,0.19845475337506097,-1.5851602152767839,-1.9059317904512854,-1.156927107008025,-0.3945661457524376,-0.04545991371820054,-4.3814959578457096,-1.5418150709217076,-0.9074023015069149,-0.5416259723213593,-1.2384578451269919
-5.264911878071963,-0.9142819798876628,-0.051876919908590065,0.15796644520970793,0.07712222714020775,0.13795499217491236,0.06090228590338985,0.20553342192885046,1.2950448713572362,-0.021977827923601298,0.010038858219058035,-0.45294917300111787,-0.14422801360640197,-0.3402144738555075,-3.043178610150945,0.198966267120672,0.17717711316301926,0.41445265771925366,0.7985549468827828,-1.9685078818808848,-0.8106228518330065,-2.6415652038866124
-2.181826407702592,-2.492502960685659,-0.05525857729672317,0.08255166353135719,0.22374453208157571,0.1866500111807946,0.06678378555201535,0.11281523709513795,1.4721101787199422,0.01182821912254449,0.014009810916019936,0.3179208753876122,-0.4235363568263066,0.39096784272315677,0.10266638424998557,0.12046206545468195,0.3739612644431336,0.32064243789303687,-0.7515261885672816,-0.5539800720268729,-0.7261419428844424,-1.6727532817217647
0.11589429545182182,0.9273092039824282,-1.2530054613632224,0.057853053020234205,0.2023093355801492,-3.243163801478064,0.07036233002486644,0.19847002686082135,1.094048890348467,0.01413313377890436,0.009120588552494396,0.18914977340615155,0.6404616737190697,0.8012941704304228,0.8427106240599308,0.14808858093909552,0.7044850498311043,0.21794083967352706,-0.06018891945954214,0.25337362649790274,1.0646460222480945,0.41046195757258347
2.1098869662665387,1.0795246500617672,1.5959364864185472,0.21818863999630966,0.9246306923202837,0.305023451295011,0.09601093193515846,0.2771551646259882,-1.156158568798587,0.07596813738608305,0.022037695072410587,0.6490667290967523,2.6001724109793427,1.1473523085918846,1.8567339641242593,0.2882502920101153,1.2176515557592547,0.95611588057822,-0.23046829404643243,2.300735520983914,1.3606438278902286,1.9627447320734304
1.2052251322461407,-1.7016775229495547,0.39587535725395406,-1.2033536815131423,0.1774072260009613,0.1912080996078296,0.06100100332710286,0.1699863300174631,0.9466021348375099,0.04486047760857144,0.007856937209091768,-1.278952117613488,-1.0314967484829716,-0.14746687039445927,-0.33959652519715455,-1.3145381253584794,1.1721676052538166,0.7267124031563891,-1.0417519850104309,0.3081294321488754,-0.6466107147814709,-2.47790277904488
0.7451287786152505,0.6817376734450736,1.4666061688477667,0.10050812514909464,0.3115712759381059,0.2809689831771792,0.07765334374561006,0.17863602047647636,-2.08146915676784,0.009452485715891225,0.009037803446200164,-0.663288371474107,0.027355174229269016,0.05104664811830646,0.5292412160215157,0.20575921086724078,-2.977057174563607,-0.03593087639693749,-0.8141732274198927,-1.096976536080363,-2.187006860064206,-0.5079162680197474
-1.3491830689449456,0.554502042492412,-0.2393220707529836,0.025686698937963517,0.011506256127875349,0.40826104868585505,0.06606184455277145,0.19749922065245526,-2.5801244984976957,-0.15061398387961875,0.009419583993340147,-0.4951261803155833,-0.24593306135222948,-0.06312446154253615,0.6531997740137285,-0.03221052855514175,-1.9909237789506984,0.33292193153736405,-1.2445316382757672,-0.7389056333372841,-4.1008359340927285,-0.21325809335571405
0.8768605137436811,0.18559920858947465,1.7882258328462357,0.060646768010584065,0.02094655957898432,0.0596747066503053,0.07780875431857967,0.3790069789676889,2.4984158143763673,0.045663899802162386,0.009308658533552476,0.6319576925158658,-0.10991716769341102,-0.026554490510911324,-0.3577258202793469,0.31003496353430227,0.8099806119505565,1.69051478673589,-0.6858838302612923,3.900603300569888,1.9726141324581499,-0.9473495048304929
-2.2462529996546348,-2.506522095563955,0.028558661641601018,0.0820094236590528,0.22374453208157571,0.18688563383841172,0.06471755912604157,0.10538182440598884,1.5321019754807454,0.01984479276759466,0.014009810916019936,0.3208710106402439,-0.4255952246403088,0.1813550534417298,0.10266638424998557,0.13042701383810373,0.383767564887608,0.39414376623805863,-0.6814603773908455,-0.561128374240806,-0.7200302833823644,-1.716167626054043
1.7952945250183325,-1.0637392266583732,0.8890115308386083,0.12728019405628793,0.5337935628015213,0.3312447320158053,0.5886962478645255,0.23627719593812926,1.6931820186426794,0.015229188053019527,0.013946295126809801,0.3308970173251524,0.09550575727556043,0.6010974771252772,1.5629490467339269,0.03035445888460722,0.6996312943658867,0.5945935796931187,-0.521897005218992,0.91556909339568,1.267665712263472,5.4358387216985955
0.570021142354586,0.23995312661003343,-0.2658394403831015,0.1466736242152467,0.07626850862228975,0.10059148608538034,0.07819010561216255,0.29273872176840454,1.8266318098266492,0.031518766144557245,0.00659749837414471,0.5217486647975554,-0.05220420915852163,-0.1285374134828227,-0.48923513272118324,0.18158767361337974,-1.0143541890239012,0.33071814504655633,3.1625518762501685,0.19109945580081686,1.6495262976735183,-2.037248441104057
-0.774527597126203,0.33595502747970624,-0.07743354329494584,0.13909551955904964,-3.5064814047828747,-4.518850241861558,0.08951094149831741,0.1125573840065656,2.0872143415002786,0.03213335832244695,0.0060933646716011935,-0.45024463382379015,-0.9021121777926825,-0.16811481109758492,0.8727134624115589,0.10707713661934981,0.16392610870374172,0.50575977723208,-0.2888352336300444,0.73183869380672,0.38551333508761454,0.7864016798320588
0.7117587086392569,0.4895444042823033,0.6897984700529575,0.028428541156258955,0.15311220379243168,0.21492658566182204,0.07483735437231542,0.1530508925669939,1.659385081268169,-0.0031796715206047505,0.0068304333618341906,0.19446088391754426,-0.06946362684835214,-0.7005700172100715,-0.8113114498397447,0.18510590132939958,0.39881397574289185,-2.3889101679673033,-0.6957387702998709,0.618813205066178,-3.2361682827117564,-1.3434356879914355
-1.7528874925768503,-0.05483338214187048,-0.34792939057748595,0.029280582650497388,0.15978691885671348,0.30727019559051766,0.06423627854269323,0.15399454897165027,1.5280421676774807,-0.00532075668742181,0.008232456381744331,0.4822553272862925,-0.06558376519318876,-0.05862599824951748,-0.047917248022938175,0.10420066856070759,0.14031120852133827,-0.6597707964150299,-0.9323889504564726,0.4299643114549085,0.8675345894243934,-0.6252023760235024
1.760987246634701,1.196691629669917,1.8195219802369245,0.16727132158946537,1.069507836922751,0.2904873594384141,0.0868741540886491,0.2652695186660288,-0.9531159767053617,0.04293665429638049,0.022037695072410587,0.65365960067699,2.922129977235344,0.7837485265145758,2.0152089042573516,0.26476188328482364,-1.4508192277537288,0.8707088764210977,-0.5016323858569002,1.9744646980936837,0.9150897281453283,1.9656444077297632
-0.9094284800199924,0.25403207791694826,-0.3770779929178967,-0.021164751788326566,-0.000532978817843702,0.022917907125464706,0.06248269149092245,-1.4734440278781573,-2.330045213056098,0.02540263583093581,0.007657786344660449,0.38622225195892745,-0.26128826931936244,-0.3448773585653067,-0.5918891650083195,-0.05463162920540835,0.2965017055017323,0.386577084422032,-0.4592971392454155,0.20633477521988106,0.23275808709368223,-1.1487820213399333
0.4653017560100145,-0.013347438799096178,0.7526969197227183,0.22509380300453433,0.1452368855898561,0.20279033231753188,0.05343751950123347,0.2444100898331641,-2.765644137008674,0.00363618161118194,0.012271321587282303,-0.518839464996139,0.016149522050138625,0.3906961073388206,-1.4144142991408493,0.0359724208946039,0.9003542339322752,-0.3809338723147539,-1.6632429651894822,-1.3336913664380052,1.0948455830744497,0.3756887626836316
1.3509143670934405,0.44425271169111463,-0.09719993070422481,0.15377266742504755,0.1688745228626085,0.09942526807870046,0.08355670166287366,0.25039882024189863,-2.6484044724691076,0.031575719386492195,0.017525832655483874,0.45838983329470906,-0.14837583215261732,0.459191310372918,0.791218498737124,0.06046464080321011,-1.7353952947640667,-0.2000439120362366,-1.1885661042841436,0.023625013513248423,0.16506290058063208,0.10116185326578166
0.28364496317829435,-0.02123028220711494,-0.4304418332030341,0.13236656532543362,0.05057705956710255,0.06243754483548486,0.06759412732305481,-1.4187576482964077,-2.343030517325294,0.027457028561126723,0.006653723174911883,0.4433213789554215,-0.14605932495179724,-0.25490757457026036,-0.4536427969465554,-0.09347861770695085,-0.9739745762356905,0.40740481259839917,3.5558496586363297,0.15110733066371718,1.3807944862411203,-1.224974745765694
4.275506110411537,0.9640441707714755,0.428290213276939,0.27112635674250113,1.5087251574498755,1.177249481627598,0.10133298587207824,0.17524869525662742,-2.00199023623392,0.04957302855185474,0.013089129258050202,0.011034773821790994,1.6474509357900307,0.37749457561550553,1.1790009745720609,0.5180458265473411,0.49259596991166615,1.0275220570082217,-0.2811614867264535,0.7581748945645824,0.6185459003911381,1.5233072756734345
-0.8066640312365537,0.2688110456373811,-0.29783702048039,0.017215338474223886,0.129984556386482,0.0628294566767081,0.07310515620947816,-0.245317593322964,1.7640198171720494,0.050870114039732954,0.003741789939061681,-0.3876138787192115,-0.4218979195550205,-0.21465789773689628,-0.11101649001250932,-0.5471125271564982,-2.0468137560817414,-0.43877272549628726,-1.1418283013573713,-0.25140477706064285,-2.865615158641965,1.2579675556074528
-0.3474475603284245,0.7828531253115674,0.6462194388101412,0.08953685911124729,0.20727482727149615,0.6659564114890852,0.08999491099958064,0.27145825603371204,-2.218661470083597,0.04836360956971852,0.016551740080734376,0.7052205521445464,0.6947462516808166,0.4890043713349055,0.8692452838433177,0.11312730750830152,-0.41613692744667846,0.5451486344799403,0.0384335731297636,0.3103495788645815,1.374993242592898,0.056852177723491965
-1.3438008379676953,0.38177424933300286,-0.042896339781073316,0.1055144891927333,0.008463931906410385,0.0855432632214244,0.07859072558948237,0.274461045405076,-2.254209464686802,0.04131307643026488,0.016551740080734376,0.4787391148943988,1.0753461643452764,0.6518685600015455,0.8862128288001377,0.0917981790880015,0.6919286764147881,0.46948657112029735,-0.19394226654023736,0.3847427021684629,0.14383325074926806,0.02075654944854529
-0.3951437577126858,-0.7443160458130933,-2.493656263295719,-0.05801219991091422,0.18778028658839702,0.12245600375051949,0.07164634354462505,0.10797581646471396,1.3369767556350853,-1.0714135403459701,0.006671598785241118,-3.6935618687195473,-0.13559816026207225,-0.3398426510119026,-0.5011787430182421,-2.03320854528605,0.541642001953145,-0.07580898824769461,-1.6868010364005404,-0.3710468665760794,-1.5393072223703663,-1.0410763172609387
1.1046675607355492,0.9143822216925251,0.28146612838666707,-0.2369412696219469,0.1742102587813562,0.08187983427991917,0.07361753588231866,0.19272147765580483,-1.8077502683070508,0.037377051587103034,0.010443323170906581,-0.26864198274799483,-0.41791272217461595,0.10705013587291877,-0.27925455134454913,0.2527248004905432,-1.9533402001676814,-0.03652112363119431,0.9188721969172283,2.0621887769781067,2.462718102607144,0.04621229141284905
0.49369898948286184,0.38105863745636565,0.23872738856908526,0.05976209878160433,0.12617876276030784,0.07907488376926115,0.06778074480643034,0.2674975499078786,1.5068795688154812,0.037990522560357724,0.008106956869636757,0.5903874764011874,-0.09523104451719125,0.24297341271562703,-0.6976799680446135,0.29266510406692153,-0.15464427989462617,0.3094627553572508,-0.8685970315406072,1.0051526777672266,0.8167192484417247,-0.93674261501286
0.5189132906379641,0.510950410304834,1.0224675036570108,0.06706304459124586,0.04281030008187994,0.06468150218753185,0.06581908997542839,0.23138672763502816,2.1592829226011445,0.08808175442815355,0.006875879352013057,0.4854782244566842,0.09702644215258309,-0.14736229540209425,-0.17193397031765348,-0.04240657234133969,0.4687718959755894,0.42909935654942194,1.3823736886420122,1.1346428327202553,2.2750160106007082,1.5526458314246645
0.5561058794217718,-0.7598374269820378,-1.4972713549289605,0.024080207590579907,-2.766906417197819,0.1653243740593798,-2.3091851369966467,-1.4734977095114103,-1.8216200381266334,0.02290273795899596,-0.8999621593257452,-0.6708861377407028,0.23706405422707894,0.11112688688573975,0.222770576282584,0.017037215801684595,-1.505819856861048,0.08197189392553181,-0.8933414886454565,-1.2560660212591794,-1.5283143463640931,-0.8872295643293636
0.9748739269041856,-0.3472058591799861,1.1079225106205193,0.23460551024469745,0.17769374367782448,0.201992197790182,0.060088274425739344,0.28668403821852095,-2.5100901901294708,-0.006071569669711016,0.012028924399738692,0.3196373357087369,0.13964050946240625,0.4304250283546218,-0.6308902945918555,0.09740187250762854,1.039318988010274,0.6739300068157074,3.581797733474089,0.04440723059385682,1.2237342958232449,0.9363846065818627
0.07717376992202751,0.4297318738540138,0.4097197098801009,-0.01971054917102301,0.03644444315916728,0.06678295612880467,0.0683855569106094,0.19203358879827648,2.2505208893884237,0.08337384536008505,0.007350701558043678,0.5578360991222394,-0.23084255482025898,-0.39843235859193693,-0.3975234497460218,-0.05291911450391837,0.5831385946584466,0.3713870813944711,-0.6955350026904226,0.5223056172977423,0.5317504843457471,1.2320134661057391
0.6988510171989814,5.097758914407728,1.1733921243961813,0.20162302952010108,0.6429604030898233,0.7462005743269572,0.05867143569390183,0.2580672608572169,2.1383799858731516,0.08707676522470778,0.013865349862311305,0.10580644473853779,0.8991229142600751,0.558394529297412,1.1475587470326267,0.4958273498811995,1.0359088306675892,0.5987953949719073,-0.4850638792745626,0.43263971443982285,2.166828749891104,0.018064462649213724
-0.3661599643853904,-0.05336909656619883,-1.7539408382166457,0.0660096837460324,0.09052700083276342,0.041534487696820596,0.0716544419688734,0.23900791092899176,-2.7059689352021308,0.008684374130596598,0.0065918226999519824,0.674433086988428,0.47416743790137983,-1.0913867939424708,0.09696416552285685,-0.1473247026542226,-0.8069760269983766,-2.2819266421784667,-1.334874016737349,3.2313689824215492,0.01681391697362177,0.9200495246237463
0.8640704056398691,0.18559920858947465,1.7882258328462357,0.060646768010584065,0.02094655957898432,0.0596747066503053,0.07780875431857967,0.3790069789676889,2.4974924458932932,0.045663899802162386,0.009308658533552476,0.6261903002986081,-0.10991716769341102,-0.026554490510911324,-0.3577258202793469,0.31003496353430227,0.8240189509458012,1.683967879514477,-0.6858838302612923,3.8698351102269735,1.9726141324581499,-0.9473495048304929
1.9296347630536759,1.074764215823715,0.9897987620505907,0.16481233617234728,0.2672736389471503,0.2754556015152578,0.07854495178637745,0.23252065203866398,-1.540026991602092,0.024167004753136503,0.0072721850519011574,0.7039270045949007,0.18599474388800386,0.6595937890358758,-0.8223087728596361,-0.049124689327792834,0.30082728287123245,0.8851702648881075,-0.042250254363297476,0.7220248392377626,-0.05227289105190504,2.334181109025852
1.7038064566835205,0.9079890505994909,0.8509873040106641,0.096221583240111,0.20563012052327995,0.26153158178358954,0.08056272773046123,0.23854610627818507,-1.5312113320022687,0.01985785190239131,0.007035474485488892,0.6487425727503169,0.08010456982182616,0.5411261702236623,-0.8556205866564215,-0.10196422170620321,0.09978541686527155,0.7653037500605269,-1.12353896641659,0.5607521919570861,-0.20706432210336415,1.1745583833703006
1.1344781863355522,0.03637953788327533,0.580320025963042,0.1860456946694126,0.18737903932363378,0.22949802649181494,0.06316763406507657,0.23662966084892095,2.952201312983259,-0.006955686324351782,0.01166308934505755,-0.27815869425124695,0.26030247725596645,0.35398424038910653,-0.01495112278745378,0.15437056084843984,1.0974687489556816,-1.0920269477661555,1.0955324852226986,1.4808862780714835,1.8510883817000938,1.9839871765913988
-0.5245646307028932,0.3725085285786485,-0.050496143987439186,-0.10976028639777223,0.15623269864871472,0.04498414601623209,0.08096948289290444,-0.2531614051709707,2.1459356929915248,0.04936982698776746,0.004205165727527841,-0.3335265185890195,-0.43242307261682367,-0.07487872109184629,0.1839338245351511,-0.5010647855736758,-1.5458414826265017,-0.14600256509632265,-1.1490573185553812,1.4812557631414427,-0.1401622158725758,1.4750153585792811
0.6040324066598467,0.7456321547728326,-0.8596523500541852,0.20093812235881564,-0.06801340552577226,0.22028162995404146,0.0668732462112543,0.2529545546486029,1.8358893042558129,0.013217197374860209,0.01397465342794282,0.1571775948535725,0.44789833040539345,0.16419649707573564,0.9269079252277593,0.27779587688441765,0.8345402748821084,-0.02156158376989766,-0.2509718214762832,-0.4982645927116412,1.565971541228169,0.21625631851745608
-2.6396355618240652,-0.8671370994988765,-0.19902820575698674,0.1414884640397753,0.1801210100544391,0.13283987588457027,0.07043119165443824,0.22794926243832583,-1.2868365188292372,-0.017165785269241056,0.010190017869257708,-0.3717540641827793,-0.36121258486149743,-0.25080179859714624,-2.625123727138787,0.016240268941399304,-0.5643438290729854,0.39309686835057644,-0.5168211864143699,-2.1552793953832254,-0.5300914749568526,-2.218427515895193
0.8282118265612318,0.1898116780383375,-0.27513873331227245,0.14206343025709198,0.09806235651969368,0.08263271021569817,0.06514566552542606,-1.2299412034240094,1.9142725039004405,0.026843941970710588,0.006232635850870691,0.5078350875421865,-0.09532417582013221,0.042485826609238116,-0.3866808039405375,0.10933872635703305,-1.06373099721825,0.3496297518127774,3.382155790084235,0.21677819046552682,2.4278511390107522,-1.961273753604775
-0.7442567484098935,0.3210789680860332,-0.08592514355475948,-0.1691346335280266,0.17652724775255227,0.06881809676696848,0.0805633539191365,-0.39123007891648326,1.6213028811640253,0.05703967755718578,0.003918769718490486,-0.5647252434405085,-0.35178797465878076,-0.049162907690932886,0.0829634262176611,-0.505525933699707,-1.825071102280401,0.5439973029761512,-1.2117204193499382,0.8642457528822344,-2.0447015673925346,1.4561823592753838
1.2215517258941588,0.22988742234593085,-0.5424312523696021,0.013893681467585486,0.2657991069076491,0.17813587671025333,-1.3071008206919914,-0.5692930126436148,-1.9276906197202788,-0.013882861963773745,0.010564095845855671,-0.13215382140686996,0.08995746081465816,-0.2389713048765997,-1.132242292123532,-0.07959655258951086,0.2314085471960298,-1.678234576499043,-1.4753433632832522,1.549628316070911,0.5984695399422362,1.193552353471281
-1.729512073658233,0.7013223051337569,-0.2633138058979913,0.05974640928773063,0.11383172944062236,0.13529200673643668,0.06449392754712094,0.1518447597779418,1.3637585476149832,0.020668555386082,0.007201828837373556,-0.5149079988217412,-0.06884027233195472,-1.0162141977055765,-2.0661970047581657,0.10614292332432017,-0.21201317020569618,0.46329616922694444,-0.9873001320692721,-0.8748074058052014,0.05275838577906972,-3.225769642771202
-2.088762439569954,-0.3678188362992222,0.30141482570221023,-0.5464512718042012,0.1284334225400765,0.010970491981974783,0.07481341884007428,-0.5459236513763431,-3.387411782061911,0.05617089778985524,0.004714986039951188,-0.3577634015650652,-0.5857494227273663,-0.8710888295328594,-0.09420152938688266,-0.42595022819012685,-1.2502860127729372,-0.5255504345556081,-1.4913255692851732,-0.40460842150235615,-0.6463876919595862,0.07995752662931505
-0.1754206313495236,0.44796566983555774,0.18597598370895574,-0.00016772950418363314,-0.005420278441738608,0.05043324984066956,0.0741486411377086,0.28964607008354454,2.1384622356262466,0.036348619091321,0.007664139705857357,0.46581769431662556,-0.07811890611687923,-0.5736108141760206,-0.555527092803687,0.19719589605541277,0.5435472083865187,-0.1360494822632096,-0.6014811308226425,0.5919144124020104,0.0947937438035926,-2.327948931780406
-1.6382029519514554,-1.0146677385467995,-0.3926576588462003,0.15639561560862725,0.20668635923898268,0.13259717576135505,0.07720836365810965,0.2237593579048709,-1.7408411328107436,-0.015807091755519004,0.007311556782712451,-0.34782543731127324,-0.23825485587630935,-0.16824993457872475,-2.4353591877839795,0.086550264395214,-1.126108221758934,0.16284981379421024,-0.45454286624556445,0.3938626825816927,-0.2505688316096015,-2.183303657019811
1.12186030035401,0.15242524893597884,-0.36199259664049654,0.13322034770546862,0.09953875094585438,0.0930191224396431,0.0708377932786205,0.23942442950563483,1.814343661103992,0.033170255213580004,0.007118502706189576,0.34416707112467826,-0.20245722364860225,-0.10783345044344814,-0.5295518159331813,0.18702656457444206,0.5531864005726382,-0.35547696442920323,3.129613154371997,-0.27576230692633635,1.807271076831206,-2.286753666481204
-3.606459868030967,-1.1614881282299865,-0.17524259093068645,0.12010298422153452,0.12785602597735718,0.13808403404322703,0.0680911283567657,0.16107093006922932,1.574681053464601,-0.00878569320772383,0.013479226056707441,-0.37748353999533085,0.06700625920626474,-0.10349780404525233,-1.10148143972358,0.2817499320477896,0.4439436763248744,-2.1369920512777894,1.6199203547576781,-1.1373910958744269,0.17189975372699115,-2.388817575903092
-1.3491830689449456,0.5539340883195176,-0.18436064637330343,0.025686698937963517,0.011506256127875349,0.40826104868585505,0.06645737109792679,0.19749922065245526,-2.643301389739141,-0.16086560139825556,0.009321298492480064,-0.4922089225441679,-0.24593306135222948,-0.06312446154253615,0.6408441305114048,-0.03221052855514175,-1.7538147149434877,0.3366828112794551,-1.2114478599343863,-0.776364981932586,-4.0763078103766865,-0.20418054266580682
0.1718436058949474,0.5680246615116586,1.1657509494202931,0.011032794663247506,0.06424298623597391,0.08840807232189497,0.07108913806492953,0.3219316896866701,2.243910112081648,0.04023070265459129,0.006553434095344125,0.48131404350075924,-0.012937617207285878,-0.07259756610249624,-0.25476085797595927,0.033972792038902834,0.6055355793744486,-0.685674943043995,1.311188556395402,2.892449300054699,2.238828627583269,1.3370364374998929
0.3576095033809414,0.8397672819277276,0.044497391252827014,0.24677936441600767,0.41793871573414626,0.20114089708389848,0.08801973232422591,0.1798344201375177,-1.0006633719447406,0.05668256545847821,0.010630549153427636,-0.6256645266614239,0.17363932721699926,0.18299973809245884,1.3106535470163363,0.17750322253933065,0.04653698083587678,-0.12700462055425643,-0.5015911345315367,0.5748145598244099,0.5700293150939766,1.631504005761388
-2.771912248275042,1.200057365816144,0.6571687992656678,0.18291286162860798,-1.4959546287639498,0.27640663074674304,0.0852624900275966,0.18863790761047727,1.5534474392258653,0.02707172406125689,0.01578328946701245,-2.213484130831357,0.2680569541345071,0.9289494136881742,1.6454267460438226,0.4748116547062493,1.031830632765414,0.29672361026807986,-0.20882409704345287,1.8432399189100694,0.6454686655505499,0.6585634694580572
-0.49112735528557033,0.6294414168244608,-0.18666455502038215,0.11653820868078035,0.23926559418188506,0.22239334930249868,0.07086088860892502,0.14907045263807583,1.5220873235366472,0.018706484319414882,0.006206199184142908,-0.02094537276051209,0.05025977056681455,-0.6431878596920243,-2.032588178503863,0.07409561796516911,-0.128034979983486,0.6584255396176083,-0.29869509759711566,-0.11460652393805346,0.10987470071572236,-0.02709681614775455
-4.693857001675594,-0.9384318728848298,-0.24362796135953946,0.11089722098284349,0.06525211096884756,0.13884786172442848,0.057895501963552365,0.2087653101674307,1.296478006281982,-0.018583961789337272,0.010038858219058035,-0.5351206779358457,-0.14272540038177384,-0.3615977241672325,-3.081935124401147,0.2124768185146765,0.14637890498837877,0.03151599889150765,-0.8624389773728222,-2.85714282875378,-0.9087490090537103,-2.6456468324798736
-0.37815474501938173,0.41580219418107417,0.2631338298148013,0.01637311702908627,0.06776506989192552,0.06957503569217775,0.07066672006435595,0.26580650714022447,2.7020442869743775,0.0382925088990868,0.007417558188816942,0.5872143281580583,0.09447767451989783,-0.3437299139195801,-0.3617188535912306,0.06492605254298178,0.6994447929446811,0.3262089876808394,-0.7442477594709668,1.3223341781353577,-0.8234911241453359,2.035116017081099
0.608398695794224,0.09443362296812367,0.6728804765325387,-0.15049217413288662,-0.020807581371376362,0.0578118921819964,0.059290953679210806,0.20916861263759742,1.8851411556740605,0.09127014420232331,0.005868464991548292,0.46345403623988807,-0.38640347082286713,-0.04885472470724167,-0.3202988697268726,-0.49583145581429194,0.43341673259030805,0.3262832760775284,-0.21790948388399914,1.1684786184871292,1.2571016908888974,-0.4367342660272931
1.1062726974712418,-0.48960120588608996,0.4143292095205494,0.1560695139955702,0.1186506095304251,0.19085409498025982,0.055634875840620386,0.2755175524719246,-2.67516485260033,-0.01165922840337746,0.012028924399738692,0.15996465793997006,-0.01028443922760282,0.20987846178276934,-1.0620080200750561,0.11231086250501372,0.8083371020247918,-0.018414127976833738,-0.6394587203246325,-2.584094464441967,0.36103376371499785,-1.240221685214994
1.043596951673355,-2.001181196768852,0.7141854076501154,0.10164824480789768,0.328527437234172,0.17809140043558944,0.06060815804807763,0.14284448349415313,-2.5860129122912863,-0.007420955535495518,0.010274272169000042,-0.4486028117944529,-0.16330695172078763,0.1556304628475198,-1.023109025432713,-0.2271643691718671,-1.9915421148490735,0.4979761928175309,-1.410887929745437,0.029738392252065805,0.093498276331075,1.1490921184535943
-1.5841503974638043,0.12131596916169425,-0.24254297120499815,0.02995925570133747,-0.07388652132016905,0.002827127702307093,0.06485283851862726,0.3405924480953431,-2.8728249815140745,0.029912112453366422,0.0073831467093788735,0.34409369361272407,-0.3537122121676933,-1.0669616026926603,-0.9816985955981061,-0.1287395651360256,0.6012887272377858,0.2867137380632114,-1.1589084260079228,-1.4071931263788044,-0.580508885268577,-1.699683591160045
2.347722899113077,0.8900362621188023,0.7049736376315532,0.19871180122498944,0.9089478996050543,0.3816322793488767,0.07844163796300595,0.21151377652081305,1.9321334366418024,1.0878420771037884,0.018128198699797524,0.6923041557681753,1.8179982852140257,0.7560800542299171,1.2065758912276954,0.4727208659906243,0.8023182551746221,0.996736286032492,-0.5776389542948523,0.3888616573806569,-0.35953286704802534,-0.37058734236336277
-1.6084506635214264,0.304357205379177,-0.07896391722945068,0.07223168269641786,-0.05412944416034832,0.08865376537373024,0.08375148460270619,0.2775450872335613,-2.3935531870679454,0.038410408544387646,0.014487063772850528,0.5025850580543528,1.0790380895842373,0.35611016350596575,0.6101740071678351,0.04841043333181553,-1.4952699622809291,0.4398448799170387,-0.05205596505012294,0.2804134790656692,0.053989743588636604,-0.039693622129992015
-0.4868398373646323,-2.2536574315051094,-1.2585921511744582,0.15775660625106197,0.22623659474146937,0.1012246490723952,0.0618367128632557,0.2073351862259365,-3.1284693514348296,0.013134265801430225,0.010859473143858572,-0.4462305885157737,-0.19694687816703732,0.08845712722955004,-1.6060498240867715,-0.15207847293487467,-2.100644767919104,0.30872652282246116,-1.3278146334529575,-1.7960839890997555,-0.10907290147097377,-0.0299133799242571
-1.783384334556618,-0.22583521964348746,0.4112507781057118,0.064838044225452,0.06210837478074231,0.1908361091455892,0.06955823676689003,0.1867861653950404,1.3691838291364005,0.05087752303647905,0.006356428413415381,0.6727089902923301,-0.1693387196500924,-0.1437292720981614,-0.37003880480726,0.3316264175025455,0.07400310704472339,0.2578797272661149,1.1790062548701727,1.4079642085606445,0.8895719218864409,-2.4277418868988145
0.5280130137825017,1.1385610610308046,2.2730593196960998,0.1582493182437652,0.4362440224628847,0.7394672178069261,0.07327287235830049,0.26251148872562746,2.4658050100441735,0.058453576346616035,0.015130211065770052,0.7813229150668928,0.7471438399563682,0.5002481351569676,1.3018515265743034,0.4052283569444477,1.0230005170322602,0.4749022280316445,-0.03257891421965023,-0.054036601298123876,0.6077286236075883,1.0115385972776016
-0.8507365836156112,0.3202478319899261,-0.17976317190987812,-0.16435519239763252,0.16543017649537375,0.06667327438863524,0.07300056892717803,-0.5137552559804157,1.383255123752082,0.05665844782974793,0.003741789939061681,-0.5280551452681904,-0.32617989400083713,-0.07381105568010345,-0.09786055737954166,-0.5166076905592686,-2.1991715504414824,0.4414206771706321,-1.2005652296911078,-0.11641876280201834,-3.4519074483541243,1.1489467085885243
1.0244615598945697,-0.1674816545507635,0.12709276688616108,-0.21135720736714517,0.26762942993501576,0.11375324300075985,0.06712176027153628,0.17477950924457406,1.3652709925029407,0.08693553363252277,0.0066294948830704255,0.7496465593756981,-0.3172835000782081,-0.1329051839381984,-0.4783959227757226,-0.4400572387031913,0.41544289180740734,-0.8506532403613342,-0.6713317490305797,-0.5851360558347104,0.08071957319515133,1.293251898834351
1.5304902031512706,-0.46591638271146985,1.3138813269939773,0.19420215724416434,0.12282456635066501,0.21697605585773375,0.05165082315675257,0.25502371475426727,2.599199869328095,-0.02184571319174104,0.011634591170411403,-0.16733853295319184,0.13337712360340692,0.25328595380243324,-0.5536072584374924,0.25845248819820615,0.830195025085038,0.5405575450702459,1.394068763205246,-1.072433868683115,0.9467316419842462,0.01539249069539941
-0.7154771768688056,-2.3716047412738264,0.3608967674451854,0.07499176185388266,0.2564802667060003,0.1685254316556662,0.08240361305015244,0.10204969427374197,-1.5842176964833259,-0.002564267127134386,0.012826526994822717,0.4122537881679611,-0.5214277654133741,-0.13835011626886984,0.08947711430547176,0.07135922137167118,-1.2014864781112522,0.33103479303917266,-0.8405667121508203,-0.5522301076990039,-0.5958588366178937,-1.8747774428445854
2.6948526296207915,0.015973974570679353,1.0758381195863467,0.2547695690355977,0.18444564768672972,0.2657617251889119,0.06786795907133934,0.2915942201976902,2.19239641830856,0.02866354516628601,0.009153073623993584,0.7238911195432066,0.1343943783028791,0.0662731396507697,-1.6101483661721159,0.4233531099535819,0.8428103545271216,0.6317349606334519,9.863969185662805,0.335582800963931,2.0071793642483335,-1.671024076331465
0.15617528596516525,0.21527482426238434,0.8236919497792828,-0.6021165251216908,0.1328137918056412,0.04670849525948179,0.07223304922826905,0.18455748029747468,1.5778992678595034,0.0719864538702909,0.004877118878811134,-0.1788483995356873,-0.3603166025059547,-0.8204155284578406,0.022890990997550948,-0.5132049298276262,0.5437524903088322,-0.13201343711269284,0.1867194840131473,-0.8529279397819733,2.373582857353048,0.8425841348873968
0.5615962452800322,-0.8917318787430315,0.9061096838621082,0.10352161253900204,0.08056430671815808,0.10900601107793581,0.07800416477814308,0.256842473646135,2.166302701889811,0.044560704970953234,0.01273284638540523,-1.4253932700127054,-0.026598629069065897,0.28538043672845187,1.1659928407022904,0.3796295020929216,0.992256186908202,0.303763898076718,-0.41478543143391433,-0.0013105556489632652,-0.16654424594136447,-1.3402786457037323
1.1854048129787127,0.4596846921316568,0.25672038927095403,0.17807370754560842,0.1541904597735255,0.08974511454486629,0.08137410943119978,0.2397065885189759,1.3422161823852987,0.03656926364238645,0.007507011212218169,0.7127385832950166,-0.12748517841844925,1.088500338898678,-0.5315382046944509,0.29694837004635827,-0.011890326303277448,0.23081573427834248,-0.024570614657547764,1.1399275332977616,0.6915563931123805,-0.6488749767232562
0.8028865601551032,0.8069910542879204,1.240567217470838,0.44127119033028417,0.05394615547645121,0.10890280821263003,0.1500367970235896,0.2201266867740654,2.3848955756183132,0.08880783618384676,0.005769315799066868,0.6422186728372092,-0.11531742973076332,0.10279220601279132,0.43586670513487613,0.9573453545659417,0.393352046846187,0.7412243363737282,0.3290846575426263,0.053483516375159516,1.286871244274582,4.285717310015096
0.7622703132482938,0.26441505654571623,-0.19252582759610587,0.13489041249204592,0.37372120859992125,0.4321997709398034,0.07161730702034835,0.21544861529217443,2.340552552321645,0.0013637343750761612,0.00862175826918653,-0.12619129026387096,0.5117420627421562,-0.06704439032673959,1.5502445668845788,0.08526593084429053,0.36356280111938144,0.8403427716548224,-0.20445909343346097,1.168076662394205,0.7433201357610189,2.1773104586508936
0.4017748251336262,-0.08289699909932582,0.4786568400292175,0.12989776818415646,0.09655699237097812,0.17389312207005952,0.0759948311372682,0.22648182491513155,1.543701160130451,0.20138361118727338,0.012752229359540656,0.4848118803753307,0.017612359520074672,-0.2330800462350569,-0.12581870504223727,0.3940388922689181,0.6360445060199311,-1.8900221354336377,-1.491214438775805,-0.32781460190525263,0.8255073976989883,-1.510205032382436
-0.1474428191327405,0.7346811047932269,-0.1195801780464662,0.09612616451432941,-1.8360257709567596,-0.3516649749017913,0.06510018311325472,0.06554722480448252,0.8865747387170921,0.024848776704768035,0.013372606114601268,-3.464543552554116,0.07280247058036127,0.2004827780193147,-0.4677100078319166,0.2953774042414681,-0.17907128933425098,-0.3543629997152907,-0.648582748986764,-0.7100863395330371,-3.963779216319739,-0.6817146194764128
-1.9001317659644767,-0.18992677651763698,-2.045522290059115,-0.0519300571230423,-0.06202771686897942,-0.007390144674104391,0.07630006554949713,0.22020151035819563,-3.4379195777087763,-0.0014981259309178713,0.007666345157928361,0.35867599100134245,0.04072743656309627,-1.4701912333963205,-0.33949571391610195,-0.1507511592301525,-1.09748793261303,-3.5886647179769193,-1.7401848552161112,0.1314289838686137,-0.11803085898264684,-1.3389084619681932
-0.49112735528557033,0.6190352006586937,-0.18666455502038215,0.11653820868078035,0.23926559418188506,0.22239334930249868,0.07086088860892502,0.14907045263807583,1.4294689314961495,0.018706484319414882,0.006206199184142908,-0.018667181276969074,-0.006996836216402742,-0.6431878596920243,-2.032588178503863,0.07409561796516911,-0.12355841603398283,0.567610832907608,-0.29947714677020754,-0.11460652393805346,0.10987470071572236,-0.02709681614775455
1.1139988568893497,0.47592278552065664,1.1547555627467139,0.2570903682373759,0.330702683018523,0.22630437864982916,0.07657652671561736,0.1752472186640099,1.4634865938274315,0.10578734642629385,0.0063357360365807035,-0.4335048754391413,-0.03477302817972229,0.43511394373360945,0.21628885931589034,0.4830877165187993,0.8083956381325644,0.3971997615218943,-0.36077460598595157,0.27672854843737177,-1.4293210463646573,2.0764001451458283
0.1129643692639851,0.1646332878353137,0.9603279283427512,-0.08703341485775808,0.00769712392102153,0.037722309769854155,0.05995638174195724,0.2642889619358351,-2.081987316194186,0.07300758932151573,0.005781745726225668,0.47891532047336666,-0.20538726524571155,0.027807405636457155,-0.19651151674068734,0.141125701916627,0.7061307526230379,0.4773671271638365,0.8842457372225871,1.1931657656552794,1.3324634512490172,-0.2738649199198127
-2.3480301879535417,-1.0825362701352206,0.8040231258238231,0.0962239495328209,0.2528229351154263,0.1790857558546811,0.08576681794820677,0.20414784330613764,1.3826372414545849,0.025255378408271335,0.011217190598704695,0.27911086225525955,-0.2561943003268225,0.21273726828004827,-0.6558647253908607,0.15985840189147818,0.49361888193948483,0.14865528315327228,-0.7883979423831347,0.43509121252910044,-3.0022218460842534,-2.394061362401037
-1.527436436878794,0.076057917967077,-0.4253143525010756,0.06086417924772918,-0.09265086885315257,0.12294979740737008,0.10377362819043714,-0.1483641724127961,-2.6761440053906864,0.03325492610598694,0.011457618225430675,0.555381343014538,0.9871115822003879,0.5449637485246595,-0.005362187941269443,-0.018454756433621718,-2.185481136371154,0.4937552119389604,-1.2174746530213678,-0.7754011297891419,-0.5135469535459064,0.1097455627094714
-0.09370209441100122,0.9199115306454857,-0.23311743085151493,0.13180829522668577,-0.8526472921776362,0.2219169965093807,0.0676633402053462,0.12135707678068919,-1.363059969390045,0.014290719293132394,0.01769344911610369,0.4821609153569515,0.7303788721117993,0.44890199881374027,0.8662962803354343,0.1358206269162809,-0.4086410860684067,0.3032021631193283,-0.3451198025990927,2.9527205445104325,0.41026965460431,0.29867661264700474
1.2810142234399176,0.4884269962879928,-0.3855988938355652,0.1668430400112308,0.2583700663427449,0.19669937491147943,0.08385708382336818,0.24043784904326962,2.3094307815940165,0.04113476440206492,0.013191265422371513,0.5228896030277889,0.07034868262876307,0.8915472399649434,0.16713591690926344,0.307520318668913,1.4106519237019428,0.13246690630592062,-0.8829054630285914,0.3219066116732028,-1.7594200443028245,1.330505672401103
0.5902189713492446,0.9062519760841434,0.7336658781759785,0.15437222037275644,0.12483249194508166,0.14761501818680284,0.08162242059360747,0.23830011933572684,-1.1075333659429467,0.01985785190239131,0.009789841422493199,0.6160589391622224,0.04032928732462207,0.5330958840064592,-1.033486115336927,0.05022553157180707,0.22488456068915819,0.599615791732077,0.11988366586452907,0.006001715431686562,-0.03631059810667743,-2.498844980230813
1.5932751500343187,0.9933712543247437,2.040784616785934,0.1778430218145599,-0.10215790667783184,0.5328927313362181,0.08998769533080385,0.3048708458185493,-2.5071529432431006,0.041939393262132495,0.016599254138992124,0.6538736357902462,0.7425325763206266,0.27831472309316946,1.0162693179178683,0.1955447823127815,-1.1684243788265283,-0.08494049849172196,1.4489995391862172,1.466871639039363,2.9172715611994233,0.34267230346098904
1.1650076309407589,-0.48376744980291014,0.8934425634888865,0.1925037309421915,0.14203425221938626,0.19901750276742886,0.06693928677157678,0.2887132313572828,-2.744796934304849,-0.008288476032768948,0.012028924399738692,0.27116484006310443,0.030877660482223443,0.31503582871264435,-0.525502214242578,0.15962731543587066,0.9037130138687777,0.4923243902704375,5.249929073193321,-0.4828245378744,1.290717296376924,-0.29496889487923506
0.886671553222128,1.0572005110362694,-0.15259033727632454,0.18305573207049136,-0.027690668305103278,0.2563224541710577,0.07049386598130146,0.23458469481792252,1.8126311424596033,0.04846978928718858,0.013903838634305658,-0.12115356652248437,0.544144789821671,0.23056388247401846,1.1107646087365648,0.250919002693578,0.8972510780228634,0.222093839570437,2.9106969582261653,0.5239783514349593,2.127998550959822,-0.3915183312081657
0.9653291469912845,0.9882579070508533,1.0705219129779153,0.339183113391187,0.04961915652267686,0.09188232574006068,0.14888823420414685,0.21666816755769483,2.336962085199594,0.12067677624516263,0.005769315799066868,0.546529688650432,-0.13451179648218545,0.19040848678073552,0.13889190942876714,1.061432896943479,0.5607727625174621,0.5373743694005391,0.04092041142014132,-0.013344741708871271,1.237811633468315,4.238969111984221
-0.8848169192472302,0.6472395772646203,0.05933844017269523,0.14312890126503708,0.042742905210864865,1.0994337154895606,0.07825910188340009,0.20375055076996343,2.0144119951073893,0.04670308880267544,0.010555767302017644,-0.4364312245927607,0.7004338200219105,0.14030720236986824,1.1220286266521606,0.14449654458610783,0.22530566449897843,0.5516161836676599,-0.5769648698289093,0.6595538795553765,0.32385576920029924,1.238724703095119
2.355956920111933,1.1271795240070337,0.22963728702300715,0.23844454967544387,0.3885890185507413,0.15784005078262814,0.07352053960625592,-2.054203589254717,-2.457025345939434,0.04595326523704209,0.012925668831328192,0.915046858718174,0.24072546482860266,0.316232390695481,1.4454039579618714,0.6310897241559149,0.41365412412783137,1.0833312493295313,-0.4489108376235841,0.45123980580709055,0.4095697017036898,1.77143801173595
0.9357689729476101,-0.774686942523278,0.05541073405926077,-0.6028253281668307,-1.2726772624475187,0.03508775536650661,0.06520154493682195,0.13106931508122402,1.7965179778494007,0.0564056683906093,0.00554515742891409,-1.0107835368428102,-0.34409225014569284,0.047781951152372715,0.4389538163652366,-1.232183158970133,0.9256748891708787,0.49019310527518417,-0.7670119450494467,-0.30195390673107214,-2.5874002412498367,-0.201359226436819
0.9241932235887188,-0.5200000704741696,0.5411269241533522,0.16556339795476305,0.2029208191969589,0.19795119305570866,0.06782953396103703,0.2949202655906726,-2.702561975136964,-0.008294851721185234,0.012028924399738692,0.21789041979355472,-0.09165454789460978,0.19934298579685025,-1.627164823242842,0.10494411302342539,0.8998200596702648,0.3486839044124689,2.9772509290155997,-2.4273237573465094,-0.38207819551749134,-0.9067439960245686
0.29241306487008,-0.0245393748972903,-0.4295670625550087,0.12438374177902896,0.05057705956710255,0.06301417113303044,0.06816652570762824,-1.4187576482964077,-2.3168038747764865,0.03110709250703448,0.006890074966823937,0.4680848806040205,-0.11471680634779845,-0.2562552182822639,-0.39982787154835453,-0.08078589352701389,-0.7963416036095705,0.4171095044484105,3.5876408547640475,0.13517623777097731,1.238380386851677,-1.2455965243673677
