{"rf": 0.136048523984916, "xgb": 0.11613270149298312, "lgb": 0.13538825122727446, "cat": 0.1397973557157397, "lr": 0.3242988656948524, "ridgelr": 0.32398405228359195, "svr": 0.320516747325592, "gsr": 0.30862761884594864}