{"rf": 0.6995568825199312, "xgb": 0.7435380417519079, "lgb": 0.701014997609184, "cat": 0.6912781400600589, "lr": 0.2838337429120932, "ridgelr": 0.28452896194081345, "svr": 0.29218599400792433, "gsr": 0.31844138230556707}