{"rf": 0.27419099937421115, "xgb": 0.24290726636585439, "lgb": 0.27733398601796216, "cat": 0.28184474443824165, "lr": 0.46081224041887375, "ridgelr": 0.46238956158793093, "svr": 0.4234300538032996, "gsr": 0.43304199443441665}