pred,true
0.0036144872101680336,0.0119
0.020390856613377167,0.024206064
0.03355396856139556,0.0058625
0.013116117673332189,0.010508273
1.9075385983991523e-05,0.00284061
0.40642926631141507,0.27375
0.002705317258339045,0.00263567
0.0027430921323869538,0.00283491
0.04153792932629585,0.045132691
0.04153792932629585,0.037603532
0.11237858624310171,0.745139258
