{"rf": 6.260651126573888, "xgb": 5.6916353846958705, "lgb": 5.684514531260914, "cat": 5.668082884410655, "lr": 7.641495842245136, "ridgelr": 8.190930631641384, "svr": 7.212597387081004, "gsr": 9.41916812899062}