{"rf": 0.5528416382583322, "xgb": 0.6046045848919247, "lgb": 0.5664904414800143, "cat": 0.5985197350401872, "lr": 0.4049755103530619, "ridgelr": 0.3393903711413554, "svr": 0.4272726455029149, "gsr": 0.08459958442013871}