{"rf": 5.8349769009394885, "xgb": 5.613367808750696, "lgb": 5.720309419598894, "cat": 5.443186536901824, "lr": 7.079833403870614, "ridgelr": 6.87896265071982, "svr": 7.4735756579924555, "gsr": 9.372343200705895}