{"rf": 60.942068005433875, "xgb": 60.22594611167782, "lgb": 58.04485735983535, "cat": 55.920550718317294, "lr": 74.38553106621873, "ridgelr": 73.05588570533558, "svr": 93.75320972746799, "gsr": 131.9364929945354}