{"rf": 0.5809632925262174, "xgb": 0.5858873354793163, "lgb": 0.6008844676606311, "cat": 0.6154911669384936, "lr": 0.4885262505549076, "ridgelr": 0.49766887128255644, "svr": 0.3553543946720964, "gsr": 0.09280673548626028}