pred,true
0.20436353085417724,0.17
0.224945981956581,0.28
0.038007837236231135,0.06
0.25199781043844927,0.31
0.1744693734325118,0.21
0.07258453880310378,0.05
0.45376054635622665,0.3
0.40484057466704537,0.28
0.28952788913465466,0.34
0.2926765095837256,0.31
0.19314721708465066,0.36
0.23367314991925536,0.03
0.1784028284585275,0.15
0.14567062066591097,0.12
0.07796062244268037,0.01
0.10792282129665876,0.07
0.2687667518346486,0.36
0.03511809232059715,0.2
