pred,true
0.11529934082518432,2830.0
0.09833165907753258,17.671425
155.4459008780201,92.790225
0.30103976259645016,5.4021825
0.0,2480.0
1.4866177568471472e-13,13280.0
0.8204841881347272,5.55165
