{"rf": 0.2600463579994756, "xgb": 0.31803427700306053, "lgb": 0.324812730380884, "cat": 0.4135331067560444, "lr": -0.1770154772537862, "ridgelr": 0.05876064834168293, "svr": 0.0483100634966902, "gsr": 0.10067194172930294}