{"rf": 127.58554933600578, "xgb": 117.58705742923988, "lgb": 116.41829137584233, "cat": 101.12079526984436, "lr": 202.9453707889161, "ridgelr": 162.29197739107445, "svr": 164.0939059615267, "gsr": 155.0654768554663}