{"rf": 8.98528999848702, "xgb": 8.575369524057361, "lgb": 8.740539879226702, "cat": 7.857663986344686, "lr": 11.773385896010273, "ridgelr": 10.853645221628438, "svr": 10.381956314634298, "gsr": 10.075371416778369}