pred,true
1.186412072758721,0.177321375
4.570601612973174,5.4021825
0.021793450237804213,0.0329
0.1565286441542364,0.035175
-0.029310493742130683,0.0044
1.030396819043377,3.68253
1.030396819043377,4.50087
0.16530522011389648,0.0306
0.5300831231134492,0.076138178
