pred,true
4.553096193428075,14.697
6.973736192269996,8.66667
30.868070900332043,24.5
7.748767445174536,9.51515
6.475965096171336,7.15152
5.2727801362163405,9.36364
