{"rf": 0.2733787732327843, "xgb": 0.316434758725348, "lgb": 0.2888204363392273, "cat": 0.24696470000817775, "lr": 0.3597617093016481, "ridgelr": 0.383520862230413, "svr": 0.4534092215300127, "gsr": 0.3819251199612812}