{"rf": 0.5130501586575436, "xgb": 0.43635764498314, "lgb": 0.48554504071869276, "cat": 0.5600996373490652, "lr": 0.3591824807979652, "ridgelr": 0.3168620196579861, "svr": 0.19237493871097344, "gsr": 0.319704399977381}