{"rf": 0.3307471916271532, "xgb": 0.37212606136024, "lgb": 0.3886439915966354, "cat": 0.3058051974931631, "lr": 0.459561896432292, "ridgelr": 0.4913537726763799, "svr": 0.4867482977785267, "gsr": 0.38576636398201053}