pred,true
0.24644307345151112,0.27
0.16718253771985664,0.05
0.1748988928811877,0.24
0.22739215962318055,0.21
0.1824560094154784,0.03
0.1424581674008732,0.04
0.26216558455464317,0.25
0.04702052663159689,0.14782
0.17150860968941678,0.12
0.06217816370552326,0.04746
0.2102584833000521,0.06
0.18867012318314919,0.28012
-0.046163461040332476,0.20367
0.07110585631788219,0.05
