pred,true
40.60471966282464,40.7
23.493318229663807,30.39
31.3500334233215,37.2
20.82991947336948,30.98
11.763740372124609,26.7
20.306128089861865,12.09
38.588832905302276,42.3
7.976529709806961,12.94
12.688263757176152,14.64
22.27398426752641,35.42
15.249694737585948,13.65
11.033243352273736,7.15
17.351338015442686,16.95
24.93857223484222,13.35
