pred,true
0.2871433703660307,0.27
0.17430530515718262,0.05
0.1727286696816384,0.24
0.2892016879486539,0.21
0.09721746416595695,0.03
0.16329925124624994,0.04
0.21062835852352807,0.25
0.15010991479106567,0.14782
0.09958933320341773,0.12
0.16432788882251886,0.04746
0.21162691440303322,0.06
0.16578395012174157,0.28012
0.05419066794410471,0.20367
0.16332095146571307,0.05
