pred,true
896.44867,2830.0
-222.71838,17.671425
53.860558,92.790225
-619.19336,5.4021825
1391.6924,2480.0
8806.012,13280.0
-598.9357,5.55165
