{"rf": 0.12482367986601402, "xgb": 0.0929562954503717, "lgb": 0.13175047927790007, "cat": 0.13683746691263418, "lr": 0.2717665942147216, "ridgelr": 0.27650898954909486, "svr": 0.2653590244906883, "gsr": 0.3705084077857029}