{"rf": 0.266933046218487, "xgb": 0.22181976303896483, "lgb": 0.276362499995384, "cat": 0.24308877434022194, "lr": 0.3965795294047773, "ridgelr": 0.40514117127844385, "svr": 0.3431505587296925, "gsr": 0.481602651317656}