{"rf": 0.6944051000103288, "xgb": 0.7713481931260927, "lgb": 0.6759231314303127, "cat": 0.6634102735481033, "lr": 0.3315146379909274, "ridgelr": 0.31984940050635313, "svr": 0.3472758340236689, "gsr": 0.0886317436412356}