{"rf": 74.17135127161242, "xgb": 68.16337557917083, "lgb": 73.60535800414257, "cat": 67.15821295774037, "lr": 145.649054092002, "ridgelr": 145.97345034137817, "svr": 169.34466662724907, "gsr": 118.36872152796295}