{"rf": 6.779027456153728, "xgb": 6.482097073334914, "lgb": 6.646976455483812, "cat": 6.337408896614271, "lr": 9.866247563870148, "ridgelr": 9.798661568225782, "svr": 10.015549284901981, "gsr": 8.777999448484685}