{"rf": 74.10141944212003, "xgb": 68.16337557917083, "lgb": 73.60535800414257, "cat": 67.15821295774037, "lr": 145.649054092002, "ridgelr": 145.82465244894715, "svr": 169.34466662724907, "gsr": 118.36872152796295}