{"rf": 0.5088136137992341, "xgb": 0.5481743484262118, "lgb": 0.5121017913657113, "cat": 0.5548371384143329, "lr": 0.03455516680230053, "ridgelr": 0.03339120094280634, "svr": -0.12251284049940403, "gsr": 0.21538473885863374}