{"rf": 6.771120749491797, "xgb": 6.482097073334914, "lgb": 6.646976455483812, "cat": 6.337408896614271, "lr": 9.866247563870148, "ridgelr": 9.810168067240932, "svr": 10.015549284901981, "gsr": 8.777999448484685}