pred,true
0.1041656670866477,0.0119
0.12609192037140382,0.024206064
0.10390930442642915,0.0058625
0.105456728084804,0.010508273
0.10281873939566155,0.00284061
0.21528473384083524,0.27375
0.10246211885702955,0.00263567
0.10261168416803379,0.00283491
0.12961364461902192,0.045132691
0.12961364461902192,0.037603532
0.18411998573957983,0.745139258
