{"rf": 4.59720833333333, "xgb": 3.9221696117946085, "lgb": 5.514910484456271, "cat": 4.312831556789498, "lr": 6.090865157493188, "ridgelr": 5.870138893852234, "svr": 4.907064034517285, "gsr": 9.426752173432961}