{"rf": 0.6571690609114103, "xgb": 0.771866766936367, "lgb": 0.6340796034626268, "cat": 0.7403481169727087, "lr": 0.45418433083196175, "ridgelr": 0.5106128773847325, "svr": 0.6126537500500085, "gsr": 0.11557914466870411}