{"rf": 47.042791293591236, "xgb": 31.30412937255781, "lgb": 50.21109497917166, "cat": 35.629075294993896, "lr": 74.89607757603478, "ridgelr": 67.15302980578456, "svr": 53.15112120042361, "gsr": 121.35901684853025}