{"rf": 0.6487342186705068, "xgb": 0.771866766936367, "lgb": 0.6340796034626268, "cat": 0.7403481169727087, "lr": 0.45418433083196175, "ridgelr": 0.5319435803373049, "svr": 0.6126537500500085, "gsr": 0.11557914466870411}