{"rf": 48.20020877810437, "xgb": 31.30412937255781, "lgb": 50.21109497917166, "cat": 35.629075294993896, "lr": 74.89607757603478, "ridgelr": 64.22606000016805, "svr": 53.15112120042361, "gsr": 121.35901684853025}