{"rf": 0.743172200707217, "xgb": 0.7692873881579112, "lgb": 0.4828930019968837, "cat": 0.720870132192839, "lr": 0.7098468748146218, "ridgelr": 0.6060824228330679, "svr": 0.566111593779663, "gsr": 0.12017198709132049}