{"rf": 4.2859368421052695, "xgb": 4.262926545824324, "lgb": 7.117883273965394, "cat": 4.355926220058344, "lr": 4.631929121512402, "ridgelr": 5.847993541796837, "svr": 6.24925535810888, "gsr": 9.340428869484317}