{"rf": 35.2415583979738, "xgb": 31.658068191103748, "lgb": 70.95671309067608, "cat": 38.301817653822766, "lr": 39.81441391365163, "ridgelr": 54.052829709026305, "svr": 59.53757205459753, "gsr": 120.72879331005416}