pred,true
1.253101896097566e-48,13.648
33.24701855246257,51.5
12.662272059870844,12.09432553
2.918267810422125,15.25488117
12.195812740966277,17.0414
10.170281323485348,10.9172
3.982260081341449e-37,12.943
57.879268659675716,60.2
8.62272478122578,13.35330033
7.763312932067871,11.8935
5.46236955352693,24.5
0.21172911061143612,14.697
29.6713154115605,42.9
7.233388674203739,8.07692
33.85426026221461,23.9
13.809646694957587,12.9586
5.926462381094164,7.15152
