pred,true
2.981128515994477,8.07692
10.16585004503568,13.35330033
5.261619691110874e-31,5.167
17.345679932108993,15.59457151
29.24639621856616,42.3
22.070208107659447,23.9
17.887810743546492,11.4497
0.33766210700941984,14.697
8.723451306019419,24.5
9.118698624092188,12.9586
6.526996451711006,21.8343
5.43676836774979e-43,24.52
11.725145816802979,12.83668421
16.475500477520004,10.9172
6.891277567724501,7.15152
59.2792658122265,59.0
9.257135060243204,10.8284
