Material_Main,Period (d),Turning times,V2_Ventilation Interval (min),M1_is Enclosed, Composting Method,Additive_3,Additive_2,Additive_1,Material_3,Additive_4,Material_2,V1_Ventilation Type,V4_Ventilation Day,Compost volume (m3),V3_Ventilation Duration (min),Application Rate (%DW),Initial Moisture Content (%),Initial C/N (%),Initial pH,Initial TN (%),V5_Ventilation rate (L/min/kg iniDW)
0.57122833541833,-1.5648809459958988,-1.01745016257183,0.2830269364931855,0.11340328904978836,0.15915518550589505,0.062300324961798104,0.734494913354123,3.081777847762521,0.052584810061162404,0.0039426066195173744,0.5121339298903288,0.35600588521430654,0.14514819789878844,-0.9472150902213855,-0.11333056375649088,1.4062072587116607,0.22227367523598385,0.6723367602202428,0.6591692778125995,1.866428271936928,2.084213998779771
-0.5330005800092574,-1.466522683864649,-1.1602696159555166,9.303388720641832e-05,0.0736491635871612,0.051114332533449394,0.053893772859410743,-6.3344043917140445,-2.4586508744619184,0.040560029411399225,0.003022461843987426,0.1063026503519825,0.07374081166646904,-0.13150989899664073,-1.2741908641106334,-0.3465933478431953,0.33507070975668124,-0.2552637558633595,-0.14544765810707055,-1.7411673863369177,1.4376367096761975,0.2009467391857785
-0.9533814353230522,-1.4879672585641126,-1.6746358843312554,-0.18062170482714487,0.055857782621435294,0.04477484290868427,0.05434610292421376,-6.002357549474019,-2.387937312495544,0.03532736370111963,0.002925428951349386,0.07805352958184435,-0.33182744365293565,-0.24942026067840115,-1.3951453114723187,-0.3314282208664323,-1.8224785304052507,-0.39575299502455374,-0.5368032684228414,-4.403983678779589,0.7157854250871509,-0.4821848121796805
-0.9963677998529641,-1.5138034222088306,-1.643647089159869,-0.19457240439928872,0.051215396067711874,0.042657232323506704,0.054303120218694476,-6.041089239423028,-2.412508240807817,0.03855141025463082,0.002925428951349386,0.08102012538668545,-0.3094547677095005,-0.23649039806932767,-1.3412021430502818,-0.36243866157544113,-2.550328641628376,-0.376226882873184,-0.4836705382955612,-4.686465297427769,0.849544181666865,-0.5136353451002889
-3.489238028845514,-4.060319796324555,-1.2634882526427658,0.06152005902080182,0.3083113999903735,0.1327243193149009,0.053308393463943976,0.1954389663371825,1.22265472189251,0.05627020604487549,0.007277439516034296,-1.0185639002189542,-0.4491211702985075,0.18340513657258345,-3.310686908363151,0.22584490020650247,0.17215865526752927,-0.41805854460554126,-5.7563774406199935,-2.4959498753465947,-1.4746283066568044,-3.2722196107120265
-2.176965703458865,-3.8049229649186467,-1.4401911463383807,0.07400308816511295,0.2833397525650182,0.08981878138411134,0.061779686561413714,0.17927450098004147,-1.1997348719671102,0.058523615578169555,0.009124029192263163,-1.039159208316825,-0.4655429548293126,-0.02583239342450578,-2.5541560780848505,0.1124967612952019,0.10917776327841709,-0.2884458450841484,-2.6048548633115334,-1.5086815080581517,-1.5034299562259381,-2.655597680725205
-1.5731772678144738,-3.6564967844009275,-1.4753747078376989,0.07609085771263144,0.2705583203534041,0.08273465527748813,0.06677597856966973,0.2021992869942102,-1.2374593533057896,0.057738320292309346,0.009124029192263163,-0.9539302145120978,-0.4595207194301796,-0.11775717064672957,-1.6071454235568283,0.10763192822147356,-0.610150427483369,0.4855926487048558,-2.1767080378494716,-0.6759772727091437,-0.19495960725904599,-2.367157152096519
-1.4435482704034945,-3.2869763693621734,-1.4871865580209147,0.06471222548862526,0.2410020997815159,0.05474340272172066,0.06579313953342945,0.18991436313767007,-1.304709021007028,0.048908514738470826,0.0069148624860217245,-0.9926544485075784,-0.43820447756551384,-0.05811262889743894,-1.520510281320414,0.11559874618137804,-1.1738590878916038,-0.5287385673778958,-2.248358826496157,-1.0378191845624618,-0.5140305101519115,-2.1947912645925998
1.4415088130681049,0.5988769020290641,0.7419487858757761,0.21016773008350445,0.35408383475972866,0.22624896229791472,0.07367958436985356,0.39074150869419116,2.3865128738637966,0.12605379703987943,0.004225619937429042,0.7453456556738127,-0.19296863996860134,-1.7937176277843283,0.8307220988450308,2.232771200786246,-1.077894800830003,0.939406591708867,4.940492612197257,-1.3484632416000144,1.9153371114211153,4.965134407672733
0.9068587467034105,0.6991581517409224,1.040209339504711,0.543448227727971,0.3788768769313881,0.13914756878886336,0.07352530468081087,0.42597533481959177,-1.9740216079650494,0.13241340871665766,0.003186805381932463,0.6902785523641478,-0.35606503391596145,-1.118194559065984,1.0140746517057067,3.00094391388988,-0.7613539420781291,1.1606670831545702,7.5500122590701215,0.7691625596984103,3.3203438278034754,5.0574944538128745
0.810135307542214,0.4947595086906742,0.7482608988117875,0.26968347762461903,0.37385121009659134,0.16293852971148137,0.06364980507252564,0.4164043680685385,-2.715296461411364,0.10164835269039585,0.004224827869728914,0.48151059254326317,-0.18638341467498357,-1.3076976523054942,0.8044225377209396,2.5909935682503,-1.6292475583515829,1.0658474085566776,2.854852292785809,-0.9412243500796952,1.7815231163956853,3.4005022620714307
1.6171268301190986,1.1518247424799541,1.2803911639798693,-0.4747807704999532,0.27783941824655095,0.1625788294269552,0.06207300748592698,0.5364595787806996,2.899094859358416,0.1685161663846138,0.0035398896836301547,0.7544182511220717,-0.3924294593649584,0.6481633067650883,0.8446633590574354,1.779844527407821,1.1573823060282646,0.44187967158082353,1.462673367226854,-0.5021330570899257,1.6892933743491045,2.4351769726135144
1.2854663136379727,0.929827841813136,1.1055464929935832,-0.3124232189251609,0.3414470283271622,0.13892041642418285,0.06376507628203272,0.534593006549952,-3.0175783804719893,0.1666457786962589,0.004317656251607926,0.5766303755916385,-0.5657882369317083,0.657406159778078,0.9504883347209861,2.1184567259736675,0.4987457897439897,0.8205296043166147,5.559533940527831,0.33222939736382423,2.603643227926299,2.5458051984103878
1.207531157451168,1.0065666948459313,1.2712723954733678,-0.5384383382490444,0.25068296762884384,0.11460327093304619,0.06204839395396672,0.5187798191204526,2.127324807193978,0.15653896107299872,0.003974233611408352,0.5246589830507761,-0.79408864643508,0.7922925765806708,0.6098865063197866,1.5927099839978651,0.17836983991533548,0.32721190546705187,-0.009155858673252325,-0.45322650299062295,1.4973277151667044,2.760418290970513
1.737966201145295,1.1720562929007081,1.2244360716539489,-0.4070881781044266,0.3219726467511963,0.1731530229061254,0.06283678220870474,0.537830146232138,2.3346970260172677,0.18720464027770992,0.0037506614471806044,0.7775768350894993,-0.503574401745644,0.8442314212576679,1.145423992678087,2.078771506470926,0.7029897811808878,0.8774816354965663,6.541311397491397,0.6451812600334506,3.7179038217923175,3.2786840272157796
1.6752333873179481,1.0941516526088861,1.2928972690925866,-0.41497479769923323,0.2922734079823289,0.1747872940625807,0.06332887518039063,0.5256935770062016,2.153354727311091,0.17663837734419283,0.003877200718770311,0.7758533087853056,-0.5466283955477506,0.7391116890122617,0.9621679153316134,2.049209434941602,0.5604477014480396,0.6724754643703778,3.8540612870348028,0.409670189283166,3.4122045545247035,3.0480061603439523
2.2642292522009346,0.9337050563943263,0.18054669467556914,-0.43772207650220507,0.4311096110628266,0.2062628283918363,0.06947189689200062,0.35485825178212965,1.7564760535937312,0.09236542220441357,0.005455219855337695,0.48963207379012924,-0.589220164050753,0.4447325804818646,-0.26761590567177124,0.21536284040020875,0.9271255255948534,-0.203479877422108,4.960014893055135,1.9585348234191124,1.4033274373042626,-0.7689931511641553
2.2579234222951494,0.9123828560711437,0.05987555483445896,-0.35098282267718367,0.4912256016181411,0.20152814602936361,0.07486245059136329,0.31252650503097407,-1.7436902805252685,0.07664370486991555,0.006343425957988223,0.7329446147890258,-0.6014329063169925,0.4395965392615597,-0.03851450912659566,0.03651940458447794,0.5578651493179151,-0.2887324170463361,4.294114394251322,2.5475094781699528,1.147127650685659,-0.037789192930837476
1.7463705205510625,0.8213934539762049,-0.07442014757212599,-0.4550403339996011,0.4070292916565211,0.17675535728973546,0.07726150600528485,0.2878039098600696,-2.0426675496913087,0.07889464029022142,0.006602017000989341,0.5350469206449373,-0.6978156132041321,0.6446272969883142,-0.15767008017345294,0.08180311074715108,-2.2505334868300118,0.09980194461912686,0.4142137850356964,1.546967877871391,0.3972658440472183,0.1723599537152287
2.7014710086291136,1.7888017470858744,2.1545823021589667,0.4350961808781469,0.22999957245113936,0.4645541862465469,0.09449298877220702,0.46574430415234763,2.797913446700975,0.057606507174075665,0.009890235401747018,0.8306796949064923,0.24567551858240044,0.15642465607861644,2.182881763039492,0.3733834640200996,1.4824397590972642,1.5672084876409467,1.4517587965185443,1.1645743762661815,2.8950274249619716,0.5041811566948139
1.4072702014838925,0.8278949921259015,0.902224935787769,0.26158800686491995,-0.6756768560380695,0.12490480890037743,0.08229235550362776,0.3936159914461723,-3.4383109000201495,0.045558127051114956,0.012128832083380786,0.6436087240304784,0.018049476853894766,-0.00017854312189335,1.1963442011413348,0.11635516782627807,-3.4226141739035634,0.15372662393124503,0.7094090714367062,-0.6249945157156612,1.2465453676954512,0.6331743004683555
1.3411557573593582,0.655760712953157,0.8541909562350892,0.2586416221865409,-0.8606338300539429,0.15442055176452704,0.08337297159047422,0.41317329450780804,-3.349449960831005,0.05531273098276295,0.012128832083380786,0.6151757630499115,0.19218961468914858,0.07224602348759131,0.937893354380326,0.13205465824272916,-3.477956676001056,-0.5214914453597181,0.6399943379527523,0.10830032820532773,1.4888413084225587,0.8018578066184687
1.027106494709414,-1.0999994041568693,-0.06346807016468183,0.38156876673433976,-2.962126961773859,-3.5826737260897312,0.07066526594122086,0.4059408778577867,2.3989364943395532,-0.010301033031929245,0.003935163495925109,-3.07643197751675,0.5223432093671522,0.047357506639622425,0.6974248364605427,0.3503410277523981,1.4918224288081123,-0.046474377569347705,-0.21675774087536367,0.19548632689742043,0.37156610554887837,0.06593482076972973
0.44169544616248607,-1.301005193243354,0.24480297835593445,-0.0006141099099211456,-3.090407219760095,-3.4905005217050964,0.07240373417281223,0.37229567532191316,-2.825988449954301,-0.017045159221543912,0.005618944697809651,-3.7243941300145202,0.5247863632013854,-0.01999899872587066,-0.321263696954814,0.02129191085992094,-3.60395739033978,-0.11373501302009453,-1.993035761588233,-0.6130286082005488,-2.4827405987096216,-0.3815852110649195
2.2339167561523285,0.7284303915628751,0.8025676983749639,0.43861821203567464,-0.5286503726179093,0.12124315173871886,0.07203593032076615,0.4138416083438621,2.529260984150701,0.07833290152570949,0.009890235401747018,0.662056708234798,-0.021549309986440425,-0.03649913413838671,0.7057245217129021,0.32576618324847795,1.4790085463148714,-1.2009776704238122,1.0697624433943371,-0.7474228919948561,0.7576210208391646,-1.047096025390893
1.132958922960899,0.14417850447012928,0.2694909577535578,0.25611907982613313,-1.0215326155413877,0.1325740167504453,0.08256809078075522,0.3759388343710394,-3.3866135486930418,0.05542712904368232,0.012128832083380786,0.5401109334308589,0.09753365617956514,-0.10297918882823975,0.4272019556942912,0.12259093492996011,-3.1541416289174675,-2.1601582722536743,-0.3180417309110229,-1.323062390977498,-0.1931574467807841,0.3951378014229425
1.2672637652737868,0.2099144911530477,0.45167779867992464,0.25611907982613313,-1.1719999578325593,-0.0973999305958209,0.07926298443240543,0.36062548654254833,-3.196195112185228,0.05134352225263405,0.011575692042071886,0.4581790340228301,-0.058384776416476464,-0.09228554195981212,0.5845707268909371,0.12091881895135499,-2.938638172195485,-2.678971675628833,1.6124006356090406,-0.9071007404566294,0.5680445665629411,-0.08311378805577142
-3.8054199860692877,0.49944792105930275,-0.4037580392580681,0.28386228843946754,-4.774311206766773,-0.48787202107599054,0.07354308165913284,0.3681185301183837,2.0963851048669193,0.03777534607876958,0.007837109252527568,-9.226617383992531,-1.8119320657360336,0.39128552100856145,0.5422091783403409,-0.5637701926728829,-0.4905368812893406,0.16839551976221234,-0.24192210378765602,0.06991195638271547,-0.22603997402151232,-0.3864382934775687
-2.692324070807062,0.42434963108758417,-0.579013806179753,0.30806835505336944,-5.370731883708417,-0.3390274569245026,0.07509774256846984,0.4334895534474381,-2.1994091501933557,0.028707262593502904,0.009590987706839083,-8.475701946032137,-1.6277384962758294,0.20396770560742936,0.2278201577600978,-0.49773118943297373,-0.2507595878406513,0.190843144249102,-0.42322753080826947,-0.02455003970703468,-0.3512977469737423,-0.6428677274159883
-2.692324070807062,0.42434963108758417,-0.579013806179753,0.30806835505336944,-5.370731883708417,-0.3390274569245026,0.07509774256846984,0.4334895534474381,-2.1994091501933557,0.028707262593502904,0.009590987706839083,-8.475701946032137,-1.6277384962758294,0.20396770560742936,0.2278201577600978,-0.49773118943297373,-0.2507595878406513,0.190843144249102,-0.42322753080826947,-0.02455003970703468,-0.3512977469737423,-0.6428677274159883
-2.692324070807062,0.42434963108758417,-0.579013806179753,0.30806835505336944,-5.370731883708417,-0.3390274569245026,0.07509774256846984,0.4334895534474381,-2.1994091501933557,0.028707262593502904,0.009590987706839083,-8.475701946032137,-1.6277384962758294,0.20396770560742936,0.2278201577600978,-0.49773118943297373,-0.2507595878406513,0.190843144249102,-0.42322753080826947,-0.02455003970703468,-0.3512977469737423,-0.6428677274159883
2.0256870040909436,0.9906513246486485,0.6718323670482663,0.430302404686649,0.3980685003756993,0.16547909437610261,0.06465395174098942,0.48354464724111396,2.323164083063326,0.10220391678877966,0.006333157865530884,0.9495691455626755,0.004158226563878658,1.5005580161560577,-0.23926796516961737,0.4173083569102982,1.0538658184405465,0.7638660057073324,0.7995544768189214,4.149514045434514,2.7664121006636346,0.032883716671628815
1.8765307497362287,1.0147502147424072,0.5873597943058431,0.3299941028704704,0.3390378819584043,0.1403852902191645,0.065068563683842,0.3277888847354233,0.5212229803530879,0.10106386338787066,0.006487746448305489,1.002867341430153,-0.02815812335811136,1.4000933917944607,-0.301380084856506,0.3116727802506403,-1.7290471954259643,0.6815724502096298,-0.6331077050693852,0.33303372239504275,0.4979883569096093,-0.15934529826346722
2.3919059071740776,1.0895660715382722,0.3901998456729308,0.23018775255086268,0.39267216457392634,0.10773947198398268,0.06821766512794053,0.3997742239589215,-1.846175970359151,0.09537278173478861,0.007079146824099207,0.9382284924946562,-0.16467068350352404,1.9791214639474377,-0.0901264038606195,0.14999222484861433,-2.010474509627599,1.0150728981744672,0.3700413566779229,2.446566779065643,2.180721860723639,0.5104154527438545
2.6600252513270095,0.5483323312557877,0.9460354037126248,-0.8468335606212258,0.785296973088892,0.23399588906668248,0.0731306727677796,0.44612479435880026,1.6928601985046499,0.0929694612266395,0.005295261765871007,1.7291491125269964,-0.8547251543650788,0.583869227048343,0.539744037318566,0.7718655385369974,0.9852377603782356,0.5071240287330032,-1.2163889809941157,0.7318367404764635,-0.29978143450552225,1.9841731723310307
2.3241593398055342,0.7030990110194889,1.4010647920152337,-1.0797199852006898,0.5194293689119631,0.21930197201690538,0.07147098751002272,0.4305543003039269,1.8292959337771832,0.13113935177518105,0.005190574127500039,-0.8975890797581146,-0.6429574230430117,0.39321532979788637,0.6018710066488757,0.4025445871374307,1.2130752506376665,0.5984195937291766,-0.8531818707968366,0.7311632498561426,2.841992131572079,1.1329385399384688
1.9146360536662024,-0.15015251673149116,1.2446248975636285,-1.2357680398883912,0.6513420801593022,0.2339732247196372,0.07251737518370421,0.3787716559433531,-0.13381915412505002,0.12151549310026642,0.0058578906238812905,1.9035702409894883,-0.37186271894667544,-0.24379773904979313,0.42247456901593755,0.24320370479276313,1.1642312978754612,1.4124079984410278,-0.49937220301131435,1.9691998600422704,2.098206085760576,-0.32895555467405174
1.2307025430348537,-0.27960505782462813,0.7021735316501668,-1.3196159034738557,0.4572329145388215,0.22351012966244355,0.06871794878841722,0.3870788603050735,-4.151189727645152,0.06383856407947089,0.0058578906238812905,-1.7445004002934767,-0.5967116760505042,-0.25459700416531583,0.3201641422539703,-0.3587903548082545,0.6989856542732158,-0.3940489776026356,-1.5287595190016507,-1.0765194956681114,-1.9668539674944228,-1.2126965639267715
0.8098675447589374,0.28586373674247567,0.9675034468601712,0.2335975387204292,0.11685272411255178,0.12449505086462159,0.07459267345866026,0.7005824985253097,2.9333963436088006,0.06652607719821711,0.004955593023900944,0.9502578051400855,0.026711778793762728,0.45926549918314963,0.20571371348966175,0.4203358450176378,1.3636018683694444,3.0134787317269045,-0.2898832821449296,4.025874819797349,1.32720855900976,-0.7262611711072967
-0.23439637447891093,0.33654135894220333,0.6783497014551764,0.09777701199553829,0.1002256492936257,0.048308321140605806,0.0670831705943328,-3.8957301702194798,-1.894982699297384,0.05441807225767939,0.0044548141994772885,0.45459405253134827,-0.21208537318308543,0.477678880538399,-0.019269269612451498,0.12124243526915798,0.5378976393526363,0.20349487856081339,-1.342009371536753,0.6687143368745506,0.7453569125580234,-0.674096197342828
-0.23590129962533263,0.34146338725491043,0.6737385274238021,0.09777701199553829,0.1002256492936257,0.048308321140605806,0.0670831705943328,-3.8957301702194798,-1.8875789814192283,0.05441807225767939,0.0044548141994772885,0.456016005342918,-0.21691992671945906,0.477678880538399,-0.01827329714445234,0.12103536298567097,0.5100511296517349,0.22116929179343586,-1.2983076170752454,0.5639399256182467,0.7241661989951532,-0.7026454213526341
-1.0838723404057815,0.19338557630270783,-0.05746889283987008,0.1437470631230784,0.18434647702672272,0.14573722915260717,0.06413771414562479,0.5677379413791038,2.884061473959881,0.04237963083306829,0.004449976422506997,0.3841546457370774,0.3411448445468339,-1.3672688431335862,-0.4369634318058803,0.004663005999418946,0.9882249418841373,0.36063945581294643,-0.4386439997760657,1.1503305052488313,-0.7018140191520045,0.27289175484614
-2.040849877133261,0.0935631553475287,-0.20671802676307016,0.04083928900756186,0.1602401864411941,0.07110020342431002,0.0726112044376204,-4.722716356597984,-2.472128257291652,0.029201578134495327,0.004013108204408568,0.1631791860262033,0.12167549945536045,-1.4212288787927734,-0.4213114121253805,-0.3082982866463583,-0.2404420893134744,-0.027816096099903365,-0.5851552679142752,1.3509987994643033,-0.7231635381901043,-0.5191373237313142
-1.9366120356306047,0.19228337802597179,-0.5525908267559548,0.15368316100440438,0.09975730351326326,0.10168875475938703,0.06552075267862731,0.6972739808334165,-3.5802283801778825,0.05147812794863035,0.0043286177411693385,0.21660063109677996,0.02047924201662622,-1.4135579029734193,-1.0128491364374907,-0.14818799764782134,0.928876847907179,-0.17047485113042513,-0.9327942430988855,-1.7475128928683057,-0.8348955685822634,-1.6633676963491308
-1.9265293387382032,0.07318446723929643,-0.4071119814034594,0.09811479188578982,0.08326092762521486,0.1054496203558766,0.0698336343669782,-5.881519655793549,-1.8736166732645532,0.02030344621083864,0.0037005283239408644,0.5262669064062859,0.1443741705707483,-1.653329518494706,-0.34686358404200845,-0.15699910559436545,-0.21916412103702693,-0.4051123893366918,-0.5697357653306278,-0.8890706154577995,-0.6681618843742826,-0.634710649685086
-2.224500330658002,0.050436646952229915,-0.5993754157324462,-0.009847921327451905,0.11093343195980271,0.09613657534727064,0.06829511874476113,-6.673630676849776,-2.8453464281949987,0.03931254901356126,0.0031834084764081273,0.13730572169704353,-0.10965659166206487,-1.5424355599210378,-1.0013724873404397,-0.243915522049521,0.6785301142427183,-0.060563338503224845,-0.9509192548642165,-1.6683950928908815,-0.7514091875307367,-1.676633512001415
-0.2952089433114675,0.3091849270214886,-0.2826120559206451,0.2515298473226742,0.09993020778865638,0.16317986409991178,0.06363589442638935,0.6794889256029585,2.963825984587972,0.05485551091493818,0.0041205321393182,0.4306601488260398,0.462771692371037,0.4773684494058583,-0.9967384235508984,0.05462808707846664,1.3495609053702509,0.7456496325209953,-0.5991087616526802,-0.25371019151090074,0.5386555186767015,-0.2040284315320648
-1.0553781450297959,0.5248931488242322,0.38889971887201447,0.04210137314937154,0.12404620877765894,0.06810364858336465,0.06675929992662664,-2.4731800065559173,-2.0448228028939517,0.038695975305726237,0.0035609594642872955,0.2683432700157147,0.08570760156272986,0.5399793910632755,-0.11950878054653989,-0.23966890612437006,1.1924897642457373,0.8907717620807921,0.5853348395065298,2.3363370393119482,1.3917077846577846,0.4342259683585286
-0.8294821128743909,0.44794884489707254,0.19884729439439874,-0.03702595118040149,0.12194974819642485,0.061832385030142684,0.06640623431077639,-3.6156381269433133,-2.3924619461495213,0.04568598807248877,0.003411120824410386,0.25444257885392363,-0.11507172986809085,0.560078001859629,-0.1412347016503789,-0.2959438230540572,-0.19758366518149695,0.6143711316244995,0.9679387971759127,2.353115844861471,1.6799186956824945,0.1752016590399011
0.91184521671481,1.1036448002049706,0.24308816847340387,0.37962941182581605,0.4627373791299272,0.4301555638654746,0.06464285399609723,0.539268446884016,3.25483420776061,0.03302966365862254,0.004809292439181538,-0.08623752218773793,0.4407500029970037,0.6837158910496691,1.0047074046344662,0.2832541931181001,1.9684387165728692,0.8765892725018799,-1.850355004549628,0.4768159771428886,-0.747323618915894,-0.45568763975726956
-0.36728704509381316,0.7726630494241956,-0.19046009015799054,0.1932623197951242,-0.07082529413194409,0.29132536612276577,0.08953888536348567,0.5098856405407851,-3.3503833658589914,0.024794237287145547,0.008200424752225313,-0.2549378153015218,0.3138837202097007,0.29678717104216445,0.3960693945263992,0.044168563986838494,-2.486235361394301,0.9109835996333693,-1.915659159418063,0.07276538312480664,-0.7618557199356347,-0.7996682986372959
-0.42996382194792304,0.5112964105160769,-0.21673271592536647,0.17487300587210242,-0.05280542289499772,0.30241101942670584,0.07012925397230069,0.44764511095056914,-3.300258503499189,0.02650702088158787,0.005991258045983876,-0.35568431693264063,0.21110819204025524,0.29289697709879137,0.09258584506847377,0.025891645820284345,-3.7002005671993157,0.13836746874455616,-2.002650774022049,0.037984078415533314,-0.9281079890431122,-0.92038348829322
-0.5077608052289411,0.3514184723327011,-0.3389742460196807,0.17134190782166797,0.05186435985311411,0.28928540832276367,0.07018025044357487,0.4242681357371262,-3.3822892159842857,0.03291405705479368,0.006320702329172673,-0.39096314883576366,0.11763038479165448,0.3105384278059727,0.08250135119237749,0.021410584743848472,-4.435169858959862,0.2605657908915209,-2.0763644380415234,-0.25241403330521833,-1.4464878568397768,-0.9013940103891321
-2.4092480714399493,0.8966543096978862,-0.2975368542443248,0.4681377614592858,0.2875294285347982,0.2565878289085503,0.07041059142080389,0.6895620175108628,3.280471512722689,0.03989128491196385,0.004192207253971558,-1.3851810249019865,0.6943836416059942,0.6924304731735298,0.8046148057126344,-0.2708942235999304,0.3451035318688384,0.5026048843310259,-0.25572890597191955,0.6037473306251685,-0.346316534912127,0.9776952703084535
-2.5678645448417243,0.8918017828678446,-0.31858962179559125,0.4726474168593116,0.2799879522681516,0.1723336176246647,0.07094473933114229,0.7034948663651696,3.0145521887694895,0.03989128491196385,0.0045047871344392615,-1.3710997290731735,0.712625829324092,0.6861229680806499,0.8148214366749734,-0.12424040471585479,0.47398038240453,0.507696247831196,-0.24360328363796077,0.5992866437300025,-0.3248233910259917,1.0757110323102894
-3.0471629319897997,0.5359751368255444,-0.5398831218936483,-3.4413929080532792,0.32319939816990484,0.12084522294043734,0.07152237733489576,0.5522869892072397,-3.249915037628824,0.025590710494490368,0.005145200559305501,-1.6895817079927553,-1.2814670647747504,0.292589461162116,0.002008991989090693,-0.49453936093384443,0.054424130989037686,0.3462994646051745,-0.6481096929048007,-0.16525346572039484,-0.6131139844544442,-0.4384701192079288
-3.0483771621493507,0.5355230676048883,-0.5392952566887704,-3.597910863022468,0.29065874225053523,0.09914424663966291,0.07152237733489576,0.5418592171174558,-3.847697676785923,0.02537266841539794,0.005145200559305501,-1.7199248303653711,-1.270716500601273,0.292589461162116,-0.013483952189516778,-0.5229397949281414,0.058768981913920854,0.3104061946893644,-0.6606872944330522,-0.17846267185442335,-0.6413544132978539,-0.4122643486637594
-2.4215199173568407,0.6587890930874613,-0.41953021370613547,-3.3570427335780946,0.25927933933360636,0.1924225008539882,0.06987873557858319,0.5309031491554885,3.295380280423987,0.034658793979757026,0.00441198088195479,-1.7083841596023608,-1.2275835820392844,0.5809765841628978,0.306689759694085,-0.6418113823049579,-0.0318359216463001,0.3476581894085877,-0.4680919863702979,-0.011793322168572195,-0.4260375561502253,0.26759630171637777
1.9916044984911923,1.0248662668244284,0.17028347839802152,0.5612407753918971,1.2164127943285548,0.27241835595319824,0.07473764698624687,0.6333365680713343,2.038140708673342,0.05454631383084061,0.006259056142733785,0.9147166183296741,0.5696988119088912,0.7346056385990596,1.3408377675367231,0.24985501769403565,0.776241172440495,0.9436916238840468,0.07337796285711425,0.7807869913933352,0.5096725977976476,1.6735380368978732
2.817377066986526,1.0818355083138622,0.17423384639833822,0.5851414538952016,1.2309933348560202,0.2709405793536468,0.0753387842085854,0.6976359510850153,5.804998706426129,0.05072272914908365,0.006259056142733785,1.8382044348126636,0.6866473798468964,0.7393762386142856,1.5628513685206686,0.22794822611345145,0.7968802789033658,0.867038794174405,0.21446971178611798,1.0853619895264275,0.6769734055561554,1.8375027296826383
1.9332257492233398,0.9808986675600723,0.0684580207076259,0.5369556920547189,1.209460916082086,0.2675361012594169,0.0753387842085854,0.6123850525539964,-4.64481292767493,0.03898974165965597,0.006259056142733785,0.47783260810877143,0.5165075758649433,0.7248553822182113,0.947742110850658,0.1203763521285226,0.6078253956098221,0.16432205219571097,-0.012746857919960162,0.5631219761039401,0.34532764660525284,1.3581002953949353
3.0426078647757904,1.0009013323145846,0.13108295731568947,0.568027073619335,1.350575972294882,0.19306049348325427,0.07698242596489796,0.7380119753443034,-2.3672829594880787,0.039854960502002997,0.006852227541616232,1.4703579205071642,0.6732338119813135,0.596309307189334,1.1701896873377469,0.411108111103916,0.8828787499465827,0.865954540206213,0.06450376523625867,0.8003589514271491,0.44431235945499026,1.2918436866023129
-1.522701422837561,0.5552417824413816,0.008252024352040779,0.4154972475596411,-4.529734807545739,-4.2715210026517365,0.07662361432279892,0.41505892571744063,2.028181339818305,0.03950580779223465,0.004705553971897703,0.8176951722105584,-1.4321983716075193,0.2841961433984432,0.5886839849735302,-0.007779714741639824,0.2969120360922263,0.3407485137366095,0.008032057036193153,0.4434222519864202,0.12405103180001888,0.6115862937976573
-0.3751583582869299,0.5644836288853021,-0.20177307824207721,0.4466895351225004,-4.57304093734897,-3.211903056155386,0.07749294798505446,0.43252239993892105,-1.4075537464657175,0.030219682227875563,0.006131081859334278,1.1801027508763082,-1.1941110833117028,0.12672796231321326,0.37310815198475406,0.26015199743795087,0.39725081518700833,0.3577809214656648,-0.05425198038387151,0.40632017791465175,0.012682285549417032,0.39776981437592784
-0.3751583582869299,0.5644836288853021,-0.20177307824207721,0.4466895351225004,-4.57304093734897,-3.211903056155386,0.07749294798505446,0.43252239993892105,-1.4075537464657175,0.030219682227875563,0.006131081859334278,1.1801027508763082,-1.1941110833117028,0.12672796231321326,0.37310815198475406,0.26015199743795087,0.39725081518700833,0.3577809214656648,-0.05425198038387151,0.40632017791465175,0.012682285549417032,0.39776981437592784
-0.3751583582869299,0.5644836288853021,-0.20177307824207721,0.4466895351225004,-4.57304093734897,-3.211903056155386,0.07749294798505446,0.43252239993892105,-1.4075537464657175,0.030219682227875563,0.006131081859334278,1.1801027508763082,-1.1941110833117028,0.12672796231321326,0.37310815198475406,0.26015199743795087,0.39725081518700833,0.3577809214656648,-0.05425198038387151,0.40632017791465175,0.012682285549417032,0.39776981437592784
-0.8422995483441791,0.540633891025189,-0.02198727170249134,0.39686257684107196,-4.440402184151431,-4.2791111352336495,0.07662361432279892,0.37598404516120015,-1.7193059070326484,0.036796142608176825,0.004705553971897703,0.4861886178859396,-1.3959010999484887,0.2858189636091129,0.5555001934673314,-0.04911188432919901,0.2682867512930149,-0.07240082800711967,-0.05338416797053663,0.33007321432143594,0.06320143623381778,0.3496032726712707
-0.8422995483441791,0.540633891025189,-0.02198727170249134,0.39686257684107196,-4.440402184151431,-4.2791111352336495,0.07662361432279892,0.37598404516120015,-1.7193059070326484,0.036796142608176825,0.004705553971897703,0.4861886178859396,-1.3959010999484887,0.2858189636091129,0.5555001934673314,-0.04911188432919901,0.2682867512930149,-0.07240082800711967,-0.05338416797053663,0.33007321432143594,0.06320143623381778,0.3496032726712707
-0.8422995483441791,0.540633891025189,-0.02198727170249134,0.39686257684107196,-4.440402184151431,-4.2791111352336495,0.07662361432279892,0.37598404516120015,-1.7193059070326484,0.036796142608176825,0.004705553971897703,0.4861886178859396,-1.3959010999484887,0.2858189636091129,0.5555001934673314,-0.04911188432919901,0.2682867512930149,-0.07240082800711967,-0.05338416797053663,0.33007321432143594,0.06320143623381778,0.3496032726712707
1.7549452120573812,-4.137383873891031,0.18887625438033073,0.5219768023279294,0.24431171590331346,0.21417044924657905,0.07233407729289572,0.4176578721332953,2.0362649764680696,0.04107904276229516,0.004204445015935006,-0.5415328125169352,-0.1505972645396637,0.2065798992005671,-0.089559717206415,0.48960927976804625,1.385114657025493,-0.002078657920388436,-1.574643061377932,-0.5462401986053588,-0.2738618377250068,-2.374087129340933
0.6206384599551439,-4.533129931452354,0.7401054621797335,0.30207141869444437,0.17870632693969646,0.1842888960794267,0.07546287163491634,0.36078971705268326,-2.1608950002965384,0.022256993299983943,0.006399902957653304,-0.8942573179870809,-0.3711722667903987,-0.31421188541197376,-0.4541730015719978,0.1659516960995835,-3.3271142024935108,-0.15608878132901058,-1.3124645732454328,-1.5602317077275318,-0.7168990730295322,-1.6470161196536819
1.086452771396867,-3.742393421489031,-0.9564288406580506,0.2802855742469138,0.05578408032253237,0.08360284556219409,0.06355378109082345,0.5153558183863682,2.7762273741817047,0.04280397215130179,0.0038726986735038607,-0.7013879144985281,0.061890684112060834,0.3137608925047692,-2.1999109886644006,0.19669859871357276,1.205162983815234,0.04508243508593572,-0.485140628316117,-0.9883057290051822,0.6376955894776433,-1.311355915097696
0.5807501223004518,-3.71119262995778,-1.0188002028944698,0.267442009805088,0.027446822474885783,0.07097939401181663,0.06973732617273287,0.5287035866057976,1.700018915343953,0.04280397215130179,0.004040994746393611,-0.8475681600558398,-0.20552977522987545,0.23951039755956696,-2.4184004776575563,0.07861462654593042,0.339552872537592,0.05869858172374823,-0.9315957690460509,-1.487843139722851,0.3580472104843494,-1.370798318018156
-2.3513737982383627,-3.4093828930921863,-0.5149974929456261,0.14938821768081154,0.5942943805400263,0.2719408201720242,0.0652181498236004,0.28692384106862356,1.6339311653053274,0.007437642458021464,0.007387918576248018,-0.14314795653298665,-0.023291514535237423,0.15776234825324095,0.3631875956586294,0.11202878044542645,0.5971986542573653,0.28952880279256127,-0.9518383267209339,0.09134102413060143,0.10623915946205423,-0.6419530082124396
-1.6561847198063544,-3.4739945309644846,-0.3091668442384646,0.09910159388664821,0.5001239483205238,0.20756018931044168,0.0676200111046495,0.2942085975227873,-1.820847689528173,0.006654227039737895,0.007487015598718677,-0.1501831395385575,-0.29617787528384415,-0.02331015144367489,0.24501271203286176,-0.09137210545786038,0.23772932126059074,0.05375931493940532,-1.3665826644678074,0.21568375068352794,-1.6333429884648099,-0.808869089233303
-1.0545407538122178,-3.682253511271494,-0.36312540833001067,0.09641043359147568,0.4700991549597123,0.20315538118408297,0.0694727126621663,0.20406581326457307,-1.7214662456938785,0.004578118850974442,0.00745202289109282,-0.15815244310771004,-0.287581996577544,0.0003922502686132843,0.21865426278953456,-0.0674307426318727,-1.0772619001364823,0.07241955586935094,-1.3188591076757148,0.0016814559152159075,-0.7912921536429897,-0.9394939158091019
-1.1981156670099746,-3.05244122222812,-0.051867800657903945,0.07032028656589637,0.40983862589132625,0.2004545531881111,0.06984715254289728,0.17879362315768435,-1.4333638962937403,0.009259343377370426,0.010581666093505644,-0.01166387321698295,-0.33620626020006517,-0.14440940138922062,0.21595508781009948,-0.01774914862574416,-2.0215128381998007,-0.12809690703210824,-1.4644495456557856,0.66631024575358,-2.0222775319762674,-1.5462174956692403
-2.706604153854074,-4.106565145206087,-0.5796922398431619,0.11580430481235679,0.4915923184461543,0.2649396359985842,0.06809669208932716,0.2733028235887767,1.6125504892977165,-0.0033018348291754644,0.00679564955344121,-0.035791432416845015,-0.11072865260434263,0.1252068257908347,0.5146396953521855,0.16813894796044968,0.4953430284685072,-0.09607889527527584,-1.1120363701344798,-1.1359382599146335,0.5661957080093627,-2.1884596951987514
-0.9604862511110989,-3.4669172585341017,-0.2380132017524834,0.1367347652593086,0.45127881149087345,0.19908630141429087,0.07168316227519722,0.2045754796025888,-1.5140665592438296,-0.009519019358002742,0.007378175190578276,0.07922513833812057,-0.2876375693420573,-0.03439557463394585,0.437677228789957,-0.00895417623899568,-2.114280318462715,0.21555059289354195,-1.0337666542119948,-0.26867643526967805,0.3477297286500743,-1.153546274131257
-0.9763455598026394,-2.850874346709796,-0.11999948328218939,0.1107848814694165,0.43453896491709776,0.17442261600045092,0.07583510443344446,0.18726708979516662,-1.42581327614383,0.002417121057049129,0.008718432453751965,0.1230093038031155,-0.22559464200220802,-0.0029181320073399706,0.4436641992145775,-0.015886158828512787,-1.4309546990743793,0.1338578365210249,-1.188225727944255,0.07168129028812335,0.20070614565656922,-1.6246748521974848
-1.2210808459814957,-2.466991796422184,-0.02249731623559688,0.07947214271592172,0.4350434859343653,0.17010961106398118,0.07138909765224341,0.1977726956079015,-1.247343539884077,0.004371174384456032,0.008281716261255935,0.26102218905405467,-0.24831154074324793,-0.020986358733805836,0.3458789627899877,-0.0296508428844796,0.19276336716555909,0.44550302076224607,-1.1926392201012233,0.3291217387140363,-1.1342300252901907,-1.1305250561050357
-2.445518692861985,-3.7502104262555696,-0.5214853693990561,0.1502374516527637,0.566970170571094,0.27004624769840374,0.06683626419078949,0.29025290390539676,1.5932947836277056,0.005957757605131445,0.008238407706072183,-0.20209487805638618,-0.04873869728840624,0.15815470951351673,0.3397220803722151,0.09450271365118713,0.5471647010899898,0.09907815931513851,-1.292540497084592,-0.5548921489981201,0.08779327911749595,-0.7682329155191367
-2.213126961358946,-3.738914572322992,-0.5543315301608147,0.18187515793994344,0.5558060599790847,0.27027861352444127,0.06829699096009313,0.24610523103115203,-1.0212307651971195,0.005540386300763169,0.008238407706072183,0.1390204257086159,-0.2794100357252946,0.15372173182978516,0.38737183213889564,0.050234574927016225,0.3241310028070666,-0.21362893511488654,-1.3491935151100745,-0.09264254082384185,-0.30255268671938335,-0.8853476860506267
-2.3375155599734443,-3.739193109429248,-0.44944830475235287,0.14169407720780142,0.5283878380375466,0.28091518618937933,0.06777913689259189,0.24670514346752512,-1.1020041796783326,0.005540386300763169,0.008238407706072183,0.11934664966964947,-0.2294491412823069,0.10663392091959549,0.2960637528176768,0.05210347865211342,0.1653608792067179,-0.21332959773882615,-1.3225439507030892,-0.12728668011000524,-1.0290489514651961,-1.3579038664779062
-2.2513869510486133,-3.7830151266491754,-0.45214657348222564,0.14169407720780142,0.512823570616682,0.28723914330645134,0.06630412299682366,0.19755346023956163,-0.9735093321706524,0.005540386300763169,0.008238407706072183,0.27002664967396584,-0.2313317670263145,0.059970850148577046,0.29214293840477557,0.04739852998945126,0.2519832776882092,-0.2335345274375825,-1.3218784462513606,0.19961847364084753,-1.028733420006022,-1.5903520900425292
-2.5459486583964077,-3.7871083209462486,-0.6324586079757395,0.11580430481235679,0.5354484803041094,0.2796893754463609,0.08060815417675586,0.2909345824408232,1.4373323262632927,0.005662607000995669,0.00684003176987142,-0.05913327367255406,-0.09026866674726744,0.07904681282319066,0.35432585595727617,0.13924833751351487,0.4739519087566466,-0.08352226145205609,-1.049716104275102,0.9020677369238094,0.490237661387342,-1.6978454545919122
-2.159048517919333,-3.53440817462127,-0.3835162854284118,0.1381024569082893,0.5354708833406968,0.2794922243659995,0.07026891846150714,0.2264838649587985,-0.9673046432215264,0.00890474517341048,0.007041985509760262,0.1582141935693494,-0.2992846560041428,-0.03386743643108836,0.25152554554212225,0.03941479520872819,0.1786051932112606,-0.23030264279793955,-1.401942956708534,0.9906188907167474,-1.8623216681636512,-1.0659601380459953
-1.5957319862453774,-3.5115651791653733,-0.45145241069284,0.109423130777613,0.45557308479958547,0.28290810521849274,0.06591308814929699,0.1443773237575986,-0.7473471525212798,0.00890474517341048,0.007041985509760262,0.25224746980097484,-0.2832889188174887,-0.03460908547571167,0.2779135414177429,0.06793585579211515,-0.6095436258078284,-0.27818746389070953,-1.4301746776746662,0.4835410610601383,-1.8156846352670244,-1.5891954134172814
-1.5230172421494754,-3.4720158239953793,-0.48673846569475687,0.11393749247057788,0.41810149205894603,0.27820930910237707,0.06642150796665758,0.1278867439934812,-0.5639712520979447,0.007958449401562736,0.006965807603505547,0.28106852504479773,-0.3121007397002769,-0.06359981433746488,0.27829351856193063,0.0649696381079206,-1.3726106640301285,-0.3188558991594737,-1.1328757056923142,0.6644094933499965,-1.828849117249798,-1.6622182187189882
0.8763288490764186,1.0946756169838543,1.3333933942840603,0.33057273664295755,0.3140758529770257,0.43670800500588214,0.07256173459252685,0.4337675282322673,2.662098625336842,0.023777606741376998,0.007131863348092813,0.571005152887981,0.20542649529388507,0.29341524864625806,0.6261778477482447,0.23890312793577692,1.4878338159139273,0.9002288916868344,0.27749645738471923,1.221531531891182,0.9390453385149932,0.17300115490112275
0.30470284223052124,0.9588534853302714,0.8850289669889473,0.3245558186262048,0.023332458951864553,0.4034387386001936,0.07853437318509551,0.49798840443577114,-2.0877334696395558,0.02414942566368423,0.009221307919412496,0.6784739935341724,0.3794001298874422,0.35994990143007466,0.6120381848641363,0.05927595099663023,1.8918870337529037,0.8633032293188206,0.21785123724731673,1.4053289414301529,1.0427808396058826,1.04189550577494
0.11376211677624873,0.8975800270254265,0.8382501889790587,0.30100804165681294,0.04522493547363979,0.416207781691493,0.07979136486704344,0.45487445769853324,-2.396872741877108,0.02414942566368423,0.009221307919412496,0.674649298579802,0.3191804582024618,0.30795681691986077,0.5628988187567873,0.059803932373972774,0.417692573418022,0.8809349115705006,0.30697887041000466,1.3515834488743084,1.0877185606698319,1.1512318721803831
-0.3029797420867906,0.7941973125375111,0.7964675676558448,0.2069008067958309,-0.1189047427143833,0.39868647778158994,0.08063880512792568,0.41519523449052054,-2.6397771845556357,0.024743091818298316,0.009221307919412496,0.6420246554405229,0.36770835147278164,0.13656180260652506,0.23124071473080163,0.027419864441822095,-3.032136152143654,0.3667382804972202,0.15234812155246577,1.2029073859539927,0.36954625248211315,1.0974132848688933
-0.4862547131835385,0.669663887268988,0.6218326029317591,0.1970467062034719,-0.15492512139713063,0.27449095860542755,0.0803266070407957,0.4109624116939285,-2.867669315365303,0.024743091818298316,0.00884452374508214,0.6380422569855869,0.23912506012943938,0.015604514164522286,-0.16688805365399104,0.03046108515863976,-4.10691377431546,0.014404427960102594,-0.02135095512468539,0.7073741912262572,-0.27908770466041216,0.9114533504115839
-0.7072418756238678,0.4990400619679387,0.14940268919483007,0.15006639204901165,-0.4383228442030399,0.19854655263276463,0.08178395298030511,0.28749874390457436,-3.1413570447418016,0.020166567333753292,0.009173968028270937,0.5080667719236548,0.15605728165770066,0.01209960433345053,-1.2072454464381277,-0.02198760482705795,-4.196709091745392,-0.4060728642981991,-0.22035814189118205,-2.4392316834555854,-0.45759057291635824,0.022916283238839607
1.1455235237497787,1.1836716419016957,1.8129620103582755,0.36256932428083577,0.7750737827832376,0.3391614424084211,0.06825488857080435,0.43557729783750015,2.7543703809330458,0.012405597949684174,0.006621234073222741,0.3128336412548918,0.31326938339984983,0.6958841028216538,1.2482800677971397,0.3720003410170945,1.9794701108255275,0.5789462894741663,-0.4828834812818073,-0.2412648717120053,0.8251642491473843,0.08355578711258993
1.0910249745474812,1.3809487146226926,2.029415954344144,0.4373580916890462,0.7535386606177336,0.2887239241728111,0.07256379851528097,0.554373985196395,-1.311553591103013,0.03178910448755549,0.010883067440164151,0.16192450783794196,0.3158203711162437,0.6246790175032154,1.1208871922326449,0.30648183887990865,1.296453964837929,0.6054562104071992,-0.28029797929693906,2.4418033702591955,1.229193438519849,0.3140269508596332
0.7504049075759687,1.1812650060919085,1.9008772317783025,0.21440112037752473,0.7530685041482506,0.2741562488339805,0.07314747709515164,0.426573844494888,-1.6795671462228556,0.02505928033457139,0.011664224750574267,0.23615335601230952,0.26190733602189237,0.1484772247768969,0.8846072740751566,0.16908506431491965,-3.055329666953767,0.18547089726304902,-0.4780315886661401,0.7906910462140222,1.3768464663386788,1.1241795064818023
0.6222731866918175,0.9112187695222321,1.6874832163432556,0.14843852547991315,0.7042558923270651,0.26808347215863343,0.07359508167089536,0.335196569179955,-1.906882244922201,0.012957016108134019,0.009369167370653447,-0.0496003095104327,0.20286360610829698,0.33511528415655983,0.6503620428668779,0.17711022118637795,-2.8055169251926606,0.4605459129830982,-0.7998939128643165,-1.4323750708014273,0.9078112150290586,-0.5826593385151068
0.6210491921820706,0.9026654107170659,1.6614633271823902,0.1424666481726144,0.6745243905383651,0.26808347215863343,0.07397263067721893,0.34275308158696444,-2.005672028567064,0.01555345799427452,0.009369167370653447,-0.16794159996992947,0.18809815243257647,0.3319331276521678,0.5619551227462879,0.17484632989746846,-3.6803177581420177,0.07479064874474602,-0.9804931841458342,-1.6676268692510174,-0.17834482139235294,-0.7022001539065168
0.6259899155973299,0.78994641101798,1.5090029048240634,0.14847365068389054,0.6386570151431644,0.26808347215863343,0.06364912798552105,0.35040422176072245,-2.1056277274025437,0.014648636830127886,0.009369167370653447,-0.39989173840396564,0.16929683458375183,0.31802618226368257,0.5123337181707908,0.17117242875756916,-4.256918842632478,-0.17505108650322038,-1.4090290530511604,-1.5620255867670756,-4.196555643360116,-0.9793965210457953
0.3592667115947472,-0.5483777553853727,0.7514060149820576,0.3281434676378332,0.2293756306899923,0.17640503409541933,0.03285905605429055,0.5495053300867879,-3.1838791539741833,0.0355293417124493,0.006716203642716396,-0.9346027342136044,0.017080594957912622,0.08046079862108889,-0.6394227516608304,0.15330748187989496,1.14648387915853,-2.431580780214652,-1.458780529958483,-14.685035221776706,0.27829461768982444,-0.5531989532774125
0.19004795815091535,-0.4812468488696659,0.9404089788493861,0.38542160785605367,0.23918882262614635,0.18963083274770465,0.07811238181826176,0.5642254641983292,-3.198701194145115,0.033608702074660636,0.00768334509588569,-0.8157236748263251,0.06518648304841107,0.18990729238538315,-0.573455444921714,0.15974699695682865,1.4988616987112635,-1.7018025761024245,-1.0120528080323614,-2.408139633947726,-0.4755086699705364,-0.3843372044970152
0.7289041860715454,-0.46601589241912783,1.2291377802750854,0.38346899210291024,0.27778361192391904,0.19631426332906618,0.07868764073327016,0.5749035650766707,-3.0770074215201966,0.04331029259537769,0.006800753515974149,-0.43932403711787066,0.058352324347784916,0.42249202745593695,-0.34609939357484737,0.1932637750582173,1.3766226667242296,-0.4065757424236825,-1.2858705025188362,-1.4843068775890234,0.5409293123036671,0.242956610032621
0.6580892178411338,-0.421056062061741,1.1042224827632443,0.47729701209216907,0.28013879002193326,0.17785274251824273,0.07485227911342181,0.550351707307094,-3.060971761473914,0.03509259566739247,0.006800753515974149,-0.33419098757202353,0.12758919338984537,0.4418209373969117,0.020163377946937698,0.18399354375117383,1.1705151749183944,-1.4522383933956793,-0.4717679165004804,-1.2474313671402764,1.1537444778285406,1.0217990752456292
1.6612744443920997,-0.54853131918528,1.086603335845535,0.48771739431964656,0.4004415058946362,0.22642193904722896,0.07095492126872913,0.5746380411192346,3.2130327264099297,0.017162680533370243,0.004335012585637739,-0.2347716082583141,0.43108893759691297,0.43038895999856636,0.5814028005025534,0.2741737893495089,1.528355996108326,-0.552736898510574,1.7395597407292316,1.0408750932617306,1.543356432818676,2.8686555518280525
0.4299072725545006,-3.699334152910131,-1.5124516368797958,0.6301936228043918,0.2417056404437624,0.21452864485698256,0.0694627324793426,0.5497810258000946,2.9436320156977978,0.012393592948379537,0.005303577357640359,-0.638262744186078,0.305301596993281,0.5905574796776467,-1.1512419155688236,0.20731407560513096,1.5075182239744949,0.5722966638981309,-1.0170577592015169,-0.3471092260752515,0.48092766449817503,1.3209125994872726
-1.2484461855626292,-3.2834710731439025,-1.8239868743530443,0.2501405596835903,0.28220729629341484,0.1729441744309119,0.07313027713965203,0.4736226558860996,-3.3794488277481745,0.005657913333850863,0.0072089651213465555,-0.7412289228286827,0.11697354405840048,0.2489282369049909,-0.9992158248278538,-0.16188347413208806,-3.7677546873621335,-0.0585207656031946,-0.8141530905479237,-1.2616556372807093,-0.35014454874978,0.0758517821774772
-0.980702932741124,-3.078507438703787,-1.6979928255790169,0.2942551352311463,0.2516988731565936,0.1844169467900355,0.07627105189656808,0.47297579163561076,-3.4549417616800095,0.006338438806492265,0.008019169040781815,-0.7493619663757481,-0.014522616192741979,0.27214702390694856,-1.036036257959333,-0.12104575245889378,-3.978626540806546,-0.0005312266916760334,-1.460669209648332,-1.053688467241306,-0.2768702251188894,-0.2996579555224701
2.0101378401623298,-1.3993226142683186,0.7320514982149524,0.543802591426314,1.0865016758001598,0.3663864116641324,0.34025956960987863,0.5509540687270692,2.698226683013001,0.004828756183163726,0.008436085610194011,1.4438843917188053,0.16459736077069329,0.6135025503515149,1.9526618374825255,0.18099149496204567,2.1550551854633118,0.8668762784125073,-0.8457897970523922,0.5749374234299579,1.184090491892024,6.658749184985768
2.0274269631261177,-1.5121691337906857,0.7235142746109618,0.5742946411904574,1.0681714674680858,0.3207195590189906,0.35938552025806414,0.5117190521032171,1.8153979751899205,0.003822538521399358,0.009034947371966251,1.3171881807955446,0.09928966473332212,0.5870649400566061,1.8181670908014247,0.09597759427539396,0.6297896924209155,0.5117377158115638,-1.0247877610305618,0.16573399763162186,1.0577085926906895,6.168699291667524
2.3398576555536743,-1.166761581227663,1.2699992387083032,0.2846570770731529,1.048753718382934,0.3025299326321288,0.4627486995864875,-3.0992414016938543,0.1681660641533071,0.007140669248978564,0.008047766618603732,1.8724179277953885,-0.09209791982307258,0.6078761625299767,1.8409755797845684,0.05544169122755607,0.22097121286409568,0.6712522146988137,-0.7893605972935471,-0.2888512126251662,0.6615458366453945,5.890775638612796
1.9746658537462394,-1.4016082144318844,0.8578758902738574,0.28763621588878285,0.938256408351923,0.2625990304155198,-3.1831771584918807,-4.385459911066561,1.6270915035004256,0.00018980683896582188,0.013710046009501754,1.3588508971181918,-0.22298624949135173,0.1531818675978944,1.2635608958854265,-0.03119568823398587,-4.355561731923797,0.3354674724727653,-1.279020565495409,-1.7378594753565788,0.07763326161176193,3.0057798820689707
-0.8704472483306709,0.5978300131120715,-0.22794366413862482,-0.5586762899945188,0.5516147186075453,0.09312377502326975,0.07822559857898934,0.38555926869509693,2.4115228352562696,0.07198071222442405,0.005858726730674241,0.6108432526338536,-0.7896476388119482,0.7695186372323117,0.369198025663758,-1.0461372553723072,1.0851773786258787,-1.4018040305482566,-0.7333485754547415,2.657080369095209,0.4180518997461203,1.3355266947698627
-1.0797774269113662,0.5971025840856435,-0.28204853420179476,-0.38246510329479233,0.4935911998190543,0.12088208544994257,0.07791616459266082,-0.46180646414195714,3.1119948145217737,0.06361932486726626,0.004082271491380216,0.2710696413884802,-0.5133090187878676,0.7350344633459995,0.2918514669820361,-1.065011304938298,-2.660944460719856,-1.2495473020079886,-1.0013917635230045,2.788263992606595,0.2882244343738038,1.1237961810955137
-1.0620583458052215,0.546720977393033,-0.2923954073208592,-0.4199705937435313,0.4315812664803197,0.12140251250873978,0.07700596449844985,-0.5042829268678592,2.337463505995701,0.05925792666561917,0.004217436833818699,0.0705118174571196,-0.5698779126915405,0.6859157916827066,0.24938449253184652,-1.1397268152958182,-3.241450106670866,-1.353117160465472,-1.3675783501843042,1.6433048115503421,-1.610170133988911,1.0935490715082226
-1.048825899942636,0.4926630350240665,-0.40577547224756383,-0.5167460699977475,0.42881840373240243,0.11626098550670762,0.0675633885079229,-0.49995591458951305,2.10881887552414,0.0515312990385294,0.0038715037673309437,-0.04838954712018298,-0.5695482663255622,0.5327992229733561,0.2034537191243034,-1.1662976926149788,-3.190077097335091,-1.7831843590266043,-1.4239681721947626,0.6002499969767696,-2.357635168785661,0.961927524648901
0.8645744018240832,-0.3256010432865452,-2.2564931662754537,0.17569508909330708,-3.6185697613664916,0.18461569604041908,0.09133210280337768,0.22910041817102897,1.5073134932057772,0.01441042164271085,0.02449402329514542,0.4012607825821377,0.19651103244904752,0.27585012547543175,-0.12267181475523813,0.09831227910365872,0.5871080046918746,-0.13519110075934018,-1.9353037410004612,-2.4405003032283794,-0.48608915519646323,-1.2088923979817863
0.7072521680524173,-0.3030295642039403,-2.046563124118638,0.189057519024191,-3.6033192480883427,0.06420902326598169,-1.855723965112513,-1.1566900749008775,-1.7251487289973828,0.01616838102296665,-0.9938157921580163,0.24289587396329504,-0.15437740630156943,0.217732340879467,-0.2749277143320354,0.01660953934810286,-0.06359916512884968,-0.033365685665126404,-1.984629496149605,-2.298169403398414,-0.5812601053621486,-0.7941924497235772
0.6687347203613683,-0.31455320051466656,-2.0689317016513002,0.15298593382075576,-3.249153264133923,0.04594361118136982,-1.864260764493683,-1.1452974016125972,-1.7847791745429604,0.0183865337559826,-0.9938157921580163,0.2472370180047953,-0.03189975799862703,0.0704099553174312,-0.3454813321510721,0.01285365962085803,-1.639593207671239,-0.05731739936132654,-1.9107342268029732,-2.023079271077527,-0.6408660268909852,-0.806289579388238
0.6251397951137525,-0.30200372792197316,-2.0331305413602214,0.16091004009985155,-3.1863395775992096,0.07168030634889269,-1.8645689041694362,-1.156604040706384,-1.9960990973126909,0.019120126954371916,-0.9938157921580163,0.1556731852990928,-0.13335727679073156,0.024043873933354235,-0.751839275965587,0.0029574682815940185,-2.829129540949795,-0.14722938280395725,-1.8896282378735163,-1.8949900616738615,-0.7873574428451675,-0.8029576499465664
-0.41583456741507707,0.8184489608758401,0.08660862332312202,0.43607391480855295,0.42212471870773294,0.5891640109444222,0.07008807502502094,0.6494628610393072,3.637718302270855,0.038619940674253186,0.004472173356854213,-0.0022123258567512743,1.1041887651744133,0.6637288422933131,0.6370102842617733,-0.09478735721404224,0.48582087327302426,0.43605415932067043,-0.163465649122951,0.6339307542109313,-0.21120861935647023,0.6383615599824802
-0.5289089374446406,0.8183546114613777,0.08347894105661892,0.44058357020857875,0.5041336495132582,0.8719864059329859,0.07062222293535936,0.6633579685349043,3.828425991662275,0.038619940674253186,0.0047847532373219166,-0.0038893379231593984,1.2148779956843547,0.6574213372004334,0.6472593097944228,0.05976485843645073,0.7145022496854442,0.4605978066601852,-0.14357193276729238,0.6294700673157655,-0.19148935461973604,0.8370266848255191
1.612745255980358,1.7679445851999471,1.3700311897265027,0.5192268606665804,0.7454042659254275,0.5504610820056128,0.09498662523279634,0.4523775889954427,2.8048027545300513,0.07489155937851973,0.006366728177874748,0.06083683544446754,0.752000643066071,0.6144429441599557,1.0675605672263555,0.36806987263052776,1.8288427417363056,1.1648193170685563,-0.2485951756534304,2.0848498748868662,1.7084187825859287,0.4076551329898673
1.2952749239626475,1.4336519538824688,1.0416882810662977,0.5118510202850339,0.7500624673010983,0.5374415086632175,0.07715994806101589,0.4412046832750878,1.9301054481534987,0.06305166142382397,0.006885718554916184,-0.08304248693896103,0.5845311587425126,0.40061076346605273,0.4671878453356207,0.2219648647696212,0.7468155978287141,-0.2887523332601153,-0.7810224895146296,0.6778141811708995,0.9461398252014789,-0.15766794057930833
3.419893107668144,1.469498146111488,1.4886109243410377,0.5168303478865786,0.42651615446090746,0.15961982879094283,0.0651762977231227,0.5548145939519769,2.746409945814436,0.07041545591619905,0.008754410819342211,0.6020680601137868,0.373871411437356,1.8487552213363705,1.5213064146129012,0.5144090676305784,1.5619990941024597,0.8662537140533751,-0.2258646532764083,3.056152257536773,1.863543298447787,2.3793373797008077
3.262663806814698,1.4078040203604825,1.4310547865619374,0.510137107986213,0.42663761914138176,0.11010419691303432,0.06681545976547063,0.4962019019691935,1.8727108148719276,0.06679879785580319,0.009450305473752491,0.6406362180392438,0.11240202170331952,1.7906012549617218,1.2468568940852898,0.3274531192500625,0.7732769490487169,0.8396859872963808,-0.2832968704785557,2.3737242900212965,1.8050149519006893,2.4881717479524776
-0.24109605776212328,1.2858546755729472,0.18871007146851715,0.2822545060312579,0.22204538987506833,0.2851738031941255,0.06716493507887455,0.4410825201501416,2.750491054168107,0.12656170369744224,0.006454926676058909,-0.6132913046563114,0.15001887407466366,0.13698927241503886,1.4890299010825303,0.29416719313156064,1.3692034192471993,0.5116906572506124,0.9316120287495935,-1.0210965703666297,0.4140044199789161,-0.23815518375643724
-1.0133572931343913,0.9467085079253138,-0.24856672900022095,0.21147015456264392,0.29681017820052674,0.15321815756980406,0.07234216479671587,0.3720489845572026,-2.389556541888631,0.10334504620425183,0.007057522947247399,-0.6011625790574538,0.18769897684938597,0.05438738963064673,0.8310209754288169,0.01905582396627114,-1.794283245178775,0.5183183423376405,1.0630374362244894,-0.5065500986972361,-1.4505926931419622,0.2578509107537472
-0.9939783066700103,0.7244150458996893,-0.5887701546964228,0.15742168088728256,0.301711817662444,0.10584102270544016,0.07103601514126559,0.31856104347482167,-2.634050372616121,-0.006303020687894231,0.007277984552079009,-0.6964307479496761,-0.05249442108994772,0.04135058765107603,0.480338552649688,-0.014059917499272927,-2.9207104060952047,0.4956771366828491,-1.2594231356421908,-1.058228662059569,-1.5669445207049013,0.38239201800289346
-0.9860976021083755,0.750418766238305,-0.37516295663937704,0.17333366754277854,0.2628263079930866,0.15692235754173678,0.07139525145523169,0.3224521812999428,-2.561669603350013,-0.0058418300558603885,0.007277984552079009,-0.741663869846075,-0.061936389565150636,0.041445270745384045,0.5213471818182367,-0.006474449017727471,-2.715301616548767,0.5167817904240384,-1.3461297493740678,-0.9641048198238276,-2.346836092673784,0.4099572934839354
-1.007551317283508,0.8421337012929108,-0.4780218274293817,0.16975236323839127,0.2783167316778066,0.14072769460693718,0.07092561166961554,-0.3500541780085932,-2.6394598168583614,-0.049263220116955414,0.00948715125832045,-0.7532798933526279,-0.04184672730528481,0.047863041855430534,0.4627763907442995,0.01522055929518705,-2.314614135452405,0.4228437883479616,-1.4626933540083753,-1.0189895573383227,-3.094750691226278,0.12946086661443423
-1.0372422706722424,0.7975642648904194,-0.5688049529129023,0.16975236323839127,0.2788256581269465,0.05738083924093305,0.07092561166961554,-0.3675732755846269,-2.6268158919260145,-0.04927520726456089,0.00948715125832045,-0.7255843700389593,-0.04216234058130794,0.04705695720342871,0.4163406048051839,0.0145463322490497,-2.795120519103775,0.4374204761726752,-1.4730802171709108,-1.04543517954411,-3.1556355750142338,0.04659796081304767
-1.0365756011437994,0.8154295065341906,-0.44536089921719346,0.17316149646972573,0.2788256581269465,0.16646438977446004,0.07103601514126559,-0.37105591847623837,-2.538244652402977,-0.04927520726456089,0.00948715125832045,-0.7239211683710274,-0.0348487744046213,0.057574210419331855,0.5540095213065671,0.01455210725221942,-2.522703921841352,0.4848115362655731,-1.3957329218656505,-0.7457558085110689,-2.827146232309143,0.27459073218862395
1.9910487115805278,0.8219112765078864,0.495558161107094,0.2359097836564159,0.7161184972259708,0.27625113210881064,-0.12092168213927819,0.4320701618517819,-0.958783515152919,0.06206349032730855,0.010302118030551371,-0.16645794523072416,0.27651634501947725,0.6999915232640008,-0.2629006742136612,0.19948540428611944,0.852350464157707,0.488954502595417,-0.8373592907891257,11.145926707472615,0.7050655327501985,1.8082774646077646
0.9016044896581336,0.24414829949527586,0.2177931413786529,0.11220340905617664,0.5036560488130658,0.23434587384268812,-4.2523486554839165,-6.451563708430384,-2.0106592970898034,0.038435659527266006,0.008212602799576422,-0.8636243621190204,-0.20795216198845332,-0.44360510146150756,-2.3136467291177474,0.045711171453993914,-0.1488321190667351,-0.2098702698971661,-2.0507216375756383,-4.397661245404248,-2.9008902056845107,-0.7073993298774259
1.43222805063593,0.6545069260926423,0.11271520719926498,0.08605474426920917,0.5611604287077729,0.1444676703978672,-3.9520363562989065,-3.3524040137554585,-1.8135279817383296,0.05231696722116643,0.009210293451259833,-0.4935366982987458,0.10689410542870603,0.23541664369478318,-1.251607060658297,0.04413370709112062,0.242727763462111,-1.2156011240696007,-1.1222920415288777,1.748901349703091,0.24891393709162646,0.6556878647218121
2.0479113265519335,0.7927815383426341,0.3039616835793408,0.1412243799651077,0.6454201768882022,0.22282503962876807,-3.4660411608377855,-3.1479427660546517,-1.233378860023458,0.05060034667600123,0.009210293451259833,-0.28476034518949406,0.12420011048940051,0.6564820782206547,-0.7744792917324447,0.09265095154573273,0.6033698543482195,0.3090609971519601,-1.279645751247274,5.478986833835211,0.6973242373633737,1.0958481677668992
2.1783068932928558,0.9174971102755656,0.5465481679972353,0.1989170379682127,0.6612898810848571,0.24248345268314256,-0.5200409786448149,-2.602325705940475,-0.7795617294182421,0.053861800944862474,0.009878398315351021,-0.15180309233914996,0.1769251269664958,0.7048408779142399,-0.10037259605621457,0.12857114077788914,1.2492954464871273,0.5889203918883349,-1.0042068237072017,16.02625701579745,0.753329538372464,1.369556544329422
1.5344153524887247,1.149665887676051,1.0844345382160974,-0.2671169748862618,0.27110154317459717,0.23629875221207214,0.2557381345288214,0.5512394930269476,2.866295374693197,0.1650655476074147,0.0051799097130248994,0.6940700380289637,-0.4722465548312407,0.9876325101153235,0.973880174517407,1.4093225287573634,1.318031925225778,0.7584581237830706,0.0631207213548799,0.8873517630490222,1.9434891978029831,8.718324481792255
0.5374763876914366,1.088357283220988,0.8195283997848358,-0.26950302018190553,0.389235363015939,0.19206220871473906,0.078076672413721,0.5318295983675243,-2.7296629549982003,0.12397956437152323,0.006272467812907053,0.5739616174474614,-0.5228295664490361,0.7212473288376904,0.28451633388903774,2.230282578214666,-0.601830286383366,0.9272459293506601,-0.004039396068005308,-0.3683333516115629,1.6532724276674087,5.219031713600476
1.2821133901586161,1.0035612386667598,0.9241496917478517,0.2533852081987875,0.2536762453539878,0.22311264841533446,0.07636243808833695,0.45160525736702123,2.975787866469295,0.1618684011832276,0.0046805949026293495,0.8470346640193965,-0.29618459486505183,0.8474204662171876,0.5155379573229684,1.7316605546476285,-1.3166128968718245,1.2335894233951539,0.6190610210063265,-0.6205271644570605,1.8960476653951115,6.285720556194277
1.2104730061330382,1.102662969936789,0.9810349463000345,-0.48127850002618877,0.2991870326000994,0.2415191785814229,0.258040180693015,0.5135650612191495,2.5177816369748176,0.1429683783362428,0.0051799097130248994,0.6447725224206157,-0.5455300289454285,1.0389541027225915,0.3007342548000416,1.4429647695247751,0.2018678061005604,0.3625692903547902,-0.11440206989042054,-1.5381759746324257,1.710467598633375,7.101184396633188
0.3711011814771483,-0.8191940112946369,0.46067982401752605,0.26559826656135566,-2.071308160305515,0.16160081823227138,0.07597479466864426,0.3899922646367391,1.7540374222559494,0.04895454397444171,0.017803497122466767,0.4321640996583079,0.1288037869649729,-0.13253113134404523,0.08217309645149296,0.28731924327808056,0.9239513734930306,-0.06002173543661057,-2.0214951276424133,0.03932575389911514,-4.000991595104086,-0.5400665756238359
0.6977792795566494,-0.45940241232511103,-0.06469544001781062,0.2842467812877811,-2.096205544125133,0.10843039794199771,0.0842560001743207,0.42656628816589576,-1.9947940313519132,0.050745292162846414,0.029234559278089593,0.4996312674525027,0.2716633094396873,-0.018245351783590904,0.27463407106342613,0.21182045548993497,0.33516939571719206,0.4369088056441964,-1.5009925405455595,0.8062984258689214,-3.1537222756632595,0.8817060479587678
0.7401025346594574,-0.27978169875214837,-0.02322180565423539,0.15485269202702553,-1.9545001465523564,0.2737900465542657,0.08474155173357245,0.3646687022638803,-1.8272723722117978,0.05244485455440313,0.027025392571848158,0.5192978234757699,0.459575142274397,-0.1239911897698295,-0.03440192571017262,0.15275266023065512,-1.8188383621015631,0.4606506193440716,-1.5665548498328503,0.5258344055962723,-2.7582854717507668,0.8487127703695552
0.6921798290541302,-0.2778046087340651,-0.053518278609293014,0.15114172341647794,-1.9744607360056599,0.23223626557211208,0.0847566335502501,0.33971094721377354,-1.6192018407947133,0.04803202043826722,0.027354836855036955,0.6659390334662649,0.45828057364040414,-0.04875197943055685,-0.3016958972368647,0.14537054526013984,-1.9717359755768076,0.4101564805162692,-1.5428404279040109,-0.029647658546828343,-2.474890374075239,0.5700685771943456
0.7002365352915404,-0.4141487960727534,-0.20676811557850874,0.12893852364258282,-2.1043702417807646,0.1724769695704339,0.08471790460946164,0.2572735000663755,-1.7373456708861097,0.044461385931128,0.027354836855036955,0.7203193287957987,0.4659432009890928,-0.08962308051050452,-0.66591755951868,0.11923675106507602,-1.0676401485665432,0.08068657811229922,-1.4815395269983642,-1.7529714899600697,-2.5563366568047488,0.22878000629363418
2.204825049679841,0.8394638782415389,0.05014210856706248,0.5132518239736492,-5.008123790990117,0.46331206112305673,0.07883614678186825,0.6317715410123789,-4.34953217608629,0.03749360367813029,0.011812015059560739,0.3469711473354964,-1.0462482219480496,0.38149300823111076,0.25475537798247977,0.023699698605353533,0.5306836947472877,0.49100840882523317,-0.14969824752530278,0.44053209694393725,0.12874643169362782,-0.43978082615608877
0.5007946877191828,-0.5430698531621001,-0.2641211235695161,0.34068836400712194,0.13388890378911375,0.12619584195460656,0.06523974705423574,0.4648510378339868,2.5261597998725875,0.04331063173158328,0.004343071715569786,-0.8778841266191948,-0.0015351873388008983,0.09868476981732563,-0.32032337282923823,0.25319784131700146,1.0633537779852535,-0.2776124519909558,-0.19299179301195749,-1.676734761048373,1.21572697189767,-3.4431655280111553
-0.02648207862756583,-0.518996907077772,-0.23950679110743006,0.305624332594403,0.1333612083992136,0.10764881240742112,0.06578173861428968,0.4538378856380155,1.5907591761824194,0.03810786027285058,0.004717974844677959,-0.9646253020566096,-0.08456501929925773,0.08411208621417475,-0.6801656244331086,0.2039194228518817,0.6372094722195126,-0.6770691920471178,-0.19862843686697576,-1.879978246043404,0.10002248085958192,-3.559426582522581
-1.0061889885525452,-0.30991867084481295,-3.666087907568665,0.42275240149121945,0.2961842347916788,0.15787714588467927,0.06492970138495983,0.45365382218628447,2.955278692528895,0.019102940415753066,0.0027909884205402787,0.34120035072310634,-0.9749472068883132,-2.720482812428103,-0.33541882684049723,0.11067736626920362,1.477176396304104,-4.281606486880068,-1.1756001100998439,0.05725091288750887,0.3444047965487895,-1.0351294883440183
-1.5941524385172148,-0.5387367863914321,-3.870234864856485,0.14735406327162323,0.3911794105223032,0.0917895124515446,0.06750339589904981,0.3890223566794654,-3.279972105264812,0.0055997232152164645,0.007165077290824183,0.30963538419608666,-1.20150571549786,-3.147579925915656,-0.5832579457359617,-0.0905464924450815,1.2808373211763602,-3.887138580280474,-1.887607694384285,-1.8301897931403086,-0.13871411135921646,-1.636365131829994
-1.651705707655282,-0.510103591192989,-3.886031147688882,0.1734230109760715,0.39589533364152585,0.08822471107977202,0.06756870949502684,0.3076671210852883,-3.4729566058358468,0.004826931185853606,0.007165077290824183,0.29303208464660757,-1.2176498506736206,-3.145595824458043,-0.5770056600771217,-0.12910474527688423,0.5969777727559394,-3.9901246656989175,-1.8373531557501102,-1.9146934044179766,-0.17506270421760117,-1.6331939988816413
-1.7859997893953479,-0.47269587421113146,-3.942189602597112,0.15589168403290285,0.3498704868591262,0.08601934105584529,0.06823861494237733,0.31513863588744656,-3.733910970754985,0.007231738902987948,0.007165077290824183,0.26591565153397273,-1.1888862401621902,-3.0825447473642402,-0.6617397386097018,-0.13288930865248003,-0.28491703821606595,-3.6676310976445676,-1.377375719506629,-0.8254220051440881,-0.4858009346375309,-1.7058413184331478
-1.547570854199545,-0.4820492895491514,-4.168218865120836,0.13586810981635905,0.29970051243679263,0.07028532685934945,0.06855081302950734,0.31937623477706223,-3.705105538418483,0.006610656575004675,0.001925398141272428,0.2557454997362646,-1.142474383695476,-3.173395587002692,-0.7777323265777684,-0.14304180115331416,-1.8611950199760396,-4.097712101493139,-1.498606469264398,-0.6666084895993902,-0.10925971961553467,-1.5530849090786287
-1.8303701637789818,-0.4228732312224476,-4.1657654048887816,0.18023490698526726,0.29056096961184763,0.09450376058064144,0.06908385829060039,0.30507529971868663,-3.7545801085286667,0.013244536980040824,-0.0013193768010609467,0.27861203788855754,-1.2168384977193214,-2.955099115875837,-0.886370437125062,-0.14871824360009508,-2.55041201066036,-4.288681498612803,-0.9260481744498117,-0.17001525342097482,0.6404849723252378,-1.5399000924594484
-1.823790622422864,-0.42725632511777484,-4.192998479340988,0.159072622210354,0.283313752827158,0.07792265549726368,0.06908385829060039,0.27235619101712183,-3.8220319537718734,0.01082649751306253,-0.0007238665486433919,0.26681279934694535,-1.2682249360805176,-3.0073864531310663,-0.8048720698622349,-0.1816393121002349,-2.680460538806766,-4.3470643527292205,-0.8393999226155028,0.05240216491640776,0.4096700434659431,-1.3995401194962078
0.4395865231952413,1.283731898595685,0.3197103678692304,0.17681825329279546,-2.4826590426600834,-0.12694103906970008,0.07194356463807448,0.2758834318203335,1.4967746220244227,0.015118961591783796,0.017391620403678025,-3.5408512114586004,0.07452705288124209,0.1685610368700718,-0.05538363194753312,0.31184718606976125,1.3412341977437792,-0.03958627901658579,0.1308677617115322,-0.8238316560956617,-0.22870653329140542,-0.7428281627488277
0.49600478357319533,1.1930642347059746,0.5897966474606169,0.12510861576629223,-2.7592313952639658,-0.1930815769446674,0.07753159110693425,0.3089912850651216,-1.475071687060435,0.015968308469113287,0.030357525831588586,-3.9708841152104553,-0.08681289866629217,0.30659016204163575,0.23184030756660137,0.21599174221235415,0.7236059472012167,-0.22122408603523822,-1.0133434262914567,-1.3158942432360679,-0.6107349194973454,-0.0607777576834082
0.35683852674052363,1.2032040247428712,0.26702625358330057,0.18398657176833602,-2.48730152434738,-0.21022098110395046,0.07376693049006959,0.23246228159057583,1.3451537846179722,0.015768453556397468,0.017391620403678025,-4.07954466602004,-0.04889985956828971,0.1931214671575172,-0.04614017201938956,0.2901347482036375,-0.08324105893543476,-0.22307065712316654,0.1940384340150973,-0.6528334634627397,-0.5925081129381029,-0.682501789417119
0.5482892277817192,1.0444152990359172,0.2782707122077146,0.08087533910540282,-2.313937089341095,-0.08560853016999578,0.08131190376998954,-3.4247327348833756,1.4429897398509197,0.017958756201308053,0.012354039061688594,-3.54205518040067,0.05091757651931218,0.06608807964497737,0.04768867676679502,0.22806621973541974,0.2757399802704628,-0.15757510383524978,-0.780162575919486,-0.34881032441636295,-0.9482591084583382,-0.4334616405361011
-0.083547461962034,0.3474345182941942,0.17042058664249046,0.11898468217994895,0.1708921381558554,0.17095456012994031,0.06324319322188242,0.509368549011929,3.079776101813109,0.035850910104759035,0.004449976422506997,0.4203850824664799,0.16837487911425023,0.6531626360103185,-0.3750176150235153,0.10230502650800305,1.0551420537375604,0.6329080893098713,0.08188051724215305,1.2578947621065337,0.313594119867863,-0.6281486311591318
-1.274099435235524,0.46202695932586463,0.0593942372313698,0.045779025243011924,0.14281137880982367,0.06992343709232293,0.06631608522009058,-3.5066782446725058,-3.1876961872342173,0.03020341267468419,0.004005646818430045,0.2101145195730271,-0.051697121399079955,0.42540450276916547,-0.24820676094695546,-0.20485805641879729,0.4707810749538687,0.16732592143495348,-0.1543171639142829,1.305135257038424,-0.2545234794635585,-1.0709790552576142
-0.8040774222549338,0.330477884795166,-0.08764630602308512,0.09681557121712957,0.15032468945522726,0.13460979440108364,0.06630718695419924,-2.9608399406776518,-1.5202430171571926,0.023169129637948364,0.0037005283239408644,0.6480658291968457,0.0037452395174596828,0.4938988520716631,-0.2637567082922818,0.01505450512032899,0.2042887893176265,-0.10434608483551408,-0.14691428407435023,0.8525673618899735,0.055548508123364586,-0.9970759721810597
-1.2735012816824982,0.39779524407122774,-0.04180993038192686,0.019439713806813044,0.18542301025665778,0.11383594156877305,0.06725615214762777,-3.304928561160553,-3.1321651534928048,0.03120192487873652,0.004005646818430045,0.2326108509299001,-0.03201314400341392,0.2675309244358774,-0.36302182528295074,-0.17769267695667948,0.4719957395824351,0.051978353470074345,-0.14946556846327336,1.112620501192988,-0.318689582508099,-0.9214130613071472
-1.3293833902479322,0.27394002639274334,-0.47637202314824,-0.0028681668064531717,0.08904140296061563,0.07492334567078293,0.06450454265151648,-5.071192845986101,-3.5835514404291953,0.04887115923194504,0.0031834084764081273,0.15005786092208465,-0.12266668389864528,-0.09714059023397734,-0.9814623117715059,-0.15693984013548032,0.07180525230881095,-0.0132700893791035,-0.8188774073519062,-1.881785429193902,-0.37905049855065015,-1.142530814945986
0.6355034400262474,0.8195955373620746,-1.904199799933903,0.5166075623763502,0.14370438052761467,-3.071760158157961,0.07535712121224464,0.3969225067418214,1.7702422611500668,0.024897304311945097,0.004975919428554501,0.04210413003686182,0.5601897379833721,0.6055209863287643,0.5698809868206569,0.23030556255490706,0.8301557585501418,0.07270896908525058,-0.8388076444199339,0.7285848416966508,1.5035991938328535,0.0894697395141819
-0.02244462154623341,0.6229814785515166,-1.8240016850695577,0.31603884165484863,0.05673739158604128,-2.3747130133097425,0.0853936083192741,-0.9027531232079693,-2.4815043587077765,0.01436365844553402,0.0042628685725676655,-0.1190541108859595,0.5195807070512215,0.350083281016768,0.5362228822720401,0.09311339183166294,-2.2411344772918054,0.12177926312848539,-0.536567579247927,0.28091970962595464,1.1801870946899629,1.1455992858100825
-0.4608091603728942,0.20140911407943102,0.5368701587512067,-1.6440375918781054,0.5382612504381109,0.022229409245941002,0.06635735931576445,0.4311199989320349,1.9539907721281482,0.10173443619385056,0.004018329994316206,-0.14664505069835676,-1.1988324357401252,-2.7559685630696946,0.08137228437737339,-1.384459546450269,0.42079973615714866,-0.05098200771652736,0.01199404027586476,-0.4752061173977703,2.0741608601566237,0.4583639673653078
-1.7315607488613993,0.002626345226641105,0.38938238266702074,-1.6705721814712604,0.5420872860373025,0.01789801777994349,0.06681072850198375,0.42638160447022544,2.033903253154247,0.08567649789370856,0.005427110451302807,0.2532005417439084,-1.1626207943389344,-2.7165067623336943,0.1469354170749096,-1.2003856434157345,0.5829542651694986,-0.08220866588282064,-0.4463804633589285,-0.05118459540922041,0.1814646549848486,-0.49295588040671684
-1.8463369372297553,-0.039918727386560826,-0.44280286621992315,-1.4768411339558367,0.42900626855712415,0.04784122740585431,0.07159450463342706,0.3986937840477473,1.4350609842688125,0.0815621656296853,0.005500558315491027,-0.10878347572543598,-1.0867649049487962,-3.321918683905828,0.00838482376546818,-1.2466320727631968,0.3723667707249098,-0.06424187183953649,-1.9690012223201636,-0.7435502748422093,-1.6457476225886558,-0.9878581994229155
-1.7985444783528473,-0.1378456492135709,-0.9511511312523423,-1.382305101459807,0.34881302718471136,0.04119995397951555,0.06873278737215602,0.3728878729401071,1.189913967320208,0.07557539477511435,0.0051546252490032715,0.06854590789760062,-1.0410670492312708,-2.9716134751566714,-0.08507213299155965,-1.2499872956381946,0.24953994931698892,-0.16391015775456974,-3.196305487604567,-1.2064055586875433,-3.9546221346670003,-0.8633471307321788
-1.9151339005484944,-0.1420718909756295,0.16563873215142205,-0.7099640661192462,0.6582573899499928,0.02858759348943588,0.0698419731791523,-0.44894626319917125,-2.4248553462158613,0.05196363666083628,0.007114879234228437,0.6784976104277307,-1.0072446541357996,-2.3817201910380046,-0.006573753313230223,-0.9057316285995072,1.2788865554436428,0.07072134066065926,-1.102937280520848,0.7782840002108383,0.02623724932508038,-0.3957269117256321
-2.278032470709488,-0.14354767702117915,0.13366125005109494,-0.7599914362236486,0.6171200200167712,0.011101122101667044,0.06985846756692124,-0.5078953084617649,-2.7458119404669104,0.05119084463147342,0.007114879234228437,0.4831736714724741,-1.0457484259060896,-2.4213570152102877,-0.06283767544904052,-0.9428925738561893,-0.02928841980909083,-0.04423657356157334,-1.2180357910785249,0.22950128986360122,0.02577526982882312,-0.5577171834789293
-2.301230854085057,-0.05994520925162233,0.14302025046028827,-0.6759732702678202,0.5910731243270467,0.013640797213522547,0.06986091284541449,-0.5451044150014909,-2.8916498042480727,0.04997629746940969,0.007114879234228437,0.3885972375734767,-0.9419421426300942,-1.9212937373105308,-0.08223372352791508,-0.9448759404248459,-1.5524689943853225,0.014114964918508506,-1.341858739339545,-0.3104860822032909,-0.1867721438190434,-0.7036943230727115
-2.3176683853480697,-0.018843859577857086,0.15192327942193343,-0.62284813256086,0.5499468909371569,0.016507944915295385,0.0710107522167412,-0.5049519653151494,-3.011155182892963,0.0592842497989471,0.007114879234228437,0.2620263348208736,-0.8963337064271635,-1.8031058449144686,-0.13916587957577092,-0.9270131731791558,-2.3976561909434535,-0.05297322115387395,-1.3613126801477688,-0.48139713187143524,-0.18866649160660126,-0.7958142521067519
-0.5985593744781321,0.6343372556223423,-0.03700227442074552,-0.628150013948204,0.5305555125654463,0.15331390032427936,0.0723764623833682,-0.5063857060453609,2.957163597327917,0.06505193833085081,0.004409633667265175,0.4537178820600041,-0.5450931065031227,0.7542111132119741,0.2670155229080538,-1.0557519385876122,1.097178458536089,0.0925404921386983,-0.9922843491923528,2.534742577483561,0.661426178032064,1.408005081082807
-0.8845420081697486,0.5928938394418714,0.06127838622894326,-0.3964478822427216,0.4967470062971785,0.1613019906325022,0.06823646428513619,-0.6329086736747375,3.0162973048444033,0.06433625015598222,0.004409633667265175,0.23960265956679097,-0.5431909247751245,0.6354621034225008,0.16272351167877525,-1.078384232002117,-2.2143179968319475,-0.08381350322589533,-1.1634523993213743,2.338484007343073,0.4813833748397072,1.248103951730064
-0.8946205136608956,0.6148481676121925,-0.26701434823676845,-0.4675152476348889,0.4774361587707948,0.13325065432283972,0.06892599665550395,-0.583198519464119,2.211305787908044,0.06073054301678904,0.004217436833818699,-0.0038801073533388814,-0.5985342192217713,0.5240221771639955,0.07225875141366493,-1.1584324534739088,-3.139179041691386,-0.18932648002337035,-1.5625131602295794,1.4027202804817407,-1.473242557862363,1.1888126928491243
-0.9305830047129281,0.5399253237294775,-0.45193245157195194,-0.5468158641803308,0.43121166535719846,0.12810912732080754,0.06903983635599256,-0.6055026681598946,1.9728848852516334,0.052499755942817125,0.0038715037673309437,0.008850477570268772,-0.5983341397352202,0.38481715962406277,-0.03356902785894054,-1.2041947398936215,-3.37490984090759,-0.37915113662886796,-1.509459282564323,0.44961456039755193,-2.8662306212813164,1.1334271030460805
1.115699365561738,1.3275115660250838,-0.4752672558877506,0.28972846427551324,-0.8489740369840991,0.2622795904284801,0.08245445092588916,0.3394319915794833,2.2074292529791957,0.002781407126446362,0.006626813991083407,0.16829055051615982,0.22045353986703667,0.28932544790754555,0.5273320997443036,0.2581869955571968,1.2533194261105742,0.46163347099437835,0.08009717281716752,-0.9086563692273172,2.4063489272008423,-0.9419506583751724
0.1292007526370344,1.0889206525709874,0.5862204026694728,0.20812080581797712,-0.5878240578939442,0.1486157728084737,0.09027340099103195,0.3362342988012803,-2.143179435771833,-0.0009043724549965202,0.009466556137421442,-0.08576357039767704,0.4051610093469158,0.2321163479256506,0.5133942009844622,0.11508091362031987,-1.4390114588703182,0.6018627375142916,0.4100327713834558,-0.33191081067096057,2.3326335235644624,0.27692145534501866
-3.377782141833696,0.6205750023805443,-0.7750613113759555,0.11393751374844394,-1.9979549337487243,-0.09238785543977279,0.07309863565346998,0.20991026608428162,1.484787060128266,-0.9994608686484436,0.014000836700346374,-3.0926525011280472,-0.4526119022741376,0.11826004406172555,-0.20697065405218118,0.34233217535603233,0.9187987930005218,0.27315265563312446,-0.24321198557936524,-1.6882455070941238,-2.2278587885910484,-0.43918040614940734
-1.9615092736850421,0.4294319921168059,-1.2561559151242836,0.09551536463742412,-1.895480493456137,-0.1644176895129366,0.07752240334331596,0.21779696681184774,-1.5830473383318633,-1.079229753805674,0.021900155616572055,-3.8192718307828404,-0.25820617010247743,-0.057448259315213066,0.4351317006426962,0.17465643345138848,-2.3291210384161105,-0.01362495680988873,-0.5231994063554574,-0.6547050759595862,-0.6581755321683211,0.2001103892124872
-0.5984549203336839,-0.25363118263952183,0.019378705247395284,0.11904582445200494,0.14997232295279297,0.13134615049860238,0.04716600267972253,0.4163692429383047,2.844373855841391,0.03730052215997221,0.004786522891467913,-4.457166102575913,0.27184531633280373,0.26141287155523896,-0.3211086493430087,-0.015141297093077797,0.8306054535283842,0.05291130988697439,-0.261502411978635,-1.1043770785896618,-0.71141385580862,-0.41458936048921347
-1.4808110056377837,0.1267165631544222,-0.18261201393144708,0.058068915655464536,0.1961883970531576,0.10487869778847801,0.050706128983538865,0.3057947784893756,-3.265526907597064,0.04976658231627346,0.005854349836677614,-4.090086566322383,0.11060569891829423,0.15805348165726496,0.07221490304540328,-0.21632616719178588,-2.4439678403572,-1.0144915803204029,-0.11139049220958984,-0.15785625357328753,-0.5399271033390368,-1.2911660917608618
-1.5507301719662299,-0.0342367954489844,-3.6090229861484504,0.16466676304628314,0.22935545905472204,0.1267957561317256,0.06688005650063933,0.3433874387655342,2.725576427829755,0.026602421920516803,0.0021815341338095266,0.6100006649669948,0.28638070956200945,-2.401261206870494,-0.29738404243179023,0.07712845295299074,-3.1001184975707905,-4.624286221718408,-1.8210262492588618,-0.05280963979976126,0.07223569630163584,0.26471049389161727
-1.7026116104643898,-0.17961634478967115,-3.6954469195709554,0.103388371217704,0.2724901978332689,0.07727642771654611,0.07830816403410008,0.3057789949217865,-2.858862569704313,0.030652710030877717,0.0035073230142034055,0.25089246197914417,0.4228455602572106,-2.4388123678775324,-0.275977053239211,-0.07723365187914716,-3.0672844900667044,-3.113605339102439,-1.814645269332572,2.2275427369051832,-0.01597210260655137,-0.16417226865899612
-1.5957210269499598,-0.17961634478967115,-3.6954469195709554,0.103388371217704,0.2724901978332689,0.07727642771654611,0.07640573579331704,0.3057789949217865,-2.7159944721235614,0.030652710030877717,0.0035073230142034055,0.25089246197914417,0.4333132548041536,-2.367768042177694,-0.275977053239211,-0.07723365187914716,-3.0672844900667044,-3.1136594401590276,-1.814645269332572,2.6378056532963803,-0.01597210260655137,-0.10757725669944941
0.45940497579747597,0.10615590813496241,-0.7755090945845646,-0.11147123257402941,0.52731739582475,0.12989663034120807,0.06933734210150456,0.3971045248125486,2.1177870060056367,0.11701335353790286,0.006669532793443694,0.6843999844681641,-0.473461214625044,0.20320860485487452,0.4129206114762268,0.06242487917850319,1.1204813342283,-0.4391039842796045,-1.937607600342386,2.572532687339587,0.3265891238261606,1.4170998637081178
0.4558147260874924,-0.07179773740200887,0.23178325214918666,-0.6019433180351644,0.5490314020137329,0.14923168763281677,0.06338829219674347,0.4667830614891589,2.0774818221223534,0.018112646828802214,0.006424434102282989,0.6433257564064487,-0.21197826914353995,0.16854416533524985,-0.02176837066640403,-0.4285135971604056,1.0746214587811111,-1.3513659186561942,-0.9277983900392671,-0.8253286201135915,0.2946900318589064,0.7206869765794948
0.7926216484736227,0.14087527904294103,0.34933855789119994,-0.6761240168719648,0.5666461031530138,0.10115678789487426,0.06401511044347485,0.4547318789624415,-2.0906885882270845,0.1513869390019579,0.01247966454647994,0.5709674061255525,-0.6038140632739099,0.08567799481352212,-0.21542198563897846,-0.055242055310847846,0.5260579622667984,-1.4985512578703084,-0.16751134901299802,-0.20331673544250614,0.9125768326147177,0.43271349224097294
0.5657304947826113,0.17790529974344924,0.4035314297901517,-0.6595762393729876,0.566229538328946,0.11610263578797952,0.06330000632714596,0.44687613671108517,2.0171544650696704,0.15797221485905164,0.009990502142148257,0.6780693953925051,-0.5858501255607703,0.20871767400066119,-0.26927449783271284,-0.5199785670487189,0.4492061950554138,-1.464061282579392,0.06928806396676365,-0.27204716930406964,0.9726571847921052,0.990483728385285
0.4564428503754911,0.47581964038844543,-0.05697985368028629,-0.45476839467734387,0.19645401400604093,0.08327231920377992,0.060260351771114405,0.3543654042463777,2.2608654656402125,0.15596936838324937,0.004071332931278467,0.45269625264715446,-0.6253329083288873,0.34269124342173196,-0.19144448173533876,0.15496717522768053,0.5998641125560968,0.528258909835738,0.33381591149376433,0.13032506763302346,1.4284341257808775,0.7526999458208643
-0.1235687957611589,0.32251408427305395,-1.301783411125969,-1.1798259739791286,0.13087070267357045,0.09261440950092353,0.05942915565827786,0.49029659871223114,0.38184979647739825,0.12495019058818184,0.003917357543408274,0.6666477346648748,-0.5623396998014911,0.06898093823647954,-0.8591215954266805,-0.16007594222193294,0.3388614686692319,0.4255002934807003,-0.4310622726864829,-2.513759487121457,-0.41243848876246314,-0.5067301113693523
-0.030928172887099727,0.5004764631012566,0.37148272714199637,-0.1833203281706074,0.2185810112446747,0.06248437905927266,0.06156021493764796,0.42628796445915174,-2.049741243695921,0.1319727545034964,0.004859550001881963,0.3700243450093205,-0.6873273938577432,0.3026167365609629,-0.1045356205711595,1.157591606532197,1.213371723732153,0.7894087000088224,0.6380746336905391,1.3474866949896322,1.1515458165131052,0.7642750313572988
0.5719854080533537,0.32798798794598877,-1.1853228939699685,-0.6491590367372686,0.138759664665167,0.05166103405541371,0.06538096453028366,-5.199764145411972,1.216543092993688,0.12621860025928314,0.002434944895165469,0.5654303176699316,-0.41337720374278464,0.2143609867644174,-0.7448318169586823,0.12516550543310317,-0.03048362694756111,0.4022999575475031,0.2392845307304297,-2.4858938426940123,1.49687979085409,-0.06009505104546788
-0.2831586358574662,0.2748762787172878,-0.9844857549203041,0.3279186828404859,0.19033177282755898,0.15985921354087165,0.06561122020693153,0.5917748967509847,3.0070317207898607,0.07081058766902881,0.003964665391861319,0.3146978495072465,0.6365135841047908,0.4996688650468373,-0.3282927794388318,0.012619218319364292,1.3565186743832667,-1.709996803212014,-0.5818720964267623,-0.37602013759536523,0.6910756485125907,0.5827692600894827
-1.0194619029454344,-0.2055873753672797,-1.0552885790263768,0.19579375160395282,0.20381931332605802,0.11458340796286895,0.06796263805213537,0.6490909843358366,-3.5225582519632024,0.051883616651129005,0.0049757239207295035,0.06535445630498828,0.14454985217039013,0.18580221036531488,-0.512375480544595,-0.18049397695875025,0.4243985990802327,0.23085788997558368,-0.8295168733037535,-1.9865170213279597,0.7416346650071551,0.12638443617090225
-0.8149371290491022,-0.15498259169309603,-0.8662010183204001,0.2563684168224247,0.189223965139687,0.12442474616662433,0.06811313138239031,0.6410839143068074,-3.4102004318525982,0.06864225759484857,0.0049757239207295035,0.14170432806229447,0.30268895801085727,0.2091252438724469,-0.4151840683428711,-0.26468318708992883,0.8743488883088063,0.8276444926703131,-0.6801650523296755,-0.5188240395122485,0.9393596846843429,0.36603778346714966
-0.3737407789860277,0.22492745058710786,-0.7523053938594876,0.18969352175997245,0.18428527300023068,0.19458636802103071,0.06826947200851173,0.324476996838224,0.3775798888150649,0.04459129009866217,0.004179785568572036,0.5603549951047716,0.36497120954439927,0.6391098241554694,0.18135501196074025,-0.0733332584905537,0.6094757898306827,0.8839613504877482,-0.49867197204979524,1.3906209460091885,0.8941409184473873,1.0179008937741882
1.6099979796866566,-1.9280774567198677,0.42104251505359785,-2.7705053801683692,0.3715129351304113,0.21867045116487913,0.07215045720355583,0.30277445495410116,1.7931052893465844,0.04277174718397799,0.0049528734183244645,-2.064385194504776,-0.5641868139078295,0.22121987239535418,0.09831978712950992,-1.8919020530549069,1.5930182154906283,0.6669667877621426,-0.7957096458056337,1.7759944443978848,-0.38171934137365104,-2.4040432783953625
1.1292738213056053,-1.9581369658196053,0.25457310787848425,-2.7998896726328697,0.35982342180423166,0.21865574154854586,0.07215045720355583,0.27091069216420605,-3.0940023746605774,0.020578913981610783,0.0049528734183244645,-2.3067582417878048,-0.65447023706689,0.22041060129948087,0.02811746737367164,-2.0114457609583467,1.1165145946083663,0.03262331128163594,-0.9050002528967439,-0.07258708164434802,-0.9254344538246924,-2.3476681723715833
0.9740157163855896,-1.936157158344247,0.2087969846425927,-2.7610086400584155,0.365941252997247,0.20129382172563126,0.07322471371751514,0.1916503493863002,-2.9615625125115086,0.019572696319846417,0.0049528734183244645,-2.8329619629096205,-0.6206267245280682,0.10901887267090914,-0.04213514471161906,-1.9621040298758503,-0.8682602615839591,-0.07756074025893302,-1.2301994700946688,-0.5627654187270386,-1.2660531440416216,-2.4711029952975805
1.5011802783812624,-1.8867452134151377,0.22229458210302458,-2.6698001024057465,0.3837137132894003,0.15966251536784704,0.07375886162785354,0.24173376718132303,1.6029848839583796,0.04273673117792239,0.005840935568879055,-2.4601399722069686,-0.7731974354723404,0.10566109984247779,-0.06626756315520907,-1.7546608328693747,-0.4150952388336492,0.5179680280386526,-0.9870797509128765,-0.03157605132062673,-0.9411291597075168,-2.326808296937805
2.5208071951129165,1.5130229158265145,4.109048199167143,0.41139050954726214,0.32151916313143175,0.1594086701859673,0.062071404855383906,0.4782969712097058,2.460900133985646,0.07094674692536526,0.005276089219113415,0.7874368586179424,0.4518154787230087,0.9278307160916431,1.1786124616535167,0.4220445838870432,1.246216363083083,0.1262269458785324,0.7144760005639545,0.8990953026572487,2.0011829905402183,1.03000312994562
1.9784090049846985,1.1301163742277445,4.153597931694259,0.26273894111705826,0.43378427158653804,0.16168360019959496,0.07366866267694845,0.5642157022206482,-2.379166332287307,0.059767616568673035,0.006115440869539097,0.7271587332480729,0.4468114213393274,1.0776436701399852,1.0237226061961913,0.1523643125340998,-2.0536643586912424,2.1446600548399375,0.6778136396740564,2.20244486103544,1.4908732236616138,2.3396083770530045
1.8448648085580532,1.0608786330760296,4.054433933233711,0.26870555875957586,0.3993635192402703,0.16486149445987933,0.06641951962589447,0.5421965628755689,-2.279573301351061,0.05858253101276564,0.005393826208092347,0.7162049939929443,0.47284577229890923,0.9202573971967689,0.9543426244189117,0.15260317062702106,-2.4431020394907352,1.3872489817839717,0.4083802816195861,0.888699700905501,0.9643205723280718,2.2940698186415123
0.98223362231913,0.1930793421988436,-0.22422776170399386,0.3463625872914673,0.24695296863842683,0.1857424484864731,0.0663918318322819,0.5335739753583315,2.3725022695158424,0.05831606087618969,0.003892108659063274,0.47674132783241097,0.21526659919980545,0.5438442772695479,-0.4163833040991073,0.17277933823919225,0.8504126332837513,0.5648701395613136,3.208635955605921,0.4934296997772757,0.8717637050548118,-1.682147196818025
0.18844016738864866,0.11647758899009727,-0.27927457827038055,0.1502629091970965,0.25232342273707126,0.1637576167883159,0.07174836748665922,0.2636557795981847,-2.388106679427336,0.04695340385701111,0.004744213845186495,0.3701619763899368,0.016410538086271163,0.3249351713183472,0.08549389622788121,-0.01661684261697344,-1.9828519087965617,0.5669918811810067,4.086395443986435,-0.24124219674514202,1.250575431073199,-1.4235179977562609
0.045707185793212375,0.24966554777670744,-0.246320685231459,0.10453932981810228,0.23171491288006743,0.13016944629780655,0.07187573969245255,-3.2127166451678795,-2.6837478164100212,0.04492788750616123,0.003994765746620363,0.27183061101541095,-0.08273693801123766,0.5021863970536498,0.21572627666637564,-0.018134514807178388,-1.0997636413733358,0.48801253557198376,4.132872345754881,0.6692807551032394,1.2390543859807326,-0.733663256897029
0.06157795264660847,0.2581522199162758,-0.239171796641991,0.09646099002274634,0.22658427321614955,0.10466921680919443,0.07187573969245255,-3.1599698266144562,-2.74863379693665,0.04659243463883724,0.0031745185262509927,0.27209622530321403,-0.07384769243687843,0.522198505271258,0.2098151436733606,-0.037785868512953395,-1.153830319610286,0.5798983754755489,4.044841520835001,0.629115697425442,1.233569859793041,-0.7930533398309423
0.08911336498584664,0.27903203991108905,0.10275507025045964,0.17053128111761912,0.16069279035243333,0.18042993993047216,0.06884550050030776,0.4568763352110177,2.9276236103610103,0.031567577930077334,0.004520997235370612,0.4541923266680144,0.13244080675123265,0.741753274874647,-0.13176823789963307,0.18495172308710367,1.011759781508844,0.5056372422502152,0.15880764280623172,0.547541733209841,0.4744726808349734,-1.3770410942395996
-1.0072829273867683,0.34430887216356504,-0.1837598168824135,0.06845515998392904,0.16301158583028336,0.08683959869811174,0.07718569753697851,-3.6178517110763857,-3.0893095852476202,0.030429292178311588,0.00407666763129366,0.2613927148863198,-0.06844137250996904,0.4491443009365348,-0.07449491223716687,-0.13324963679232854,0.06424094967632767,0.10390042495954695,-0.1565808939399227,0.940890305393522,-0.10394472172883186,-0.9307732668763125
-0.951628106489062,0.2141159462501677,-0.19948962591774427,0.33684839014860596,0.18289609440000312,0.1312910038915469,0.0715852799815204,0.5584744629368058,-2.8503840568539376,0.05357326528014333,0.004496671446670993,0.4007170639649895,0.04954409818597084,0.43029344365732947,-0.6141296614377239,-0.02332216730418087,0.8260838354370632,0.1511921382699024,-0.5585312265107755,-0.12589268579040178,-0.03303042019524737,-0.8823421453373232
-1.0401312966948209,0.10240473747884471,-0.28662559351579164,0.2751263046522575,0.1418935020737184,0.11315909601282345,0.0683381956879687,0.5720328609633518,-3.422137746974714,0.05143347763974553,0.004399638554032953,0.2612776176228687,-0.1076677746200943,0.17078019120377136,-0.6884123477941392,0.0054495612873986885,0.3831359240729778,-0.21412755031151623,-0.8656421253599323,-1.541199990347339,-0.22607978260866557,-1.2149633474399384
-1.4208183271025705,0.670095201321476,-0.09131112546579591,-2.2735269789261334,0.34142969960573843,0.2013491137500162,0.06825189133250172,0.4834809079645316,3.38557634612902,0.038199039524514075,0.006784735406351312,-1.3602161991466306,-1.2565460044753654,0.6386800499110326,0.8805850944870295,-0.5612936788174336,0.050230852424140465,0.5894724222315744,-0.4570871115136709,0.24911655721764822,-0.19110872527977768,0.6817287561940635
-2.3354026592358648,0.527115661952794,-0.13563541346771119,-2.6545715156806144,1.0610913471531596,0.18306304282846741,0.07109998064844536,0.5522077642208837,-3.9969336379793377,0.024805833712772053,0.010426206795123787,1.2199974652161192,-1.5835861898028571,0.39013022780280016,0.6242212125511358,-0.267745395468169,0.16566640637084268,0.7602574196115834,-0.5733542762662596,0.11731086456551174,-0.2731161249557469,0.12339270198872705
-2.081116106978161,0.532522158591219,-0.2256178485651441,-2.743744874669943,0.5359078467870364,0.18226157451717553,0.0698955330888143,0.5666310089332424,-4.0630188981956294,0.024825775155350276,0.010426206795123787,-1.381953983667521,-1.5778004618931376,0.3150155837384613,0.46464570961478685,-0.4306898272440699,0.14661247667869395,0.5924104520820561,-0.6689116908075373,0.024363115664591158,-0.3554702880652342,-0.1309407101638031
2.313463617127948,1.2143390831128928,-0.890134876097382,0.3674215984974124,0.5766558993714911,0.3248831336184456,0.07077483031196743,0.633490120740753,2.585813022347708,0.0834247759460693,0.0024161970801208793,0.5017623204387686,0.29720444211343244,1.0006582198590566,0.30376191069997377,0.20699731647823072,2.028660353248079,0.08137018692883984,-0.5622273534767241,0.6371512682101111,-1.0226849206753792,1.0812764107699426
2.5053898365790874,1.0447431161151444,-1.0630359137069259,0.36551623538302874,0.6152758954617259,0.2718929453417429,0.07823944989161474,0.6973986746441552,-1.796164537942664,0.07218269819081904,0.006235178042127493,0.46867772467199637,0.5145708237149514,1.4140328690139292,0.42942071799793347,0.26047772176620637,2.1268435804364705,0.33278128302257665,-0.24233533502121737,1.2731265295472818,0.8269200204701024,1.009939703690485
2.456689645465602,1.0522420276186621,-1.0888472853905025,0.39427462143997255,0.6042338403257693,0.2671853865153733,0.07729322102434069,0.6576644926259221,-2.2786124736256355,0.0669049488792155,0.006235178042127493,0.5013799652787527,0.18735802888660277,0.9084452230073394,0.310253849225463,0.13939661954427396,1.15440378042194,0.22427439380135245,-0.640140694223774,0.10603184074891789,1.0073171878447489,0.1927660084423515
2.1499469755158676,0.922045725965902,-1.0767374786578776,0.2498577972414631,0.5629961202597858,0.27009887264846993,0.07027658303870307,0.6289897766393131,-2.4204175922158617,0.06682627977365524,0.005889244975639738,0.36981256067857843,0.15346527445600053,0.7835224550967841,0.2888317853060828,0.0831690140324662,-0.043010504693373156,0.10417015481119289,-1.5118636466422006,-0.4369644260738779,-2.100376507832859,0.12290273005999769
1.9082133377021697,0.851522961334294,-1.1168366925981392,0.06239457359465044,0.5127205610954116,0.2501865419346676,0.07027658303870307,0.5581837884644885,-2.5078596810318468,0.06682627977365524,0.005889244975639738,0.34127869609275036,0.09437760315269972,0.5842534172685492,0.23026353233604022,0.050343137136269055,-2.9238251375775546,0.07423547504658386,-1.633675866284684,-0.7208961849899063,-2.519959991107962,0.056284518476584874
1.7232418676949866,0.817483282713487,-1.1377178154031014,0.031074088447688924,0.49481508405631,0.23122788946534867,0.07139049106090634,0.5251329483704423,-2.597558930135602,0.061459415800229435,0.007027407585164342,0.3178375288761202,-0.003672832196358667,0.40757217604044077,0.09929689847800971,0.019588107878913675,-4.6698157062861805,0.014809128558615822,-1.8327810280435368,-0.9304382746798101,-2.6318880652386496,-0.6035711197409462
-1.859459630873481,-0.17979800994648185,-3.1185744792908032,0.13667443910184363,0.1537187265029582,0.05961587303896988,0.06461526315751653,0.3802824372472702,2.7573799110488357,0.03170502911735888,0.0006658121433570921,0.15799567980028686,0.23218170488027182,-2.95919352557953,-0.46352494115550485,0.07341047854784392,0.9477676568751637,-4.768720105226634,-2.453606427115125,-3.938253671816113,-1.4196884030826182,-1.7516173742799597
-2.358600326973066,-0.3032730650587781,-3.2062411085308873,0.021346393405409576,0.2177517141576264,0.05770245968369898,0.06989213264130553,0.30854441439048597,-3.4676679393023746,0.023102455585154155,0.0029901311303886743,0.16143469967382873,0.13086544374421907,-2.4755315780339497,-0.39480950320249547,-0.21807125629936103,-2.6982788142662777,-3.8224110538504874,-1.5132203285459078,-0.598102026876155,-0.5757630337487085,-1.8013507600078889
-2.139715539857605,-0.2941795242106795,-3.2487982464084055,0.02557930791660155,0.1932235444449216,0.025021097099490606,0.13890559484032353,-0.8478489810605667,-3.471925576182324,0.021905505929875543,0.0007809644241472385,0.23331139890371025,0.08259914115745416,-2.6608502126204088,-0.41655248909886405,-0.2740659457150879,-2.856020129648757,-3.658493220712312,-1.4933871518036137,-0.8867337921360029,-0.4424115108068543,-2.0714943351832567
-2.0455472376783015,-0.25292889182385503,-3.21938438361037,0.03595160455329068,0.18818316958773396,0.021434078083395022,-1.291451690634863,-1.0154446269254118,-3.3732830973250834,0.01923041140790563,-4.629722329747106e-05,0.17541259711770685,0.09393675220243683,-2.6927548420261016,-0.4144472830937797,-0.30357586676941356,-2.891654738194059,-3.534487497223949,-1.5673978054751512,-1.1048137324838423,-0.30423526777893034,-2.205753717472779
-2.0521662949228237,-0.22261710738179993,-3.180705021120636,0.02314745651953146,0.20303895045300926,0.02583548598701177,-1.2918702337822663,-1.135103571688222,-3.421192644323284,0.023392405912507852,-0.000856501142732731,0.18547149399872745,0.14612829681255282,-2.701992214894635,-0.36469105250175043,-0.30868463368877086,-2.64815829574078,-2.831066514462478,-1.4499421941282578,-1.5306145038202446,-0.23776699410976437,-2.0550031234262507
-2.011153179383705,-0.18875028709850888,-2.9369907339947012,0.03931864110889713,0.19574335884998217,0.04952931172685485,-1.4361652837029437,-1.1092216924655178,-3.3893456344700965,0.025189483150794677,-0.000856501142732731,0.20546820222146478,0.1887008263759538,-2.5628919776484156,-0.2772195081217089,-0.3114430734665945,-2.6962473296319485,-1.4272999641404276,-1.2004601215601394,-1.6638493680047715,-0.22902140131253834,-2.1614888136444788
1.3223102009949925,0.04363878951957841,-1.1560191767730523,0.40735490857784934,0.27796383480132153,0.2466297306287591,0.08441279690908916,0.4761099923084047,1.8879911261878526,0.03218533628495383,0.007280789599930174,-0.9427208142294977,-0.26491719010453046,-0.6799029200557394,-2.3911934264928534,0.4161304157955748,1.2929324285404673,-0.13271457714342247,-2.3313508407975827,0.3069213498616136,-2.2185936550298204,-0.3381842793015455
0.3965137095907741,-0.013899520098461928,-1.1420192171177679,0.24298570790456853,0.25978320850617664,0.18603930717895042,0.0730444024553957,-0.38082136893375734,0.19942801792468381,0.018283504662694697,0.008674656574895367,-0.8319427246540718,-0.232611134964354,-0.2813754866773599,-1.8433826801192836,0.21768220053254542,-1.9993282714515106,-0.0727803359753803,-2.285359312178799,0.28843863765363764,-2.5289250282513236,-0.8469938705044577
0.39542671385487,0.16129978242771534,-1.1500583023006121,0.2721105963080262,0.23921068243562293,0.18942387240575062,0.07509165193870224,-0.41870931321068416,-1.6796211175537727,0.020677269558391068,0.008320104357255963,-0.9038935654279379,-0.2830100912239248,-0.49751678376193864,-1.9255592737003153,0.27095896149087034,-1.3543732029143123,-0.2984079238898474,-1.7063469917466814,-0.051377512740353744,-1.7672844979996318,0.5226462503290322
0.6172231872803418,0.07904029569247291,-1.1518759766085356,0.4422723127691319,0.268513165247905,0.19928479070831753,0.07322311060411965,-0.3237885986085714,0.13916214951104594,0.0279566729935784,0.007979389938164634,-0.9191573899147771,-0.3531146949753727,-0.4929183466977183,-2.256243753013012,0.32884420992775576,-0.0719664596964313,-0.13998426538418965,-1.8750965184283044,-0.02569224052971934,-2.291417977127122,0.08283208621297697
0.37245614197313953,0.45817680789093196,-1.8057696963333247,0.35001594960687404,-1.3624558108270577,-3.523806810173648,0.08380959915499396,0.34696793922937247,2.0653746918377975,0.006787121235700053,0.0061736335044379476,0.337379060996072,-0.005580673440865539,0.10153189965920376,0.3061373730792423,0.2035705777162798,1.0307749916553202,0.12932818740145322,-0.3321928296973179,0.028658196926939876,0.08819467427579156,-0.4415243024974707
-0.9134482637585148,0.2507644493333747,-1.4964321000957306,0.16469151017404787,-1.3290228030577105,-2.783759883273303,0.09335081100963737,0.2898001177470373,-2.5104223036440785,0.006228568825271918,0.009135944387190831,0.18934144606189832,0.23622342310867056,0.18488895926283638,0.21927759225554005,0.09862864202548652,-2.4611948767474057,0.3109391656900116,-0.806906608476062,-0.9773455305825187,-0.26611469223241796,1.067109005903022
-1.6059237966836215,0.281481720539001,-0.5701904264371771,0.4035542547553529,-2.9743148427083983,-3.3953436649049,0.07661567563369498,0.5571128052830192,-4.427084109908498,0.005961686837907564,0.003931436766796207,0.31368800101107847,-1.1573731183335552,0.21891823379265138,-0.005094037695580948,-0.26217349403286455,0.3700786267149043,0.3134210295011019,-0.4992544798775944,0.056200774685119796,-0.628402253025612,-1.113233826066434
-1.6059237966836215,0.281481720539001,-0.5701904264371771,0.4035542547553529,-2.9743148427083983,-3.3953436649049,0.07661567563369498,0.5571128052830192,-4.427084109908498,0.005961686837907564,0.003931436766796207,0.31368800101107847,-1.1573731183335552,0.21891823379265138,-0.005094037695580948,-0.26217349403286455,0.3700786267149043,0.3134210295011019,-0.4992544798775944,0.056200774685119796,-0.628402253025612,-1.113233826066434
2.3204886203642325,1.1279294960668296,0.15430264214859293,0.35277542890774544,0.34516202351323605,0.1846304815281282,0.06498930173537312,0.4204494649018247,2.4466941712137458,0.05995520674458382,0.008746392112009395,0.3904074388197787,0.15439006338956807,0.23183454789419258,1.4113962444995736,0.300027559867329,1.232580183028137,0.3843567036339126,0.627716948893482,-0.7283307987690822,0.9228988111571211,-0.2769787065239625
2.109583434992098,0.8478807668359009,-0.05960188520810151,0.2738276149387823,0.42305454056416514,0.17204525573427304,0.06976569233578597,0.3785893196350796,-2.4535222071902787,0.051532812321517546,0.010695788404860811,0.4285375583185224,0.1641517888950707,0.18740237229936776,0.9032394308887938,-0.005308691167389518,-2.5744178682353605,0.30105184651259975,0.6945372387238882,-0.4243988800711126,0.7238033806989445,0.5644979310011237
2.069942057055535,0.45850956877874904,-0.11165886172449092,0.26595636252537397,0.3590611179021459,0.14949315283563733,0.06593007767577114,0.4395490666244473,-2.877817922524082,0.06127723006960093,0.009588469777774868,0.4515565813658365,-0.04714646299767083,-0.00867894427965149,0.8225747063576594,0.09940891665942396,-2.9153493306171363,0.015398763259749914,0.8134825935532682,0.24166752772965183,0.7137384132769479,0.5156108975269497
1.741149148127297,0.2019430244854709,0.2941866074716373,0.14139362105342965,0.34012490103746246,0.08038034930688215,0.06746099576824498,-5.13962186380097,-3.1450750157316363,0.04730002293602499,0.005253399037577304,0.3567550261260436,0.012087270002756946,-0.14776783682039038,0.885923191485799,-0.08738142831014363,-1.4613687289878439,0.256337131734353,0.3973638759579057,-0.09478603980037308,0.36717301932949187,-0.63083343464071
1.7173733300371883,0.40637878485032897,0.1362590233821892,0.451362408061158,0.17673901151224092,0.19564498123454954,0.06402523335259572,0.48278397695173264,2.4160636671694427,0.07747418377970328,0.0077807267643077915,0.3657982952534989,-0.017576194095951764,0.04252226464058455,0.8994630203911813,0.32834769791131635,1.4352875006454142,-0.16328089051451602,-2.0859905246659496,-0.4779511758785156,0.7966617368939639,-0.681822627600054
1.6684472948195461,0.1970376542701509,-0.31317042060580963,0.24411783791466488,0.34588444500049237,0.17992147405246778,0.07044462894736761,0.44270996484608,-2.4881769717869893,0.05922603086772159,0.014066569420674236,0.38673189552653303,-0.038102362071897405,-0.016484879488100273,0.39428123270005594,0.013406597580139547,-3.2718278611526865,-0.03445019296217377,-1.6205745715344242,-0.6725821620604457,0.4945658170998331,0.4070986905662313
1.7555280960712842,0.009412591468991035,-0.16958762810241065,0.2685546690954433,0.29642748806764313,0.12539650608929903,0.06797667535615723,0.4261535459860282,-3.2524666947260847,0.07082339865030761,0.013737125137485439,0.37910981117002607,-0.36604614500632937,-0.16186833204288353,0.513530337339792,0.07043332167538906,-3.748386243681905,-0.16686269611095006,-1.5121960797490515,-0.27301951378828393,0.8375556616520144,0.8551535770224316
2.6244257044331394,0.5965083778266574,-0.22945931435007902,0.1855423551553483,0.9034410463975868,0.22060010242317393,0.07057184870232933,-12.448244978103501,-4.127581006311937,0.024099352519245974,0.005707018276855019,0.1332453272876583,0.39008460090315283,0.11790384526969191,0.5329635681964571,0.03698191168380203,0.13664639803503592,0.28691286593601684,-0.259376315396706,-0.6827139671410203,0.2356614167352891,-0.6753368989388341
2.0694219495840374,0.24789991510154127,-0.5308547733246376,0.39217416757488843,0.3128306286318776,0.20521867925203902,0.06811079906916923,0.4881451582034793,2.2841989159051272,0.06915244699199805,0.0069983903576992575,0.2682363239358265,-0.12789742211885233,0.29608296647857063,0.8278324736291234,0.2877606850612105,1.2454345075086632,0.059994055512679056,-2.5876209468735007,-0.31472662812871444,0.3358415841626202,-2.3069725265631558
1.6000069840747908,0.2345155662583252,-0.6842306725620813,0.149539840013872,0.40099077043084397,0.1469950026360753,0.07403759626480638,0.505472754030642,-2.7758520576815817,0.0559944002649011,0.010676290902238691,0.3148899534524789,0.2489963723396922,0.1017471641346466,0.24699196968720052,-0.10830783335489326,-3.5972246176319955,-0.15457415360925436,-2.486064964629084,0.1451988027647128,-0.11182257199170598,-1.0234071977926402
1.4987166818143467,-0.11103348098551803,-0.630910230153108,0.10453661344211042,0.28911270238721165,0.14075611028263157,0.07222650067138384,0.4280665004143532,-3.4305263146425427,0.0609314675720501,0.010237020684508538,0.283350090064578,-0.16484028318432759,0.07649335965371089,0.29834842729065464,-0.08499262508426336,-4.187756507828953,-0.3023593007605621,-2.4390479768892486,-0.7586600703126616,-0.15548186888216772,-1.7078923672472919
1.3912927096911234,0.24150884924198143,-0.7247782614784761,-0.027227561568055406,0.30106745887000547,0.1114585813113835,0.07315418199415295,-5.610942046620228,-3.0075711867351926,0.04356975261944037,0.006610159511206353,0.08019591032917722,-0.21369172867873706,-0.17793259961442773,0.1772060219979917,-0.13129620068890338,-2.668895044583869,-0.18517761154596415,-2.218367230252948,-1.075965606301422,-1.6514663903229023,-1.0493982217530249
0.9618539533926707,0.3573192355456944,0.7335207181240295,0.5979973822446563,0.42311724553721786,0.2646421625338608,0.06669762946088868,0.5419944078442793,2.7981377734203656,-0.8124405882576535,0.0038450265726690104,0.08222162745807683,0.08183422103058723,0.4193323206135617,0.3042618031687312,0.2992078416529662,1.2908411752260525,0.31880174681575796,-1.2433638034340242,-0.2738168560729056,0.5877572430801363,-0.3491695661571383
0.9212992074777593,0.4000839546853594,0.5731966001570545,0.3665414404954744,0.42711686337602817,0.27071004648709857,0.06766466873182023,0.43383900795922625,2.940097128188303,-0.14275509658394514,0.006202536919938159,0.09186671916178926,0.4003755754691946,0.658153877942832,-0.054161063220543815,0.2260587915701786,1.227813653688961,1.2068274170462587,0.17806808686381836,-0.09211009809017182,0.5608773487803629,0.2378284342925372
0.947558270194873,0.3780216917369533,0.25697496559933997,0.34116038412317823,0.4141394230220615,0.26648779366055053,0.06706581453503566,0.45154749436637515,2.9375397000113392,-0.46677115349748766,0.006202536919938159,0.055505145711839746,0.4155672057116624,0.5952112154091512,-0.0809951770313761,0.19362414802528088,1.1048443559371655,0.39996177214892287,-0.5459379554077747,0.3006637623338976,0.47942237940167554,0.5427862239349577
-2.3001242687221195,-0.006831652437023177,-0.5177430645522376,0.17143338952988066,0.46454138102692744,0.34026844908857734,0.06607128385716356,0.3442705957155942,1.8131805171387154,0.0029342415949342414,0.0047282370898531325,0.013973885161920132,-0.025226697371252972,0.2433279063695594,0.005180936735880021,0.4479806412073188,0.2883258559525196,-1.0297360013023489,-0.552943762716459,-0.799004052032293,0.24783676371685037,0.5747246180056995
-1.700016069986264,0.11277040268874652,-0.32176638293936005,0.1720454586281137,0.5341064317677184,0.36119273714413397,0.06725534605362364,0.36399597143277895,1.997377081527991,0.013346649113274907,0.0065831230965125815,0.1014843612337548,0.317443322172289,0.3146807827851881,0.09116586373314224,0.43296901824627176,0.531682987975223,0.3988229448094614,-0.1305109535382259,-0.36993945022807606,0.7038964040496021,0.9301226931844867
-1.7381099733372973,0.11246413525836685,-0.39669553218740167,0.10038655582033897,0.591231740122206,0.38686245598274044,0.06803258326900412,0.425229661009231,2.1208869538694053,-0.1203286984024087,0.0065831230965125815,0.05552682252164194,0.3717099116231255,0.4700062765801688,0.05870280646202695,0.4189271096822692,0.5651994413951194,0.33762725482458456,-0.6781213960783584,-0.40415223754550156,0.7528179931927309,2.5908255166595193
2.1964894304351072,0.5717213627378314,1.1855149137839753,0.5653700813810612,0.5098347474186514,0.3594791386797149,0.08208699221921657,0.5347312255750434,2.957501593578685,0.05869436785045545,0.0032588962082441436,0.6908199221259098,0.17079026493971627,0.3970876674460853,0.8266363075320463,0.3480978561117194,1.6635580994827905,2.3114520702265398,4.935233920972602,2.1117597709895204,2.824975793116952,-0.27929524063120426
-2.2131895802255652,0.06896319563274146,-0.9260041125124409,0.1571010451225859,0.45884455329891527,0.34692614610405537,0.06622003240387607,0.35120196835432094,1.8610018130137012,0.03748269255685704,0.0047282370898531325,0.03296773347877981,-0.0018483126023762144,0.44499748419434604,0.08434276999309287,0.08338521657090955,0.28747564259244857,-0.9710588291885106,-0.7891320631067742,-0.4761249901000592,0.4152768148922038,0.5693037144502148
0.6895611392679601,-0.05938007384999412,0.36724051625451853,0.3923940021275085,0.4219945408018448,0.22414623283585022,0.07438328614614707,0.4294190258221949,1.5949346255046999,-0.04866643824818781,0.005407338660704055,0.21877880525230559,-0.2832665437524806,-0.19596322746430855,0.2050497487610975,0.4433375855936672,1.1020817494306927,-2.257362280627226,-1.6421144808129202,-0.43547738920009715,-1.0369299325218653,-1.4882844967658726
0.8372573963832017,-0.060937716163454586,0.6387118207155289,0.3995098533395785,0.43273822094888387,0.22414623283585022,0.07476830666203864,0.42283445424931276,1.6200202019180128,-0.05139825002603543,0.005540254241828429,0.23083510867987547,-0.2902712099302433,-0.187736769139662,0.29284089258948,0.4602684633489418,1.1073638235426946,-2.9597741749373365,-1.3011039489753164,0.8202145023544545,-0.013225304918856458,-1.3723765280061817
0.6302123042593737,-0.15469084553010937,0.7894391556739854,0.400706998832026,0.5163863247569765,0.23475836161644215,0.07432945227122119,0.5084393663719889,2.0259768464643577,-0.04743243553813607,0.005215891252115181,0.06937131603210779,-0.08820975872498722,-0.19753547976778635,0.14592911601864295,0.361994164360794,1.1774236048602487,-2.306062913673269,-1.457519492377294,-0.7874923624418928,-0.26887712764615596,-0.785400135576006
0.6230262120870544,-0.41186565883177334,0.6927551315969731,0.4394198598278692,0.5199023605256005,0.2593234271688281,0.07453359559229518,0.5104548741372348,2.1988465868021048,-0.047486770013778275,0.005348806833239556,0.00104301030732107,-0.06679566896272936,-0.046469669331713905,0.33011100338661903,0.361994164360794,1.2284028390728707,-0.4623048931865649,-1.259227424810778,-0.40445593680990655,-0.4968977365597704,-0.802281373169751
0.6866596765694424,-0.49619301592383785,0.5776886840597353,0.4662206364807412,0.5232657874670364,0.26413831830631285,0.0709548165711114,0.5585108857654949,2.3746588732098437,0.039342443664696566,0.005348806833239556,0.020245664875172965,0.0035394823343932232,0.07261893536306639,0.4222940535524401,0.33550651642754076,1.2347580062434347,0.6757288250742011,-1.2186306383352459,-0.24163119188448873,0.2302339751023688,0.23000151310402345
2.4106976239359654,-0.12484319270033824,2.102948974673741,0.5308399600429331,0.6206066452055304,0.3003827583734436,0.06866829703347216,0.5632542779667531,2.5128149646384466,1.3279393681279645,0.004312802301062624,-0.655014735655075,0.4863000602889685,0.3050226315065065,0.11053342578033357,0.774076237577216,1.6138880948050165,0.8110681706050609,-0.7491186573595112,0.2801367561110245,0.45015917234579456,1.7230055571660767
2.539902906574844,-0.11623883183592607,2.1058809581441182,0.5674653828890531,0.6561410148245387,0.2991669138445416,0.06868005833942778,0.5901146375286033,2.5720187871020097,1.4563907719208995,0.004179886719938249,-0.9872571063380289,0.5506941961536816,0.43563657624537006,0.2272824126930986,0.7054019907121155,1.7460982637968663,0.9134354720034812,-0.08940342684267263,0.9504943573437312,1.0507721302700679,2.7023117856887295
3.170870521365244,-0.034868429198124884,0.9744742679887315,0.5906878478564228,0.6037670631101723,0.31606346976683364,0.06700454424985379,0.5394756822616246,2.940796249019576,0.054519533123915755,0.0037221109797381494,0.7835118017763036,0.5417625162271688,0.35775753768658647,1.0737549566430282,0.4254037376890152,1.65545957660445,1.8889952084817299,6.055661774317032,2.1257582608722236,2.6929998865968616,0.4816538840010634
1.762715066806296,1.3199761034791149,0.635658639596768,0.5072025589082916,1.4662652303197212,0.4697630184544784,0.07442708325204066,0.5188410316834335,0.7536070949850611,0.061414532017436935,0.006472963731939225,1.4006018970146765,0.8282272629476788,0.6905873309241367,1.501088219893667,0.17095493422614524,0.8252560302230496,0.7924544396451563,0.37710897673885807,0.8682357662313019,0.6182577671557493,2.4814355691699506
1.9972072550350681,1.3157013159096882,0.6613584604269317,0.5314876422454697,1.4639050019040132,0.4712407950540298,0.07382594602970212,0.5150357983759775,3.008737119040103,0.06831060380283856,0.006472963731939225,1.4630542130778306,0.8749137068292816,0.700337587304985,1.642400558926949,0.25094994834681417,0.9235845249500129,0.9952826482181173,0.4041483714010246,0.9442699944949318,0.6784304389009314,2.5673683509518868
1.9933277041264348,1.3056234482673745,0.6149890927556012,0.5072025589082916,1.4662652303197212,0.44748315762462526,0.08892476987169237,-0.11121459205325711,1.0263516786380622,0.0616763110823505,0.006472963731939225,1.105459885814485,0.8245293804213691,0.6727958273760358,1.501088219893667,0.17100158258829087,0.8110319624029119,0.8313670244961198,0.3852020225614504,0.8675833917819338,0.608666663956086,2.5285479073649713
1.5428602745243947,1.4340284228494815,0.8107621434837483,0.5486214441262177,1.085750577967417,0.5085169797914444,0.07094831867809934,0.5673402094650323,1.795115154069249,0.06239700773717612,0.006472963731939225,1.6289905237498474,1.035680106088328,0.5657270312121306,1.6583240114480111,0.2112967951854064,0.9261416009271646,0.7278360788257796,0.3577962105304226,0.9100765825741428,0.781556756859395,2.6508664921704175
1.7878369442007647,1.4275524735408263,0.8260454545809992,0.5476239828843203,1.085330591826918,0.5099947563909958,0.0703471814557608,0.5644644152027822,3.6298411002088025,0.06929307952257775,0.006472963731939225,1.2710387618975165,1.0309355768588628,0.5754772875929789,1.6362823049713562,0.2470211144983325,1.0718716519870595,0.9299325992663436,0.3878313385001015,0.9922550778778806,0.8365020212458735,2.7367992739523532
1.773472911844533,1.4202714118820556,0.7900925966425815,0.5486214441262177,1.085750577967417,0.48623711896159116,0.1396495827899874,0.31173414131613164,2.147701862434934,0.06290855546161576,0.006472963731939225,1.708298068137447,1.0319822235620189,0.5479355276640298,1.6583240114480111,0.21134344354755202,0.9169735396320352,0.7687442589547566,0.3658854066675862,0.9093457020841296,0.7940215006968934,2.6979788303654377
1.0437554122721515,1.3147595263843774,0.602035109581765,0.5586050164318124,0.9406655367911273,0.4563855750640513,0.0732226356924096,0.55737568253018,2.6297294389494072,0.06191692974243628,0.006472963731939225,-1.1865630254297446,0.9026472601042236,0.6178773327338638,1.439735884256826,-0.009997194455146909,0.7503482510186028,0.6567454937783765,0.3117317979162488,0.8843254205849699,0.5922732822529964,2.3329717897336777
0.9787388446796754,1.3004119842893604,0.5902874131539986,0.49952975634195396,0.9338339906624196,0.4563855750640513,0.0732226356924096,0.5268140133924885,-0.6547599316669885,0.06074759171880839,0.006472963731939225,-3.0720625639875916,0.8247865694234465,0.6195001529445338,1.3029092496045473,-0.04834794953303926,0.7404964028824723,0.6437536243101732,0.28067079213953994,0.8065345904569668,0.5567250986588224,2.191697513739976
1.3545075367094825,1.3325402518670064,0.6159872339841622,0.5226585140955508,0.9334140045219206,0.45786335166360276,0.07262149847007106,0.5259687765823515,2.4591164054728343,0.06764366350421001,0.006472963731939225,-2.150863934839657,0.8714730133050496,0.629250409325382,1.4513089120338176,0.03164706458762979,0.9087851081705037,0.8471403138456778,0.31070592010921877,0.8921485533357706,0.6116703630453009,2.277630295521912
1.2093514819998132,1.2866549733219343,0.5696178663128318,0.49952975634195396,0.9338339906624196,0.4341057142341982,0.08772032231206131,0.061438474076837724,-0.22445629352552454,0.061934756434099604,0.006472963731939225,-3.2025244907667445,0.8210886868971369,0.6017086493964326,1.3029092496045473,-0.048301301170893644,0.7262723350623346,0.6826662091611367,0.2887638379621322,0.8059841155184426,0.5663388096647054,2.2388098519349966
1.5132855706945578,1.2955452672613539,-0.16684861349807206,0.46883287328567275,-0.9729745550214454,0.36397194440147257,0.08138965154905234,0.4177034520329913,1.9860014556629357,0.016897308341977054,0.005924628915109421,0.6208595360806386,0.566897201308595,0.5178718039659143,0.8637286872295502,0.19958521051522368,1.2349029159708427,0.7903551938064862,2.33898344432561,0.6602220813824544,1.5823445903478452,-1.0836265721013432
1.0116422116560597,1.1972665831700686,-1.1072967455946792,0.5105987925522953,-0.902363105646231,0.29884931881784704,0.07473582696845114,0.42958788691060523,1.9722897650526778,0.017991043883204168,0.006143022548757925,0.12499696816675267,0.6431874286334666,0.4243594819345262,0.893919349300626,0.3341116240271426,1.1725485916805714,0.3090936915535091,-1.2952173425601148,-0.032268565403792956,1.1005795011795718,-0.5944687215431937
-2.3961104878181727,1.7519492969376438,-0.6477814049267198,0.17595294102008718,-1.1703596567188086,0.2976660037485518,0.07035045962058073,0.254253684151385,1.341080779663209,0.017043229867645684,0.01514768729858317,0.2449820765285183,0.40047367395507444,0.39950761256383915,0.7498859715275058,0.2707517835262414,0.4793169659278006,-0.23518944483334253,-0.5368052041641744,-0.32414968423871304,0.7444240810443384,-0.6553625871561056
-2.2936977504425995,1.866961173977994,-0.730910411494508,0.2294755915451178,-1.0132463753381171,0.2871251480919648,0.06950315473065019,0.27738879480889284,1.2789711853737438,0.027316928223339084,0.015302275881357776,0.25263786816013534,0.6341300370393048,0.40348266200169663,0.7999535799371482,0.27256345242841096,0.45869600698807717,-0.0020359290764961134,-0.07012524235130195,0.4159652070155865,1.4151443097545624,-0.5834277034730192
-3.185040533994794,1.484574870411043,0.75804630052088,0.3960095458314176,-1.732000416353322,0.3267449146965074,0.074480140052486,0.3232850802309364,1.4898666718826754,0.007781924842319814,0.018024950968962766,-1.899417180958937,0.3140765675529337,0.6178986714346953,1.0666293179048192,0.4360667533010409,1.3276942259129974,0.3912279171671133,-0.0870525279787292,1.9450662211064473,1.3336231893254757,0.5897001886330342
-0.07938271454047549,1.718069106786909,0.5100227572384026,0.20872532358387208,-0.6929264556811618,0.28523068583641453,0.1738509200708992,0.22176810550400974,-1.0053116787618854,0.022016137093066275,0.019992060484341285,1.1224504425900361,0.9582449458385721,0.26849845045515935,1.131527270338588,0.1048382028434597,-0.6654266190934225,1.6761582147770542,0.4341311299977211,4.859165499560798,1.6833683153141745,0.11996114978196627
-0.294482004921397,1.5505535701280697,0.011383053612162613,0.19110600787590842,-0.9476831456389255,0.27147338776806823,0.11217658998987982,0.22630543768030317,-1.113294514651305,0.022084151785976718,0.02036884465867164,0.3273665704572882,0.662399941983799,0.4569965334297602,0.7409498242286748,0.18787852319887893,-0.8449342760372046,0.258314311313852,-0.14389845882403865,2.5882783655475774,0.7379422629081889,0.1631193064599405
0.13315543038493188,1.4813146486195192,0.24366113874855724,0.19045904060797245,-1.1895931285679746,0.2995500726899627,0.2170539256241987,0.220874550298506,-1.196213128611948,0.015013762179367535,0.021616858755798787,0.3494674843014582,0.701285657532927,0.44325870835892694,0.9514412128879016,0.1686022812802061,-1.0639794898421893,-0.22980975390664685,-0.2957456402865,2.751169236657055,0.32820194929536595,0.07583306993425441
0.008198005866077109,0.6271666071128694,0.7778310245559104,0.1733191708079,0.289450918768895,0.11548522299423852,0.06771258122812225,0.32270513910487447,-1.746398784345436,0.07717681150188528,0.006089540364614714,0.5678562865034419,0.12566256310251417,0.05512899446248095,-0.41464248122250785,0.02328854866757067,-0.9185503577873114,-0.07945784387533478,0.39097152475895197,0.16395732233281293,0.6455150476464556,-3.390500566252192
2.329232715743809,0.7164733380512677,0.9110795263789019,0.20809014577931104,0.4894210003767382,0.23169738877624593,0.06902052432817889,0.3037203577010494,-2.2123493900817617,0.06321440337635995,0.008196442008724306,0.5864424753894597,0.4539259081631521,-0.03927822144879691,-0.09167863503487189,-0.08346482453391736,-1.0287766655196078,-0.029255677481663682,0.2817239838706349,0.13554221200095648,-0.13225643991072958,0.34985121013711507
2.4761364539056783,0.9059966622682004,1.1778121010375546,0.17024922962843655,0.5677330089754228,0.22378719600405764,0.06887515863607103,0.3236124943062164,-2.165316155323528,0.0766970550909331,0.007224147581976394,0.6634542348249451,0.4610995796996212,-0.011890191389064634,0.045871956009955826,-0.05504168306388861,-0.9680293785945138,0.05547093490166295,-0.5957500816013933,-0.24324499945931452,0.23239119212790926,2.3260998205608234
0.9033201598910202,0.775888240724867,0.6350266691662386,0.13322394456463837,0.43877347953929247,0.1665667700995128,0.06817010762767732,0.3079436000776453,-1.6641054900157861,0.047628352431794974,0.008387889417313181,0.546304519302664,0.056422341758760285,-0.31770704197754657,-0.3163097995769881,0.020966104981239318,-0.4980595696160465,0.5103320624519281,0.2700254950465286,-0.3794214365144798,0.10628940408487042,-3.623284426396166
2.4345452609145104,0.9503769612697066,1.0510872913919036,0.1657759438125287,0.5385846872589866,0.23641144586787965,0.06979216346686008,0.3307185956334362,-2.1191713740472835,0.047732979712341854,0.007224147581976394,0.5503060324197478,0.3180681295164969,-0.21759634769389744,-0.15541269952258752,-0.044429221166353,-1.2175486065098682,0.8404344925313834,-0.6812947628453367,-0.06380322986452425,0.0354583268572775,0.8219949696442811
2.3919012335816743,1.2392500993997169,1.8636165547854244,0.2992577523167484,0.5390097409320617,0.2501892233312285,0.0664840264045665,0.4169510951341164,-1.6290893721523405,0.06880020458716024,0.00589809295602584,0.6962128866586369,0.45181910249976515,0.523071564981045,-0.06626146367506273,-0.03612729831660949,-0.21835125108482661,1.0847643200418902,1.3238926732610885,1.5962083939623188,1.825305807009084,4.028356186753604
0.4985758113887625,0.8095893944320367,0.6283268732744699,0.10381881651395465,0.4352110960055879,0.1448934098740741,0.06952684960962231,0.29424045406214827,-1.84726144231992,0.04220442379148363,0.007415594990565268,0.44316711377425216,-0.05274661138622298,-0.642685409925572,-0.40327474643063443,-0.001035693298385951,-0.8062209952137308,-0.16771287391364306,-0.6320737357345598,-1.0871540789855796,0.03396846628743485,-3.7003898837102582
2.2106451076357616,1.0963900527677581,1.595747909417019,0.21630698768374854,0.45523918815705783,0.24925878112452113,0.06808712776325625,0.3504475104740953,-1.8504573029392917,0.051878141936268087,0.00589809295602584,0.5653349452668361,0.3830813751091128,0.025031945536291678,-0.21535856976666656,-0.10898682969288605,-0.3107451174414126,0.8634832792367216,1.055916911390366,1.1825571784360869,1.876270767197505,1.6162451508248468
2.7497104475805623,1.0812707156729935,1.3006161293563228,0.25684798967911726,0.6344973026359784,0.2588143419280681,0.06678548305930691,0.39109834929080695,-1.939510565371636,0.051500412606495315,0.008196442008724306,0.6478103409300655,0.4579505990407896,0.02935922702238471,-0.20838398524692908,-0.07167863071189196,-0.5282927620594856,0.6473061868790865,0.33438731963557994,0.5980639929703808,-0.14804283688117562,3.2345951789798906
-6.329701263869123,-0.6251202589009288,-0.4662391342770981,0.27654251162546406,0.38633500955972105,0.20086552734556332,0.06669644998233053,0.39145700956976354,1.1296639992539694,-0.01542535671074241,0.004011958100591771,-0.06804242921525482,-0.19563481572474942,-0.27275293033365067,-3.9404167739301053,0.07124868180768404,0.5838012837827661,0.8453409797345891,1.3159090996994904,-1.2431963303821876,0.08387549918601918,-2.5711639897889613
-6.588710574162084,-0.6007556368414023,-0.41195208514104603,0.26848535714638455,0.3542958734175831,0.20086552734556332,0.0666883019407216,0.4015183019927519,1.1232192709827036,0.004630359583357401,0.004011958100591771,-0.40121311407329596,-0.19641033001442812,-0.283946640939478,-3.7441014594015556,0.08948891508431286,0.49538284256977116,0.2750564530517328,1.203203349064629,-1.613874994359804,-0.21631188779791258,-2.714286078753887
-6.541523320424971,-0.6199909903134124,-0.4813061678615435,0.2784044074452164,0.36486475450875683,0.20086552734556332,0.06711876306032184,0.39126290769353006,1.140707975623443,-0.008771814610478663,0.004011958100591771,-0.5340608412277247,-0.15549358349523454,-0.2910227666340999,-3.970598252227225,0.09045394369018861,0.5189089586661534,0.4388446566016985,1.1712767839829716,-1.4721450552824373,-0.13331031749962943,-2.7057553533715035
-5.804208884035811,-0.7918728468249573,-0.5077819071854961,0.2999799981843722,0.28102173539587283,0.1780132770456427,0.061779625236329794,0.42020929168726723,1.2700668506772308,0.01503062856437024,0.004565098141900671,-0.9201917158834622,-0.29340204199561515,-0.19761300749012964,-3.9334133991599614,0.2901415596498616,0.49254187657919607,-0.2080467282686699,-1.6996710352682491,-2.221353661336853,-1.359378477402684,-2.8493835799871907
-6.310984050454892,-0.66567782949339,-0.2642635415634249,0.3021194118761683,0.29027477152177233,0.19893626479090837,0.06247787138238214,0.40929603215424415,1.2462956317602458,-0.005059458402456711,0.004565098141900671,-0.8195387552102832,-0.21420744952856163,-0.2002064630078111,-3.799396598034824,0.24677925259906644,0.5196579293152052,0.5361480660812379,-0.8827529883782896,-1.3760371986439426,-0.5170545071424222,-2.5663666120354494
-2.478820656546353,-0.822221037604451,-0.16833729907757042,0.18657470910093576,0.3827010556943579,0.1325416672669769,0.07585161836049727,0.34680788350086617,-1.5811142832711271,0.0026190670868622514,0.005397780716380376,0.46703048245012074,-0.09627223833945713,-0.0791060145339072,-2.68964729140746,-0.16402461179436187,-1.6746649670258837,0.14450347483587725,-0.6210772697266566,-0.10190589553642208,-0.6596451494074437,-2.3355196793672675
-3.235938565239684,-0.5809558198720353,0.06292867583436496,0.2407023262180314,0.4038569906712729,0.1596821305599871,0.07542155977950432,0.3648325466051482,-1.2162290700098393,0.00969072939476539,0.005300747823742335,0.49558781692347176,-0.11809145440222499,-0.03874187434039987,-2.5523587345573686,-0.08153089350356396,-1.6193782221049713,0.43078132832715305,-0.7532511184264746,-1.890024121387566,-0.26478253989051453,-2.1177890329651445
-5.723082330244629,-0.6572184545118804,-0.7549221046388218,0.29979049067617725,0.3332741030795347,0.2005428588910434,0.05949008394163007,0.42839452220186003,1.2277895474992662,0.01596812138812125,0.004565098141900671,0.3525923450395243,-0.2667160667631145,-0.23167831651794926,-3.800098346065394,0.22653592541133408,0.5111969361242665,0.0037312081971599188,-1.478881510839529,-1.7115559864241277,-0.6516540873220338,-2.538282934376883
-6.785364898064137,-0.6648022380611323,0.03314397412376566,0.27235048079850577,0.38840694891896116,0.20499144318521081,0.061057528833059226,0.3654623023736374,0.9485161717309994,0.006578469681832034,0.004011958100591771,-3.767749769858367,0.039494941732802685,-0.20076032016825274,-3.832414801855125,0.2822811651629959,0.7340745505929276,0.08230414498359324,0.9614703951964698,-1.5259200567234044,-0.333028533687735,-2.7857496220005062
0.8270375532837934,0.062179253987003295,0.1684991433750751,-0.6489143598867914,0.12355103361471333,0.08616894271314116,0.06426428999167817,0.35184240083491636,1.884024004432669,0.08854550150381708,0.003980619255979093,0.47627592200739144,-0.6608967298644779,-0.6027280121898136,-0.39743443196626527,-1.4611393785778406,0.5228043138883302,-0.27464231355927243,0.8385015613955733,0.02572760679453972,1.2983768802721987,-5.443079176931411
-0.3191761990157893,0.26051625598414246,0.26548924064114954,-0.328098995212219,0.19121425849255388,0.12333052366686272,0.06319485158618993,0.39619353191621876,2.33364085181493,0.07987187935673035,0.004287066302893597,0.5011336733605468,-0.5916281861647855,-0.47301490153445,-0.2799415183660167,0.2059563904649929,0.6391139998593421,-0.13849841788895204,-0.3405209548089965,0.06792783557618458,0.07056435055264117,1.536035583334593
-0.5994330155752419,0.2916745605667141,0.09151344221775568,-0.7021186860166905,0.20466470176806034,0.135043953540685,0.06370864168987297,0.5578647193113342,2.4476327225763588,0.08956525278349152,0.004287066302893597,0.6285917282868033,-0.5846361041045179,-0.4480701893716637,-0.17132081109092823,0.21122794369745976,0.915099101132963,0.1371357292080008,-0.4844928824082944,0.21971797227601494,-0.6185121474905553,2.4333967684092648
-0.023937636862393818,0.03763595204256517,0.17722636832243915,-0.18901974767979443,0.08477515848660483,0.08005832390356153,0.06423832550761213,0.3211239565899691,1.9310724837584783,0.07050078237837769,0.004358087115757212,0.4935230133510331,-0.6673648286958936,-0.6025169721896407,-0.5409327573105321,-1.2832044435581882,0.562181403114797,0.6378558591543806,-0.32312001421368297,-0.33607228039229065,0.22222134998597298,-4.748001354458021
-0.7248207817263378,0.336314525073902,0.19293183957518895,0.083053801637063,0.1722218033994107,0.13512496422080789,0.06260830247097772,0.4065615502843069,2.4400478315269214,0.06565230100578859,0.004132477720118992,0.5347991893744225,-0.6342695120256013,-0.49037957144183586,-0.22365295757009915,0.3563622603580171,0.8470940776377895,0.6757700798418682,-0.5688551508963728,-0.4683564202603926,-0.7307697796822006,1.3842096735520142
0.9434864413436967,0.5176363094725174,0.8809826612754966,0.17838812436514542,0.2606309268215391,0.13393629725180162,0.06313705437431069,0.41435503553462394,2.445915367323197,0.08454877161215439,0.003909598443115479,0.6482631245608198,-0.5972660023726752,-0.08480124737651036,-0.0827244868651332,0.4453641199352953,0.913345923896532,1.1427494068733992,1.907666617351629,1.0118024334161368,2.4033027689482216,3.8807949056560984
-0.3171044400527559,0.0667679541634034,-0.19077857841146795,-0.9523327406937719,0.05496181610617691,0.08659636200229902,0.06416503337002508,0.4007753070910495,1.8674396061357668,0.07644172121775211,0.004203498532982607,0.48158978520422113,-0.28233859201095624,-0.7322821325346606,-0.562975520982559,-1.3208011659882646,0.5889439746836307,-0.11468921182542388,-0.5608790966269226,-1.185065065818927,-0.4042265534974806,-4.479205317689424
0.7808924944874055,0.5337267027687017,0.8140895855119392,0.10624762093082127,0.20690116769417827,0.11692249843959598,0.062131428985637276,0.3880091378130563,2.306092532857152,0.08323405009061342,0.003909598443115479,0.5435192222171475,-0.2440788366263882,-0.23153708349245553,-0.18853870717050977,0.42929665842219433,0.7854567973261598,0.5804801124018516,1.4838804839109951,0.8390020773501257,2.2700587087873143,2.3635684953794285
-0.04540058196276805,0.36406530093897327,0.4164661339080624,-0.5520119672690004,0.21104835042350298,0.13190361132287148,0.06359406064645573,0.5365867302174406,2.344089923986109,0.07745394484228112,0.004287066302893597,0.6140702061495252,-0.26867604101519127,-0.2537847015110035,-0.1959115241859551,0.37561702981479667,0.859816300162501,0.6867022278926359,0.3392943641237295,-0.3047225295077217,0.3198630938379842,3.244544071262185
0.5982579643313498,0.06272463041091593,0.313849240422706,0.20866191774711232,0.11672541548076214,0.15380856162502826,0.06487244638015142,0.4560458078592186,2.310676974052475,0.06570774261973418,0.004006525246608869,0.34446892543811086,0.13240700266908295,-0.5814587563319902,-0.2658707141067788,0.1832876905739956,0.8127802921710867,-0.4505905701236884,0.8626995851564051,1.5321681288658042,1.7699132142720433,-3.9872008468175064
-1.0126174095734302,0.18059705706701287,0.00995712480515072,0.14996707360957912,0.16141185395604185,0.20249580435164194,0.06376696824517626,0.5385164634750046,2.6314642277633573,0.055131724564817436,0.004449976422506997,0.29162672218742836,0.34902850039464384,-0.6135578966497168,-0.38322972829399127,-0.04276636196754612,0.74367733787762,-0.18943598381119323,-0.3740331345383798,0.5430388126778998,-0.7782988641196645,0.9973613985139769
-0.8102071536221678,0.25458084671865,0.014101576037013534,0.1386504043606121,0.20954994721192624,0.21317697064667865,0.06543537236332035,0.5651034763195348,2.7383078268129664,0.06049396673320228,0.004449976422506997,0.46973431393238746,0.3510474450457426,-0.5306625411092627,-0.201835672628109,-0.049354709588762584,1.059118346435073,0.10480602432714213,-0.40894086013487246,0.8454480472612941,-0.5185759957537743,2.1998387160074975
-0.29172693886477885,-0.032685940382670385,-0.06570481386404803,0.18090347187723932,0.10642731809869142,0.1589554151816807,0.0649138014544912,0.4232576410545288,2.1761083843853477,0.04406204552543716,0.004520997235370612,0.3070482596870709,0.028709149647604976,-0.6973929144513972,-0.6322860792176046,0.17872123737991627,0.770092964722733,-0.18658555720690728,-0.2430312586840402,-0.5563640142654402,-0.07892242319637452,-3.616877720527618
-1.000015939857111,0.2344953815839392,-0.0836185279916734,0.13548455853103797,0.15606133294750718,0.2120928365509565,0.06413771414562479,0.5425110652049757,2.7307023115909237,0.05028429397889211,0.004295387839732391,0.3789011610907582,0.27342287550700417,-0.5638690548962506,-0.3798754084219414,-0.08220111541401771,1.0396135062219123,0.13540838066487335,-0.5920348270669191,0.570432601286903,-0.5921197283429749,1.0896550743455553
0.6433344980104585,0.47611526139152677,0.6555712569301595,0.21171354351029512,0.2294630127793659,0.20869875215206082,0.06298549990093061,0.5873518827987512,2.577959664240883,0.07317093379111624,0.003935504433745254,0.4911114283538771,0.3030318111986455,-0.07946620562312158,-0.041666135255804475,-0.14170483241355067,1.113091936820711,0.6727453640386266,1.748787361455932,3.040946926748998,2.597941696723038,3.5517139832874536
-0.5585800999648373,0.00734091296087426,-0.08924395496081076,0.17102700381115254,0.09780847783446009,0.16549345328041826,0.06530015971057922,0.42112116976424613,2.1849535723605054,0.04284812517256853,0.0043664086525960055,0.3046302182711369,-0.20500701649431322,-0.8080570114909753,-0.7451285949948876,0.17300745331157188,0.6279575949001641,-1.7137815830929628,-0.6826226979674536,-1.154491040432241,-0.6099545791994861,-3.685382003322039
0.3800017461903351,0.5306918108603746,0.5590124792475519,0.17515928278315238,0.17612911402240125,0.19117588324561194,0.06366148663640654,0.5553199058660535,2.631335341533128,0.06904830005923324,0.003935504433745254,0.3694578911787565,0.061996575607954914,-0.28996170305104607,-0.17385909472990574,-0.13724928707688214,0.9021181080524179,-0.5394822397576272,1.5185058713267616,2.4585211220634866,2.5332566191066093,2.0176696342114875
-0.2318859640184544,0.33887074831101954,0.34060046106225245,0.18536576754666356,0.2270525470215835,0.21319802580546246,0.06500834357815742,0.5509728285874573,2.58232342345193,0.059110636875707646,0.004449976422506997,0.4408770654781463,0.049719749982027356,-0.36369019685088205,-0.12239191336680458,-0.06952231917182945,0.8994911744001769,-0.5009065821374904,-0.07835941224091102,1.939353078518375,0.49875697477923675,3.003084957325863
0.038532681434852376,0.8520409434702289,0.3715052651485257,0.4509733136792473,0.829549240903698,0.43150125157300506,0.07455521644065957,0.5320111251812105,2.5015403594487435,0.042726841773921095,0.0065831230965125815,-0.21829370115644314,0.5276682865061928,0.7028801041280668,0.9894659675798979,0.21912055645983677,0.9229940186559015,0.9831327249837868,0.4537367600371325,0.7440747691279709,1.2428817349989218,2.180092621464963
0.18352364811061536,0.795285396316731,0.44923501975477487,0.46743682660888397,0.8998032615856782,0.4515730260789783,0.07401678078306945,0.5542826327075367,2.8073943518182256,0.04134921645323056,0.006253678813323784,-0.007266018006322493,0.5504456766613282,0.6850465678407167,2.0422772340156663,0.24624749139789268,0.9984258640158356,1.113372444679516,0.6360937177533611,1.4988540863206878,1.3144506387218686,2.0856266537351282
0.08605951327957469,0.8007300103662174,0.4352490380450189,0.4553544516289564,0.9072342814943621,0.4359925151453261,0.07437638272936839,0.5407189191677494,2.6979911134510743,0.04090514213786237,0.006253678813323784,-0.009321674941103485,0.5480502029939568,0.6396208269714365,1.9425537944745697,0.2543104558811971,1.036503640905897,1.0705503339641764,0.6147673592837417,1.4902629117881072,1.2323220112983124,1.687249927859238
0.6751607752863408,0.7901557513845192,1.4020667726504155,0.3539665729615987,0.10343612494181205,0.46828578284388406,0.07440313408210833,0.43063641542868375,2.5325171226452907,0.05348668401026062,0.00667971460797154,0.5136942868228174,0.07606124162427592,0.09462205194233872,-0.060226333657055216,0.2130008259502257,1.0571500690446674,-0.5473589028102286,-1.1368911548234593,-0.12997368087765093,0.2079400563147076,-0.8745486961308732
-0.4406456282881197,0.7186641473326518,0.7115458143480193,0.38535205563193825,0.355947902862028,0.44374451454309244,0.07457764558716581,0.4371036518133116,2.3668337450760273,0.0533661845654706,0.005997297232195069,0.10408447804100934,0.36534823307473613,-0.050450638249998125,0.2794098534960339,0.16658288416087444,1.0180244671690895,-0.3754039632439435,-1.1490072077364326,-0.17095012670051304,0.1361055909310742,-1.3058677789622724
0.8928216342646986,0.710025306114107,0.424910465075845,0.3425766036595713,0.23154151644062568,0.46062669042108645,0.07297980892919101,0.43501821562883186,2.4390794946101457,0.05316170272720392,0.00667971460797154,0.5095595232461169,0.10750198175709039,-0.060274833257810176,-0.05976406079254045,0.2439135149050445,1.0787582985717545,-0.6378111838080184,-1.0500152571180377,-0.306162766358441,0.09914757875733025,-1.1703844813089654
-0.13397267588651493,0.6385337020622396,-0.5198337446918542,0.37396208632991085,0.2298300428955393,0.4360854221202947,0.07315432043424847,0.44148545201345973,2.273396117040882,0.055530141965655096,0.005997297232195069,0.09994971446430873,0.2789364692993066,-0.20534752345014692,0.25561310773604995,0.20113362279794325,1.0396326966961764,-0.4881153594894171,-1.0621313100310115,-0.35723941136532383,0.03945229391019544,-1.591029096520964
0.3126102280969902,0.7207749047559124,-2.040649833047149,0.3819525257823294,-1.5298306674903062,0.15227051705487588,0.07928213944421102,0.4327947999243556,1.9344030460981043,0.0043469147819806256,0.0064591041960575975,-0.017685847726097693,-0.07035065171074176,0.11016404750474847,-0.41308323280943526,0.2643098604000913,0.9252685439391771,-0.7679558617043662,-1.3662096287063596,-0.8963402572022046,-0.250921460788919,-1.176487099481309
-0.34369534309410305,0.7142424927663311,-0.5580421301689144,0.5234053656216449,0.8958097716105399,0.12772924875408426,0.07960465583999395,0.44258991838687783,1.9262852366280936,0.002241137491698931,0.0057766868202811265,0.020382574352824534,0.5437776143751581,-0.011571544012151576,-0.0880183034442109,0.21789191861074023,0.9834059714283825,-0.5735717668742527,-1.4348771512623095,-0.7615594104915959,-0.3136562548568078,-1.5537564513537776
1.1086699124875368,0.03767281377272043,-0.16295811940229898,0.21195515919454197,0.19985749058005317,0.16787398253448935,0.063415933573617,0.30847262054504193,2.1427334394048025,0.04344007806565347,0.003963129471926889,0.4119656159058765,0.027613705644272395,0.45815439156698556,-0.5274984193087869,0.12662074575075608,0.6206674070654801,0.3439270974557621,2.911464838446523,-1.6766877374321645,1.2113451959882489,-3.2094785669410015
-0.41683750603486325,1.1699711576785208,0.5908498822388379,0.3619582193132971,0.23800201634655296,0.21169047439153763,0.0757601098987839,0.48899124930298854,2.6209615412599194,0.030489593908770152,0.006449445972316341,0.09050029159763229,0.35903976689151623,0.13208309321175674,1.0111791077536911,0.2775910978684881,1.520906649545279,0.762424607214853,0.29730010248253613,0.7291111593969711,0.5309895021827875,0.0692624820591802
-1.0015878704271861,1.0012434385179947,0.26469106300497286,0.3347702148903481,0.2996019452156333,0.16919706497041176,0.08173274849135259,0.5558262039583982,-2.1000949417958665,0.03086141283107739,0.008538890543636025,0.20217894671174452,0.5995366662537579,0.1956032026511362,0.9663171743537904,0.08495858510980066,1.7596108278583988,0.7203996462949962,0.21299081461786246,0.908455784607188,0.11906575874822418,0.9746717625886798
-1.1820305022817033,0.9402013955962838,0.2711046162946362,0.3112224379209564,0.3701941565975243,0.16703995700116184,0.08298974017330049,0.5092526093535383,-2.4417795456087195,0.03086141283107739,0.008538890543636025,0.20022363749503397,0.6623946367667135,0.1436101181409222,0.9171778082464411,0.0854865664871432,0.22944986932369796,0.736960529795169,0.305207785684389,0.8432411272813931,0.12813102517534664,0.8794522707881212
-1.38398575615311,0.7189915741784448,-0.18701766612131657,0.19010193529261832,0.33139729540395607,0.14563417414999355,0.08383718043418273,0.4604811756043611,-2.584965506089978,0.03145507898569147,0.008538890543636025,0.20910925957160048,0.5586866405779108,-0.008916219594978585,0.3306667160577703,0.03776899485173704,-3.201781793190877,0.4902298365170931,0.13152207927134854,0.42950217998758516,0.06041375070675272,0.5880159659359299
-1.5310078086305001,0.5381819541239677,-0.13713013177597186,0.1668935835690521,0.33139729540395607,0.15409076668972102,0.08491178014523901,0.39882771129726924,-2.7884761534490474,0.03145507898569147,0.008491550652494467,0.18083643863181847,0.4301672079474882,-0.07033033206596875,-0.7780570019250942,0.03399972406126852,-4.147807361499709,0.10561421339839247,-0.05953015644233524,-2.1935128460394626,-0.03117251688381225,0.14783334810498053
2.945900394330377,0.47905086259178464,1.4705900152522027,0.5848601297487885,1.5259302139320081,0.36710853948796646,0.08678599182261333,0.45234594619962226,1.5671834234823474,0.04573441581507333,0.010113307839304697,0.557859595030322,2.173745478204148,0.5966856349406325,1.1576904840430666,0.5340187468564841,1.860089751252066,1.2649792419693995,0.30448263607168413,3.355861845116442,2.1863035844128245,1.1599349058920767
3.0015124373626083,0.7580711179858117,2.0696511378343585,0.5235305379438918,1.4968560962963067,0.32357153126414573,0.09322195137768628,0.5160861751305548,-0.5384868460279367,0.06157188313960449,0.017863434124188574,0.5954890840861727,2.217885161783678,0.6311182410821615,1.2410101863033183,0.36339327654684944,2.1825965224075996,1.188292215571033,0.41167809549734613,3.0074637490817318,2.163588590930389,1.8483183869459994
2.9806062546677397,0.9190603571407711,2.009672871336526,0.5183194647721465,1.5170923063996635,0.3158408840148408,0.09459653278164355,0.4815471939046962,-0.6501228832835583,0.05607942565999791,0.0188701844836596,0.6657261848084887,2.1895171285160804,0.5249488679029669,1.1986325816507126,0.32961420080959797,0.9876958744032743,1.0887541182728802,0.055468305641677505,2.5309987743516498,1.9975696574993096,2.080573613145631
2.825497295340616,0.6721584162803717,1.945589464479404,0.5009888995937849,1.4939223577098428,0.32670315333106453,0.0948978810322527,0.4628709440245167,-0.9018641783715361,0.051214619206125835,0.0188701844836596,0.6043292681514265,2.0612228795480663,0.4936550268980325,1.1820793139509584,0.32961420080959797,0.05149694767076304,0.9989345860063183,-0.21203386341146888,2.382695208039505,1.5775371860066076,1.8880470847599202
2.655301707378417,0.7451752844659327,1.9351271300877086,0.37831687862303764,1.3476709952346921,0.31686647721165134,0.09459653278164355,0.43713212160214493,-0.9491428485824999,0.05540169234136977,0.0188701844836596,0.5945538135216849,2.1445989278183206,0.3389143444386219,1.139501503409005,0.30900607745587216,-2.6045396911012335,1.0090502965757178,-0.15322436419716634,1.9880439450587086,1.48315078856345,1.9184205973621888
2.5176830376374877,0.9354278340539558,2.002253960337822,0.312362300736696,1.3415579783623461,0.30082269048520277,0.09574532129313497,0.4160172509761209,-1.0060288459283089,0.049580162072449856,0.0188701844836596,0.627804689068151,2.1385127302219096,0.17796588009016479,1.036073901625321,0.2719334418991925,-4.228432341910676,0.8838297503543121,-0.4084773771648259,1.538936247561086,1.0009888814931618,2.3005481307601046
-2.3239967034707436,1.2093331546994952,-1.5063902825342996,0.23127923049176377,-1.521707066043679,0.05903104178262761,0.07499283736296196,0.24231011088864704,1.6815337219515496,0.01975360424817867,0.011483680738450545,0.5010646287693242,0.3644976496069827,0.5059798777390593,0.6279430789049845,0.23372215571603522,0.8441427059719867,0.36550263028638225,0.13262489788048745,-1.4958763471899406,1.414248767621982,-0.5371808447126636
-1.6873426407713854,1.3068226705007548,-1.5251228140502404,0.2556004295857997,0.8412491126838033,0.03448977348183593,0.07554311080522953,0.2814402994875681,1.6166661923960624,0.024015227656073716,0.007793610763144026,0.09234313453793548,0.7727854228046896,0.3585707577081436,1.0443075400713484,0.19654736967559,0.8651151931425403,0.3367121650855895,0.12023190387345388,-1.3351925236038535,1.1089339352045657,-0.9467757618939996
-1.5583121573678542,1.2782398511020991,-1.5108954752744441,0.2556004295857997,0.8412491126838033,0.03448977348183593,0.07554311080522953,0.258971477372945,1.6176475285331575,0.024015227656073716,0.008279286104369727,0.09234313453793548,0.797421633941504,0.34862609334140526,1.0329591732622985,0.19654736967559,0.866205735221418,0.3025917615621659,0.15073686272461495,-1.4363362437983127,0.8782034566629775,-1.0049425517521384
-0.23938963955320833,0.6396270109405224,-2.3248314731597386,0.2179277440462184,0.7715208614146496,-0.18395655907177577,0.07009827104939395,0.40263814052846053,1.915555559917776,0.016706453916254523,0.0007225875211403019,0.2309129990237038,0.32575059835254866,-2.326689490965922,0.6335627719912628,0.08349916257835269,0.38404543368964333,-0.44022754842639433,-0.18119456342418394,-1.1777054571461014,0.21403446206442034,1.5990675287380909
0.9646101750943249,-2.391518412523669,-0.544079570831383,-2.9774050944468673,0.28633135923917474,0.15907717427758436,0.06484974833044137,0.3369931155645045,1.1442999099141271,-2.2796938966238494,0.00469218735427125,0.11855112442288224,-1.4661673883373445,-0.3049584401486955,-0.8707688811682133,-3.867044159039608,0.23595658687980295,-0.1310996869799768,-1.1865266265895638,-1.9672475943153231,-1.3070724662890434,-5.024066485396041
0.671713064359947,-1.7483946660936995,-0.04181676313040557,-2.103368942397929,0.4390252001891797,0.21273195739435616,0.065616069739589,0.43988840054216477,1.9584526188522862,-1.9541546703635622,0.004601404228262977,0.25255081268269897,-1.2470487105370223,0.053647740455745455,-0.5461884710186452,-1.5492427281545653,0.6199808945212387,-0.054721743020069415,-1.100559598007378,-1.4335938754741042,-0.3869946688045908,2.874859105866274
0.720886442880763,-1.612917659977017,-0.035442778084120136,-1.889387912498829,0.4390252001891797,0.21114768567742156,0.06474822239761838,0.44564281104315295,2.02137478970582,-1.760870756199333,0.004601404228262977,0.28714051279702585,-0.8735941403223159,0.3255821523689656,-0.47440298001950515,-1.2496250591235951,0.8187846831236949,0.004033006406821339,-1.1129941130344432,-0.07637908261083136,-0.3840180635678184,3.6837308657480414
1.5377815830845072,-0.27225491544070207,0.04664508670115071,-0.8782179872018668,0.24412429037116853,0.09908765031468723,0.060758235732519095,0.5260261602466115,2.5403193182451194,0.16635207477124445,0.004246144912076395,0.746749397400547,-0.5134550876013895,0.3078177485847995,0.08520577144899386,0.5591506753421256,1.0911088356189271,0.4094010745589951,1.6341703933909246,1.1248392454281528,2.633142572601106,3.2988446223972843
0.1630405019506291,-0.14758221155422865,-0.7902635984104572,-0.9955209881684831,0.2040739229202491,0.11011979471723177,0.06045429354106559,0.521333027723273,2.492602404540953,0.15911136164307438,0.004294168488665717,0.6495735208354545,-0.6437588536840948,0.36993604234226635,-0.504745118295542,0.37650194721544444,0.8044941663881409,0.08026225418894507,-0.5246414307049165,-1.136144549108477,-0.7050253318362905,2.20513347814143
-0.015680605807935403,-0.2011099812210753,-1.0524169381750523,-1.0589319365797694,0.1889293279428221,0.1458388688412425,0.06235100670254668,0.5228992292940398,2.2776348021468604,0.15185706500680984,0.004822632054706193,0.6133274803796952,-0.590898126761402,0.36637926001337373,-0.21575020377554854,0.5279052028032032,0.929797365683688,-0.01881535121694296,-1.6786593966223982,-0.6998080510905322,-0.7244556552630198,1.95545495212195
-0.03113779612829534,-0.17969938809381783,-0.8473368967986504,-0.25114615727777523,0.21528144300569327,0.11740995391822304,0.06279221805350994,0.3519699209813326,2.213961286773547,0.14148244378774735,0.004806143271407235,0.4750992855933896,-0.5592934166383368,0.2986834711206388,0.10979995027722171,0.6241819558154509,0.931090937377228,-0.09393413563503221,-2.486288305735899,-0.12780822103947354,-3.3527388057907,2.2683242709558726
-0.1473805288724164,-0.20573500579146228,0.019141295128963356,-0.6396022717164606,0.8250278592961988,0.194529011613727,0.08188267089939762,0.44603580572305346,1.9122471001978305,0.12819646876018434,0.005745066617534535,1.5170781911323166,-0.267998765406847,0.289038794303719,-0.16172079246749782,0.4060894075407069,1.3252163671037442,1.717730949121377,-0.1757681394153831,1.7676207559908097,-0.20131076329102532,2.40570582671238
-1.490845042448676,0.0026393247510909297,-0.248538966872977,-0.9749071539035002,0.696946838800296,0.24899852245535817,0.0656705935085557,0.3753523968041018,1.7505573930485987,0.15433918910354444,0.005626959280056257,-4.103108360362843,-0.8571602695588544,0.24234682686876874,-0.405037873062056,-0.5510318648256227,1.0995816719859175,-2.2131883269463826,-0.25490963483001483,-1.1076103082639748,1.2772988850429272,1.0038114257556523
-1.5549401131413414,-0.1034565242569392,-0.359638774595626,-1.1148554963375734,0.6234292982041597,0.20502760696412703,0.0634084503417217,0.33803719621475703,1.6637090499180245,0.12508965139340558,0.004888088917005404,-4.782792645141537,-0.7382589104433416,-0.058431109142084964,-0.6609039766278801,-1.2432075468021706,0.8495558650821832,-5.33287218954251,-0.7381146078066902,-3.38818524305995,-0.009847855810811462,0.24586641632574516
-1.9251244693970782,-0.11210706421309352,-0.42681132507857283,-1.1448816164495172,0.6067954275245313,0.20502760696412703,0.05935318835932615,0.34801357193607857,1.6709705147685001,0.12652329743231827,0.004888088917005404,-4.979842564810859,-0.6577880961957553,-0.052249872319298375,-0.7270113203083955,-1.4896531555670693,0.833460836601095,-6.353734362230585,-0.8514209157640388,-4.117703829890529,-0.594718000266697,0.2604444848741133
-1.6045805285633972,0.6737738035891531,-1.319683773371375,0.3115066454868734,-2.5695664708389114,-3.9013915771573133,0.07595347612793343,0.2325957481348204,2.045584938321539,0.02320508904117416,0.013800732843888336,0.5865405974058441,-0.10506184950294165,0.07291965806589384,0.4251206378344233,0.13786392941874728,0.7058354235330984,0.5898529162177187,0.9377431111708572,0.5122438837908756,0.13205056039608248,-0.27192584565471434
-2.2234076327169916,0.6542874991525873,-1.4631464186274927,0.28808216648304674,-2.732045292512328,-3.953203467491156,0.07596163269107609,0.2953446608851387,1.1442916932812468,0.0032939363761623442,0.014547032022249502,0.23752459877693757,-0.26766755497826966,0.08336677419443561,0.36430777102120326,0.1965603567842964,0.48932068379003146,0.11560229026515781,0.888299414139036,-1.5104666427712081,-0.16650741537125344,-0.40077072209656317
-2.573676597804575,0.6881154116549559,-1.6139183797855452,0.26728574230501984,-2.8890244573293287,-4.231049069219013,0.07650674000023061,0.33512428525011984,1.1187453973358117,0.012890866104921524,0.014305185647639959,0.28783586375671033,-0.4315689518357937,0.00318236439277871,0.2481600962221252,0.18900902983774096,0.48708842066745844,0.07882100474395136,-1.5762854747120352,-0.38580883253706577,-0.7613892482338697,-0.44903554416297775
-2.830598470414506,0.6950580768734692,-1.5904971505922232,0.20938515622761522,-3.0811593567183544,-3.9916602270554598,0.07148687001892828,0.32495645761427855,0.9364184219573235,0.013333491969963106,0.013741460358494611,0.022043245819137865,-0.23806539181978223,-0.12920850383069546,0.30026371374113514,0.1927052492442141,0.498450838619008,-0.001709701884039665,-1.6015889013213187,-0.6717530351155654,-2.4870303354409646,-0.5721313923849112
-3.097185042447959,0.6230501368716167,-1.4709355496640946,0.20737521466807146,-3.02644446096602,-3.927246872497926,0.07140647065570735,0.3317727003808097,0.7750575144300728,0.017976630602011504,0.013741460358494611,0.03792633339634982,-0.23800862958317356,-0.07064857180375562,0.38376315984738746,0.18274083044249537,0.3632545858931227,-0.0011483213489471432,-2.0084994878473705,-0.558892414814174,-3.633308729048684,-0.45564144941148504
1.1757191422041822,-1.1692842246444786,0.19731586010058372,-0.7651014673238536,-1.4422432854450937,-0.00977649521066654,0.06315103881959433,0.25827955236592764,2.263304372812444,0.0024700239707957563,0.005928499168255965,-1.9132711758553858,-0.9073507553210504,0.023089207155599804,-0.08059239112296927,-1.619149233412683,1.092020835664125,0.3512574253146865,0.039534297875277395,-0.9739075630232474,0.27920864117783145,0.3501765737567895
1.1757191422041822,-1.1692842246444786,0.19731586010058372,-0.7651014673238536,-1.4422432854450937,-0.00977649521066654,0.06315103881959433,0.25827955236592764,2.263304372812444,0.0024700239707957563,0.005928499168255965,-1.9132711758553858,-0.9073507553210504,0.023089207155599804,-0.08059239112296927,-1.619149233412683,1.092020835664125,0.3512574253146865,0.039534297875277395,-0.9739075630232474,0.27920864117783145,0.3501765737567895
1.1757191422041822,-1.1692842246444786,0.19731586010058372,-0.7651014673238536,-1.4422432854450937,-0.00977649521066654,0.06315103881959433,0.25827955236592764,2.263304372812444,0.0024700239707957563,0.005928499168255965,-1.9132711758553858,-0.9073507553210504,0.023089207155599804,-0.08059239112296927,-1.619149233412683,1.092020835664125,0.3512574253146865,0.039534297875277395,-0.9739075630232474,0.27920864117783145,0.3501765737567895
2.230020878977305,-0.7560574379122174,1.5671237068928066,0.5209661392839118,0.3817243441101609,0.21421886271244944,0.07300926430246699,0.46330547937527017,-2.1736090153521084,1.0142347905128613,0.004314216882164188,-0.10007276128094662,-0.06759912230758905,0.5144049613420197,-0.7773068741016439,0.3917110694489463,1.2296338495284076,0.8763703034428291,3.791210655295657,1.522412486727161,0.8444011239032173,-1.9883421353441622
2.2398170073705366,-0.972693456645995,1.1836332729821493,0.45935493906001323,0.347915631899344,0.2160992520885669,0.07464773309523162,0.47769941847582015,-2.0953099918565607,0.014950799165324288,0.004369151707520015,-0.14406315649800872,-0.08175827182715377,0.45927324872148406,-0.6048834038315126,0.26063478127133816,1.1940510309474965,0.6185696641221322,5.644030717304861,1.7047826116368032,0.7905852715844911,-2.041226669252257
2.2969094111515407,-0.4761061925861543,2.1496149726062876,0.5479805602448696,0.4746014408755532,0.27173936348314487,0.06705909741534143,0.5205044466674753,3.611374747364956,1.5253491849276204,0.0035535926620956647,0.04513854539220267,0.492967301323977,0.48876910792344114,-0.02845623402569878,0.38018622619931747,1.283213604045219,1.4001066671745355,4.45643212859386,0.9849259254430655,2.1033373003110833,2.066560123026868
2.0922129327761074,-0.6976339908785839,1.3389283717548885,0.4607016170356063,0.38060953520810986,0.2273693078398611,0.0755108592805015,0.5085469448645678,-1.9565739842527607,0.04496626702146444,0.005363571782902733,-0.08071432663272865,-0.11825722568104378,0.38244353692002336,-0.29694336173732405,0.2416685394140342,1.3642487948866155,1.6109992674557707,4.273400821405586,1.6637405175579503,1.2128922431635192,-1.0815560748126933
2.067994121961262,-0.5090714858523463,1.4306973320189549,0.4614643356044096,0.3774643201696714,0.21689450068784066,0.07255985630532988,0.4975934558360685,-2.4655271756494246,0.7801318368886001,0.004271604394446019,-0.11311800299900683,-0.07772413980085698,0.4149789849469148,-1.291607063653382,0.32824048743721523,1.100424122550781,0.2845043516025345,2.7988311768942573,-1.1251926788773323,0.8538596451771799,-1.3704896458807532
2.4046187518244424,-0.6596267922921056,1.8230160459386051,0.5185241551153044,0.44305379984937837,0.27063307063593167,0.06467301016305195,0.5119704022848139,3.603150593432999,0.021939019925887537,0.0034368879035382976,0.44550424390085297,0.5005002808871906,0.4237664825929675,0.04505302697543231,0.30358080589656034,1.3331010712243845,1.5363184390782252,8.696439908868294,1.2557063327147502,2.2254488423120136,2.050805142407347
2.3141472360059816,-0.7499071791711309,0.9043261138630118,0.5010713616261286,0.4444641481577701,0.2937491544499376,0.06742024702165028,0.5898711211720068,2.9866690216335194,0.019752677929229318,0.003741608068032313,0.20660702884283197,0.5832740056723025,0.48614616326031845,0.04541126392605868,0.16902400040741844,1.5525505346284287,-0.10230644947408665,3.2390148456489807,0.3869741593809792,1.5138179910721732,2.7898595130116797
1.7042255668345256,-0.6862275053159159,1.2368543917875696,0.4685655312343258,0.39700352723131077,0.2525276309677181,0.07316767507054506,0.606974078910283,-2.768026718234788,0.04255405948947051,0.005363571782902733,0.08725293786480447,0.17639124652040108,0.47765689561935526,0.18171192522558485,0.09588333831257755,1.5117263089631976,1.2362142700070966,4.000149853933526,0.6948875518426062,1.5929546648100907,1.6673296993775477
1.982355223559861,-0.7505455504520776,0.9727397746211273,0.4356799508978598,0.4124386072933194,0.23839768660393892,0.07136488382137923,0.5169245843635104,-2.420745392221323,0.03979674001083079,0.004810431741593834,0.19476138350378325,-0.08473499723807998,0.41726124521520785,-0.7621246912678953,0.13215621864505778,1.2090277829269598,0.9000265338102457,3.8196328176251706,0.4465496503995216,1.2405718907158896,-1.4162119950205687
1.9968091095391094,-0.8152903181371277,1.0259675280070588,0.4276016111025039,0.4073079676294015,0.23036404281403075,0.07223621248109585,0.5084680352241375,-2.704955667381001,0.015182673781315614,0.004366968695554819,0.14506331280430496,-0.09172238778423097,0.34164585335150255,-1.490988832786563,0.122976394584666,1.0254663530831032,0.20069392457839605,2.442471284106523,-0.6634232788791297,0.6701482904327929,-1.5421986150030207
2.291039032478186,-0.7646874797430887,1.3062961704849874,0.4251621039501869,0.4374855975225125,0.2475053191594152,0.07561167501809851,0.46142142334621894,-1.7598972818885599,0.02587858219518841,0.005363571782902733,-1.312659690313469,0.13153979290413517,0.3585719019621033,-0.37988037502630356,0.31413305892806564,1.3732389462263737,0.665772568239657,2.0270360372196357,0.5568247506105204,0.4966724668812568,-1.2742442408752497
2.558379859116717,-0.7143583345782653,1.791484625862212,0.6191686433527569,0.45736083654056015,0.2635988790205406,0.06502107843371764,0.5477754166530238,3.4729787692762293,0.008830567372056453,0.0034100449193406133,0.3338152687242367,0.6353320249540217,0.4915435241930661,-0.3521646057852151,0.33173048548081485,1.5198168588606742,1.822031793859326,5.827689162234453,0.8749710262849693,2.2746597094558973,1.9882718728605893
0.8452616172241442,-0.46707062504955366,0.7923098027870595,0.40326168883764074,0.335056777121887,0.19538451221039904,0.07176687495290587,0.5667018195669147,-2.9492263439954405,0.028567959458224185,0.007218457789562183,-0.023875260602034227,0.09710130626123394,0.3537564155360532,-0.9674045723581889,0.11488880291735708,1.3145170341907009,-2.27103131381194,-0.5309973286895439,-1.2406749544025826,-1.5371758771090267,-0.32486501031316284
1.0170653408480979,-0.9747798834195875,0.7266910313147275,0.41567876522088965,0.3609022620900066,0.24304206214311092,0.07130684064087946,0.5434746527523397,-3.368603838959859,0.00027572785761682535,0.004765779354508513,-0.06786794140876795,0.2433161153336943,0.029436031981027018,-1.904120639906252,0.01609562286424118,0.8139150235134087,-0.6700927155062848,0.7464848644997858,-1.5325708552669803,-2.136696403914321,-0.600368928792722
1.433706032622493,-1.0488198361973176,0.3978536659793519,0.4212716391689583,0.3364998757557665,0.21034063383718424,0.06622586894353162,0.4656125185011262,-3.562905348953987,0.0023947973326874203,0.004825229458209301,-0.25697838455159144,0.11310251873360097,0.06346454840772074,-1.8092295993901577,0.04564832043616979,0.7477547889630255,-2.7042621792965877,-3.6166782203694363,-1.5973481679801074,-0.2464401737678265,-1.3761380475333123
1.5924180263411616,-0.7661874765678104,0.6792385818216092,0.403086729688114,0.3579963923154397,0.2109213351074086,0.07140549896333015,0.4919689168825098,-2.9814710944722753,0.012017711962402089,0.004825229458209301,0.1036841651154162,0.21132633920204705,0.16812278206217926,-0.4930432105678148,0.05977669397493105,1.1090069481368308,-0.7286515810707841,4.682592292240793,-0.06875388428705799,0.5907871230109591,-1.2492105354801846
1.6397890299772127,-0.9389149194478364,1.0741603874642796,0.41600390983314484,0.3923094820526755,0.23640769056726643,0.07258633072865699,0.531760623607032,-3.02676114048165,0.011913972229882431,0.004825229458209301,0.03714360366776915,0.3139329436845827,0.20810478179349653,-0.020980818400295642,0.05517286296873768,1.1867061438938589,0.5999816068192954,7.087241990708452,-0.005994584375271136,1.6551066560360046,0.7387263059575208
-0.637597829033184,0.3862999030637766,0.07992215131008604,0.18507235699363217,0.7228164971449701,0.23841434502670553,0.06603249585206265,0.4028459444655686,1.613096317704933,0.03911252040824817,0.006678803643362933,0.7258787402250425,0.2685999337473693,-1.5475617804088306,-2.4899835805885058,0.10467825602638531,0.10987439238864143,0.29097017041108064,0.21613327457593406,-0.7537101131442894,0.11815452280188178,0.9008985912680038
-0.5939423937459182,0.3862999030637766,0.07890109433436263,0.18507235699363217,0.7228164971449701,0.23841434502670553,0.06603249585206265,0.40324489803570795,1.613096317704933,0.03911252040824817,0.006678803643362933,0.7289475662382917,0.2685999337473693,-1.570016155406386,-2.4586902546744733,0.10467825602638531,0.10987439238864143,0.2699745981750889,0.2153106910001544,-0.7520959421353566,0.12640214270525577,0.8930349070537154
-1.9163892387945793,0.4479094525803009,0.08243130685331866,0.1430834645078549,0.6212031043809112,0.15688142196272672,0.06583375868481059,0.33476628677513476,1.3010511725341942,0.04082930879161206,0.0068702510519518065,0.6498778240425312,-0.05884111433172047,-1.7153125426562619,-2.656597721148473,0.17756393752825328,-0.0019976016963748743,-0.10978449324888585,0.35597004271697064,-1.5452434898623582,0.40596406172608557,-3.849787924000442
-2.0844708049810112,0.4449518455909415,-0.009605393521448957,0.14937643644864923,0.47431796857191877,0.17112359115292214,0.06140226060737785,0.3263370825052298,1.6247077619398214,0.04034458131510579,0.006715662469177201,-0.992329455462875,-0.01674252066973487,-2.029010569768686,-2.705969063087621,0.27241450398371164,0.01546129457558968,-0.40389868243690863,-0.4279198682864726,-2.140355103247213,0.6486911329019209,-3.85261205321524
-2.4222630617632213,0.2873148349151272,-0.454147073157149,0.14218968837022516,0.4824766130049413,0.1587302035053567,0.06225482626211481,0.3203401757874444,1.2863389923858908,0.04043249980417082,0.007398714617992283,-1.0492241588370939,-0.1663675574650963,-1.9896228756382184,-2.553593678198273,0.24030839920617847,0.03648217908289744,-0.21519554436385088,-1.8483764433298995,-2.3396151776800136,-1.6294769627016918,-3.8981977571098243
-2.3666332586164263,0.3473279327686072,-0.6074882806165152,0.2321844445412366,0.5127908163265167,0.11005814723763596,0.06276110877869785,0.4031202957434962,1.3804198213932746,0.044899591298465276,0.006723337268315729,-1.0519503332522262,-0.11518955036959107,-0.8414644981326427,-2.6138745937630925,0.2650466618939953,0.24922931103671067,0.28296809336960294,-2.3226694797611853,0.575304445013969,-2.4407687786187937,-3.212845759753992
-1.9258160068103656,0.46340089124374334,0.2146134310546115,0.1270689025966828,0.620710291936776,0.1591097897424523,0.06522735275845148,0.33305134601534664,1.3145019999492018,0.05045713130431653,0.0068702510519518065,0.7824194767039309,-0.08905269496945349,-1.6477999560189274,-2.7091782879380837,0.17118899797052511,-0.0386879108542847,-0.07876071791921747,0.24959584784940878,-0.9982477112900544,0.46254189146395547,-3.8724496942569764
-1.55055585944911,0.9776526853013086,-0.8184053362529997,0.25855593919175224,1.4212124387193437,0.04442005815625571,0.07207832174827977,0.3706395409850671,1.5867842344998662,0.03229917560240404,0.014758330086275868,-0.04502406858861573,0.6862977647685449,0.05572639123867147,1.161558745553082,0.25828333428655376,0.8986517621045029,0.1467800950949583,-1.51633428657577,0.47919605427044165,-2.6816966364457544,-0.9259380924866142
-1.4265905124088682,0.9653063516171791,-1.0270241798353426,0.11618266751568254,1.3499561114598198,0.045805739498553565,0.0730336615305302,0.26543515182880456,1.1618868028080904,0.02533370545686872,0.023414944684614292,-0.04426897973365402,0.7941055228277074,0.1052012968066758,1.0328004043770787,0.22065867134586328,0.25368805310296927,0.08988064865068589,-1.6581314922747958,-2.1851864061611996,-2.798046442675291,-1.0736902194356368
-0.7142629789198162,0.8271215194010578,-0.6976757942947264,0.2746737281070805,1.3568705207518805,-0.015587212770881808,0.07733089266941193,0.42403689881998163,-1.650815768655392,0.03234789186321923,0.026258264736471113,0.1154559122480564,0.519270671910829,0.2645271856536219,0.5542513738291693,0.06614026257072923,0.3967743962043158,0.18991252613160817,-1.2675004055996113,0.24677596804592117,-2.598770518754089,-0.29953174319823794
-0.994873333478128,0.7582974150415825,-0.751805364214304,0.26322524293791344,1.1961165892236587,-0.043148424160726194,0.07930559352552116,-1.4853998059519193,-2.0088093962973583,0.027305938552179505,0.02487964468026019,-0.046618102855927976,0.44273789223104876,0.1777614322743368,0.535257962310408,0.048944699920071916,-0.1034002550793796,0.06875050787742046,-1.547783133942153,-0.6077707884395814,-3.144221368464257,-0.32871325848734506
1.640448720246818,-0.16831922648928668,-0.6949607947289914,-1.4189907259497008,0.33844987915110464,0.1366309527603368,0.061924630688454614,0.27957913999255946,1.25853760400149,0.08889608363213132,0.009003031488027865,0.40842281040353856,-0.5622965023848003,-0.04350890214887647,0.05958823814765669,-1.728519789409582,0.9419312219061484,0.23724174781229157,-2.962135555039505,-1.7580122525136475,-0.6986386577273109,-1.7358279775417347
1.463958081278313,0.04708357976212358,-1.0122987018666043,-1.0306033147370295,0.3215964908894606,0.10503616769457666,0.0667333240947477,0.2094163221797346,-1.2572050072521066,0.08426207837406056,0.015785514088607715,0.35291618377328876,-0.5549212558742331,-0.04453660643399137,-0.045119101660862256,-1.2723912840691811,-2.28053573798032,0.22232792491978925,-2.060917819593876,-1.4425570284705502,0.19944829918834833,-0.4403830152044579
1.4719693888078664,0.16611250791314777,-0.9868128638316923,-1.1188037878290367,0.3200259112996843,0.12013485022591698,0.06404600074212549,0.34144275881901237,-1.2499115678875734,0.07688431174010178,0.015785514088607715,0.37877012206812405,-0.6431516816957266,-0.1071775006833987,-0.05472636375160057,-1.0593311964639214,-2.2717867777191536,0.21916203586475527,-2.302938477635404,-1.9164102021066407,-1.2443314403745325,-0.46487029067608765
-2.843912719063172,-1.4036335098089325,0.5412240834160862,0.2376489360544163,0.47351343758763764,0.2850389403686246,0.06842377221183862,0.375760502443079,1.2241740849338212,0.03698012449200299,0.0068033243525797375,0.1827546461713818,0.020926485297165037,-0.0458224945573692,-0.16674580307392098,0.22308984070242624,0.6270283919006341,0.6757327733879342,-1.388649456241281,0.4193984901898258,-1.210730717131259,-2.3569378147890028
-1.4540803201622243,-1.5864228013882746,0.38922220679431574,-1.7428674073863095,0.5677757078802771,0.3324140556021157,0.06834964555296202,0.33599357273623665,1.2844270023712665,0.06762981859632462,0.007321995513302217,0.17020160651265434,-0.7115397613555889,-0.03564812281819373,-0.043123586221076746,-0.710814356594932,0.5686446975475707,0.04000269045642432,-1.3536374529592214,-0.14230977066850872,-1.6867401542660871,0.6177198607707505
-1.5924024894737292,-1.5394500582972896,0.3084362467175671,-1.1391613698814758,0.6203382962716489,0.36696367347119985,0.07090055442339356,0.39300427871914967,1.3696886888867794,0.06164724631916808,0.007321995513302217,0.1498149762333268,-0.68630038104544,0.04861022978096274,0.06719702685585481,-0.46609202362018987,0.5834007990345771,0.0556502457805175,-1.232261344540508,-0.06439781771560552,-1.7214525930487412,1.9965684886712878
2.5037731082474517,1.6176354916105922,1.34419214853598,0.43637845336498865,1.809642924672607,0.4365691961523157,0.08674634940062723,0.3831748603344984,2.003682436245724,1.3285988291230233,0.01630814184218111,1.7288506423053787,1.6137938633651674,0.22307157167970187,1.5946005988529661,0.6093763773714577,1.5400184154200693,1.0396753119088245,-0.6469156400381199,1.4840390024781933,0.40132809554969545,-0.309048660541647
2.4160443332019415,1.6402104856216828,1.004942063156466,0.4573854299497401,1.6507355185089072,0.4384326898304099,0.08161629497997644,0.395456462690606,1.9773196799153578,-0.008736990477084795,0.01630814184218111,-0.2751586687077048,1.5833545728974943,0.15343847883210127,1.32603673756688,0.40354514188306895,1.4452626133166508,0.6459757862632634,-0.8028702376811978,1.1539353745530143,0.3746806709052194,-0.334684583562046
1.9607417417695272,-0.6770869389463493,-1.1664886209904084,0.3691217038453802,-2.8605476048553053,-0.15459565836076736,0.07988485921784734,0.4170647347590754,1.5138102667631443,0.006403581183506561,0.012097432738299463,0.31653116898648814,-0.03833254780506459,-0.0730435698269071,0.4526842305532333,0.3136690463224822,0.9612536743281342,-0.08003360366460756,0.7946356855421135,0.1280577674695496,-1.6628373179572569,-0.6272461568932725
1.6748868337962313,-0.6937712241393057,-1.1853317249454411,0.3246875313460992,-2.988991338124965,-0.1117296466785316,0.07957535859162153,0.43002500582602965,1.278846121312646,0.013557925153003761,0.014218348810883368,0.2263713392655502,-0.10375202840817996,-0.19556515862774762,0.3863867045159715,0.2979598565447224,0.9136646877278299,-0.46938281101613893,-1.7327564529885662,-0.5032183492799222,-2.2409321763418535,-0.33824268092422494
1.6750079189163811,-0.7111904213096983,-1.0120395539591067,0.31188374535005536,-3.080252570488625,-0.11150303007929445,0.08015566538740941,0.39737800064592516,1.2174502724840284,0.013557925153003761,0.012507860556830109,0.17835412232712292,-0.09543488554055618,-0.21436047223753757,0.3713639488684516,0.2827090315731905,0.8598038801774708,-0.49085879004786587,-1.978951005130719,-1.1179338028590318,-3.368488312085413,-0.42548064779735123
-0.5749721736759551,0.8153560688656755,-0.060518461714572855,0.22025982604013966,0.3249092111558197,0.2428031837033296,0.07914063931010543,0.3116065731809854,2.2637049667150047,0.03300934785245371,0.00813047077877616,0.18865167546599515,0.5856239663356779,0.23050681304910028,0.11560212198042702,0.23097049584588264,0.9251876442962637,0.3007117539741879,-1.5358609540993615,-2.9808201253896707,-0.05882380064704723,-0.2667494247430702
-0.7729067347110722,0.8478101149748207,0.24602664026574672,0.1796297820282783,0.37758561089008325,0.22354555075843546,0.0800805599213503,0.2431193124947216,2.785470350437899,0.046487598754022155,0.006834474771789217,0.34016311851214925,0.6532985364756227,0.17340289467185938,0.4537740597272191,0.15105168407253342,-1.9324192790089751,0.6291595396494502,-0.5725908822512527,-1.5987083443771235,0.512391861959,-0.19097308863838228
-1.1677979804705576,0.3307378152003527,-0.3781011497167443,0.23663234641349337,0.36973172283271327,0.15587284711212973,0.08616474954304787,0.4280820083819357,-2.7098535642208605,0.05807674525567797,0.017070136118149594,0.26419761867837604,0.47749926125922765,-0.12058356916714437,0.3398729135951039,0.05354052384771351,-3.3713348739724207,-0.09955606034726183,-1.2869931697721582,-0.3834089474199816,-0.2339815907547156,1.0268498794648968
-1.354395642188208,0.7036729519966461,-0.08792197640944839,0.15062609530364568,0.43483719974498264,0.21501340505950917,0.08747458998151475,-0.2980297197621498,-2.835777972911822,0.04043078796826776,0.01002994913639681,0.3721722597429129,0.7436214800553498,0.20943347717922164,0.46552797424987913,0.0034550381668581663,-2.5040659489015424,0.6136830696067886,-0.7315407933987865,-1.2138360481608774,0.22504287480885088,0.48271327849594775
-4.487971636764951,-1.5022293642662716,-0.3488479643156393,0.2734790137483007,0.3483523051745675,0.21450393899657133,0.07244969273051878,0.3185743695884723,1.4494184491081057,0.0026593555657711695,0.004079852223934293,0.490981220427955,0.1851571393891307,0.1191336496754645,-0.837057662713372,0.09370842414290986,0.6792528186134591,-2.7554945142040057,0.5976093377997416,-0.8855244278118104,-0.08442343391995355,-3.0438904381480683
-2.3173661643595826,-1.6277525794945573,-0.15140814062919195,0.1441206620592051,0.3299954569718137,0.12387536669452934,0.07567909460380763,0.264194802784059,-1.6477930715408453,0.021702130927851098,0.005071252715901233,0.5375031893498974,-0.1350483878829681,-0.06250987924931278,-0.6067220824839321,0.01950452182215898,-1.7874879368995802,-2.258625709819036,-0.07727181420564748,-1.0419915213550806,-0.49280185207424115,-2.5235011486721914
-2.4043964969734266,-1.6277525794945573,-0.14274261847297773,0.20713717096572268,0.29498752660562216,0.12666268963975352,0.07662427042485466,0.26924857221127146,-1.6567538741641006,0.023877938717230665,0.005071252715901233,0.45059790038776915,-0.2136971877777622,-0.09271732912181094,-0.5931408720691224,0.021085063098607085,-2.1889425603276993,-2.5835520690848015,-0.5992140043242836,-1.5338702130659496,-0.5725676656073498,-2.5040714904838883
-2.195374266565347,0.05743506359078521,0.43791269460587445,0.14202109394809978,0.38299387971078735,0.24084659307104198,0.06671479712166753,0.3161569326341106,1.7590132019447942,0.07686663668188796,0.007148444006491501,0.4410595460529643,0.029184086968460855,0.13908536577006714,-0.02961268340152963,0.216158126526184,0.24691758457514343,0.42215591326934976,0.4733026169172479,3.1327735779220163,1.0201972352417004,-3.3015037882673757
-2.195374266565347,-0.06661863596485768,0.4561372784764087,0.09737527550086693,0.38299387971078735,0.24084659307104198,0.06671479712166753,0.3161569326341106,1.7780071639918287,0.08067760441925961,0.007148444006491501,0.4443141423574197,0.029184086968460855,0.192887066908125,-0.03362048598059355,0.216158126526184,0.2406638134573218,0.41815816553670687,0.42847035842755243,3.188719307898355,0.9680607528291816,-3.8593346901950896
-1.4749105256202726,0.2414274451192353,0.8336677673528657,0.3396372796237913,0.5079444032049331,0.1997117979836828,0.0753378832337237,0.28443376703341755,1.619562965905915,0.11526115995180132,0.007566450884633379,0.5832896090986597,-0.44015088593385443,0.2975888129910718,-0.01045456331277114,-0.6485335857766115,0.42528289766189115,0.5288272283158589,1.0991735470532027,4.638155840332702,1.1009993512999552,-1.1179551800645045
0.9053496972356472,0.5013898266871909,0.6139710664901603,0.2705203723786279,0.47330015387180596,0.14106235017236105,0.07348621852046283,0.5136304392052059,2.750489205724163,0.029261404244923718,0.0037267285823175075,-1.6573349528539896,0.521322339990508,-1.4689235455368814,0.03962973758548953,0.2527805789903018,1.3499975344402229,0.2070006645622714,0.3688546719307647,3.409721662760802,0.759931108524579,-0.5553182940666467
1.8650666566003682,0.7276971595853647,0.5714692982048155,0.32492134504608094,0.5742651098208238,0.14449954848606963,0.06805102640339239,0.46858773855626445,2.6994117479717517,0.02021238031181082,0.004320247872057651,-2.467296340547358,0.5246370444346135,-1.1515202924355041,-0.4778078627216108,0.3773731206109951,1.238921420884639,-0.5493203384594607,0.32911178427108506,0.9347563318401408,-0.3590911580043152,-0.40537958320381023
-0.034020686108767725,0.2676513179295973,0.7347177592095477,0.2570992146825834,0.5074112901952688,0.15224555313552773,0.07517221700126714,0.5333066505262142,2.6769149772800507,0.02147072885095041,0.004397262733590281,-1.9147279384706457,0.5770404503480974,-1.4871310057580374,0.10775424779293119,0.29385317657805504,1.3779672089195183,0.13293160767048776,-0.1616662353762123,2.6935259218865872,-0.5576506113858419,-0.35580089424765265
2.604112399333979,1.1846677658608067,2.497762770493122,0.27957077153316057,0.6760154166310796,0.2407707880183529,0.06893201327230337,0.5488820603914952,2.6754379630590894,0.044566302526748085,0.00657497341124656,1.1580473934331097,0.43498606663762873,0.3987095956344278,0.20987992009573353,0.4690345327218124,1.6587543029727116,3.4638159113402183,1.431986119123161,1.7192475900853859,5.289533677608563,0.47637655857210404
1.2936009287736796,0.16151251658957996,-0.045571512758495525,0.18823174918785693,0.2041270765794072,0.19315319860930108,0.06319128265274647,0.3372662842193362,2.1720598356681506,0.04844724409681727,0.003930057374171369,0.4903766555499633,0.045891219517502566,0.48554606430373826,-0.3186544461620118,0.12892741379254255,0.6717030427222427,0.49188343754083474,6.305091056829772,-1.5321468230166628,2.158769273965265,-2.9345421633955233
0.5978346549283627,0.11571926538049314,0.058652339243052666,0.2374998834950669,0.16833659373561657,0.20079616252857665,0.06344333894231943,0.28791556041604566,1.3198744508237596,0.04860992522605915,0.003633685188738091,0.8146749050925314,-0.02041950403768672,0.3500966337570903,-0.49932417534212903,0.08984764349359423,-1.9474311814671716,0.6026548846282264,3.2441531304978404,0.48670567861451824,1.2735195916603865,-2.4499279616305234
0.345410611038165,0.17689505787307347,-0.058838983840770326,0.13123673012023457,0.2352993792231504,0.14445822644039683,0.06783930092283905,0.19838214880531788,-2.339342607524716,0.038853112027622656,0.0042185156231249075,0.4147608586246744,-0.10965642198401705,0.317363024116394,-0.048616584009382596,-0.04081110631656518,-1.8472431174717063,0.6692895504464099,5.48323754971996,-0.35786863722689016,2.088825927919964,-2.04574528363999
0.5382061356121878,0.25102334402707827,0.078700425690621,0.17042547053631407,0.1954410079581767,0.15224091568994502,0.06551357703221182,-1.5072089694941109,2.028256511576763,0.04027515075937127,0.0032136813733607563,0.7693763206502537,-0.1665281242591928,0.549095644206172,-0.13421284478293008,0.05405331708999668,-0.5137248376257342,0.8746891543400028,3.5880787852044596,0.9704742797237342,2.392500545677604,-1.7353069738772178
0.11390155209731104,0.15364824701754654,0.03522835527812749,0.06839199603703905,0.20227063898163575,0.11106469349015018,0.067721810710472,-3.368806225562726,-2.501977887801718,0.03898320166476981,0.0035513027005813482,0.2744579210695361,-0.20036644430300324,0.42859584074666635,0.04520737537945836,-0.036215020461836375,-0.8924405685765054,0.8465152558860627,3.9592987915316646,0.43871055368389267,1.6864470002780847,-1.3245429717473374
0.14757945046499288,-1.097799198095548,1.8162155692685575,0.3905170004932793,0.15166474448207412,0.11758202743171906,0.05948495148330811,0.46945170201686415,2.4183162812921033,0.06477753995577354,0.004436081150562917,0.36642048072659306,0.30543059571102177,0.10990408158431522,1.223040990948417,0.3534885992362353,1.277128597251466,0.4310992942618051,0.13997200650883593,0.34190788627858304,0.2296348295469729,-1.269720478174093
0.665432825308785,-1.5115985942805288,1.780243026161151,0.22914126637398605,0.5680507805918534,0.23302152361749986,0.06162084103267332,0.3390557105505357,2.1998545233127444,0.04533475929242771,0.004765525433751714,-1.7594399902228595,0.2914227274238111,0.3219414086795171,0.6396479303252031,0.536411326559284,1.3259639967911414,0.5169450591183088,0.4257132798053607,-1.503883499797803,0.545463355426022,-1.3372110379257047
3.6970592556130453,1.1039698667179485,0.5438152527575972,0.5417740904014673,2.8814979483871954,0.8290105780713287,0.08054684548235605,0.5237899405119806,2.3244833120774953,0.05519416424940043,0.007415852436930675,2.05022863582032,0.9891173330963593,0.6251769023952575,1.4098130166892755,0.2556712724248148,0.5784703581540525,0.8018343567074133,0.15640969756025655,0.8405278971899267,0.6810480310332715,1.545998713759496
3.961655261698713,1.1384661347284677,0.5915305044324534,0.562033142322867,2.915204784596378,1.2046494646591979,0.08108099339269445,0.5364394126323492,4.067544366904408,0.05519416424940043,0.007415852436930675,2.3004675647089927,1.3111803460850964,0.6332943771978727,1.4431985247991794,0.470053202214315,0.8183895426820765,0.8791219767012557,0.18552100225430715,0.9499824941110858,0.7587117284819985,1.7888500933420222
3.961655261698713,1.1384661347284677,0.5915305044324534,0.562033142322867,2.915204784596378,1.2046494646591979,0.08108099339269445,0.5364394126323492,4.067544366904408,0.05519416424940043,0.007415852436930675,2.3004675647089927,1.3111803460850964,0.6332943771978727,1.4431985247991794,0.470053202214315,0.8183895426820765,0.8791219767012557,0.18552100225430715,0.9499824941110858,0.7587117284819985,1.7888500933420222
3.961655261698713,1.1384661347284677,0.5915305044324534,0.562033142322867,2.915204784596378,1.2046494646591979,0.08108099339269445,0.5364394126323492,4.067544366904408,0.05519416424940043,0.007415852436930675,2.3004675647089927,1.3111803460850964,0.6332943771978727,1.4431985247991794,0.470053202214315,0.8183895426820765,0.8791219767012557,0.18552100225430715,0.9499824941110858,0.7587117284819985,1.7888500933420222
2.811654122698515,2.9942127709118957,1.7901785717498457,0.23338467514468142,1.7315496582486793,0.010591734062319483,0.09486293084758647,0.38575206077463764,0.1450693910857136,0.012029991953186641,0.027312049274608945,1.6599267492692353,1.5207540396155035,0.3966586509977083,0.13874682497200355,-0.033338782957604465,1.9717180839079065,0.22804293587629562,0.7788265273164425,-0.9242748403264699,1.4689184833243434,-0.26372442958199316
4.550875379398514,1.041761145387253,0.5599501545965088,0.5842591832544124,3.3272642702166113,0.9250161176985712,0.0826374277515925,0.6367446088403224,-1.497287887712565,0.04612608076413375,0.011057323825703149,2.4888814597109348,1.345121780729162,0.49324600831480037,1.0895784668581148,0.6811541858236965,0.8515289717327847,0.9210337796260725,0.09126819415054942,0.8633909344835146,0.5845788849603131,1.2352467702617624
4.550875379398514,1.041761145387253,0.5599501545965088,0.5842591832544124,3.3272642702166113,0.9250161176985712,0.0826374277515925,0.6367446088403224,-1.497287887712565,0.04612608076413375,0.011057323825703149,2.4888814597109348,1.345121780729162,0.49324600831480037,1.0895784668581148,0.6811541858236965,0.8515289717327847,0.9210337796260725,0.09126819415054942,0.8633909344835146,0.5845788849603131,1.2352467702617624
2.1165722241159477,-3.8022651270980683,0.37505057508868034,0.24746472669260572,0.4505209449508558,0.25876363993243234,0.07150901807499718,0.3741999251269011,2.253859474630267,-0.010997785708132696,0.004714721882694471,-0.609950709749629,0.14833566758117084,0.2770880893280313,-1.7390911904301563,0.11030608159691195,0.6681822435078043,-0.024652260722825434,0.6879072720412965,-1.136704417534313,0.273450669101872,2.312768800882705
2.0328633460628227,-2.7660635650522827,0.6516464768408937,0.19367406369304488,0.5096606949808058,0.18739606910041873,0.07628075669303022,0.4181562599341439,-2.426390753699804,-0.0035283690178043426,0.009335713722231333,-0.6082298712754822,0.006885000094956001,0.22624117600813543,-0.7061644619370393,-0.10313906478266406,-2.0920947671429917,0.42859479245208426,-1.5656321991065474,-0.37109578180469704,0.0035897565651124637,1.1579880798380127
1.8885975407918594,-2.6805667936538047,0.8815168336625981,0.19213744965436189,0.5570632618876229,0.18990698238255513,0.07912030057133237,0.5111292652568471,-2.4359154968461043,0.007469491448731142,0.009335713722231333,-0.6767543277689524,0.0017184949561235329,0.19082539821427175,-0.7677246903542805,-0.1025165074897289,-2.6815481689390346,0.5076619870663084,-1.7855566390191673,-0.007283927444511874,0.12248586637289327,1.1098847969916037
1.9010192493458495,-2.588697215186056,0.7730907301816266,0.18751262572898056,0.5027732425739662,0.18951244386569047,0.07951648212827718,0.40137351699728346,-2.451208283454578,-0.002189072532414182,0.009335713722231333,-0.6555707994867732,-0.007403116399056849,0.20917044121102132,-0.7081111674088129,-0.10372530344513028,-2.093332528550161,0.37935531551095436,-1.791182155350317,-0.5038235331860492,0.08418331319993738,1.2509440409134962
2.0793069316723964,-2.8374292485648285,0.685813173515947,0.24042872354043285,0.497375501591885,0.1985111899152534,0.07492166995365256,0.41164125478063757,-2.2312095192003074,0.002539767227760031,0.00875559753799802,-0.542809828654903,0.13307036325477184,0.049174889673464305,-0.7315149733360377,-0.09931038524139651,-1.9351930177403536,0.6082262586824237,0.4750465226793339,-0.08295162808393014,0.256493488926779,1.5086424045373543
1.9962069775543287,-2.5548148609248935,0.9315017428221057,0.1811299665005499,0.5737355642688104,0.1881361696989222,0.07951648212827718,0.39596293527188836,-2.1304206753772967,-0.0014253701863668775,0.009335713722231333,-0.6503506600184373,-0.017389236635938717,0.30981409963026246,-0.6944561935769685,-0.11124787775756659,-2.122563659749711,0.5552049311481904,-1.4192818445911874,-0.5368367206672555,0.4141065312568365,1.271342086538606
-1.1400187978166088,-0.14780991927588738,-3.516372791589707,-0.3875279919660041,0.19929157368548706,0.1673436045490865,0.0662350502619267,0.5647649120793292,1.740055380507407,-2.5646377241826057,0.003961969036197441,-1.464996200010689,0.08218969203492375,-0.2902649153931171,-0.24612449944209602,-2.4138874212712995,0.6629252691545808,-0.7484411925293337,-1.2540553093346203,-3.827333593874032,-0.8499675412064867,0.9898506099951826
-0.22384628622178002,-0.2585597104942114,-3.7350927593733356,-0.09612897652459274,0.31939448858995856,0.15115311552967567,0.06788218351777092,0.4539468700643121,1.8043236515767418,-2.534152308972975,0.004292241956428348,-1.3470285980751346,-0.04543930868933802,-0.5389725636509648,-0.15521372286458876,-2.7698080799251796,0.8987304170080196,-5.504818815404144,-1.7522967893359578,-3.8030630552875686,0.6906356797547621,-0.016250246756620873
-0.030514918408071162,-0.336921372651036,-4.041273983984694,-0.051077234727562995,0.2747958545238572,0.11601843071801933,0.053091508634764424,0.41872062197161936,1.4462925498894499,-2.073083298773181,0.005697116686929384,-1.0949777566729746,0.024697631454694963,-0.7150114265756496,-0.3980978034007117,-2.77570837236425,0.916099546330575,-5.7428954609876435,-3.652093703782201,-3.40329385774421,-2.815380135524772,-0.8931738166462739
0.10688462443506316,-0.024903944910845747,-1.7442471529814703,0.029166201628733374,0.7080494959101399,0.16121288858670121,0.06138636948319295,0.3809777788751194,1.5424147083781694,-1.8571252070270285,0.005226000688929825,-3.9577163494979444,-0.023385759496040073,-0.20508588668067712,-0.4263234331837288,-2.125101492442259,0.9148617380966804,0.03047972341254007,-1.2845417427037196,0.9000558895978196,0.3859879683429704,0.29208034676579125
0.3632789256915496,-0.059794175051797446,-2.385800893927463,-0.008489176367346871,0.7980362843243063,0.18906181312959228,0.06426605925117573,0.36803436563357367,1.4487115492335467,-1.7718378320141144,0.007080886695589275,-3.6470348419749925,0.17353912450515613,-0.2255252364962105,-0.37195912347633553,-2.239187550020311,1.1122146907968553,0.8564285039617663,-1.6444156510856287,1.0005134042173582,-0.07693997430985731,0.11283657983459701
-0.032590309975554066,-0.40293936301341376,-3.074195930237188,0.05461199537384237,0.4723161971765754,0.15147447132688713,0.05973115499695995,0.37095893936704516,0.9865193207020276,-1.8116518352613074,0.007218466216217573,-4.335511544825191,0.07095763501155511,-0.4705735266394542,-0.6290103747681481,-3.128950143082387,0.8650076231640442,-2.909472621322244,-3.160620668486721,0.33887448850357876,-2.6114091226975527,-1.7434315050034017
0.5336441072201453,-0.18871220143693418,-3.175437611917435,0.2466868323340186,0.35365371459077133,0.14727200900024226,0.052623137926941184,0.4488730847973998,1.5736479161651675,0.11203076043751978,0.006073695533677464,0.7337800265312934,0.16601713386462216,-0.5644779270069813,-0.2571369911814233,-1.3051799806472322,0.9861534341402524,-5.019967700270866,-3.73813982994803,-2.1790137143063153,-3.0273809740882363,-0.8846400891015842
0.8562073174918753,1.0874998632497013,0.6064090645344321,0.22846413439157628,-1.580667060261273,0.28012358252588704,0.0783823898514502,0.3107789289342462,2.3443834831831913,0.04976155909595017,0.018986847709814705,0.6248166554327484,0.2393077590355096,0.3101281048393672,-0.10277362279320434,0.3667168103155554,0.9129775086997479,0.11107063129389068,-0.48353672219402516,-1.284546056812102,0.8750301028094597,-0.7622122467937676
0.6388310236883447,1.0003256694519562,-0.13751987154983125,0.19675082387247186,-1.9294509346561481,0.2843351037436296,0.07412513555016058,0.2754057076677383,1.7440386929605252,0.05799564208250697,0.018022658634122612,0.49392802367105554,0.2694034743118915,0.33258912443423055,0.010701335951381398,0.24635235504748768,0.921106002259242,-0.046325380242986124,-2.030542225013302,-0.8737493406110145,-3.238983628833279,-1.0685058078436847
-0.5004586997731301,0.6258317764340612,-0.9811569034475366,0.22799649591412463,0.2786333462131255,0.19951973664025585,0.07501448957467015,0.36290306064696043,2.188507258200088,0.026297666115473153,0.006326741515383866,0.04532878333163326,0.2211662523475707,-0.29915509667121404,-0.255875873459524,0.22878509193685925,1.0819569273120797,-0.4853985084073147,-0.576900116239783,-1.406697337515577,0.08309945756218312,-2.5046085172828434
-0.4900834897043772,0.41021707684793174,0.2820226061628642,0.19766458472694326,0.15197115812101694,0.10018001969640843,0.06364050525732114,0.444348172778881,2.4069892624718943,0.03609660422547709,0.0039666764990667035,0.3011426071570526,0.35918450098992233,-0.8189755934389682,0.3457666505768535,0.21979653170897787,0.8775344280446801,-0.09747992326986388,-0.064411822026101,-1.17679657463649,-0.0859813160056045,-4.339023142167664
-0.6953632820349833,0.5198524766208203,1.1580062283210708,0.17674772855792342,0.22532557590232885,0.09652608324565802,0.06353311086402098,0.5288059060755781,2.8950571897949766,0.03146437570963959,0.003895655686203089,0.37003130227372594,0.5180503937285916,-0.5279379525035905,0.9224395403235383,0.13494061868622503,1.1542680442126978,0.4623035770935958,0.8753292525317463,0.21339266328644366,0.6126642052084803,0.9112162335466898
-0.7207245725884964,0.6073622165247653,1.4089300827308313,0.23893046655309752,0.27591466420464555,0.12307572314953985,0.06503317312591643,0.5557601688870597,2.9184969162121313,0.04131520834752348,0.003895655686203089,0.44220944645753824,0.6462628447065801,-0.4476740696878503,0.8541458743918949,0.058446167966727615,1.211298797778009,0.7053376148353345,1.2909414833148698,0.6348006562868082,0.8774129240207306,3.6664536213863603
-2.3238249367219823,0.6803988243273937,-0.14629124358948942,-1.2451850143815346,0.44824907552422405,0.245314592402802,0.06760441856427292,0.5839891881409077,3.4679403300580622,0.03775917283156878,0.00441198088195479,0.7695583925834126,-1.1059684842671007,0.6055147449572417,0.6653720515424715,-0.36767091290328135,0.22238141332436245,0.506181653711435,-0.30258635070487955,0.17857701159868916,-0.30889960470242517,0.9476672747325295
-4.138164729998434,-0.2700122256558166,-1.1974304618702851,0.18904045320562093,0.34595510019655346,0.31506083986189115,0.05409259581350865,0.33078567458897434,1.4461990911885856,0.03822245183622901,0.0048245241298530426,-0.06936077663280504,-0.028128065748701823,0.1441586250254538,-3.22297332101706,0.06325850256652825,-0.16051337199770707,-3.845275863671119,-0.5042393916955202,-1.054221461014432,-0.5839634013027102,2.4646860534009525
-4.902254808988139,-0.3818652853357442,-1.1674403439245078,0.10324059264175539,0.26909823084241935,0.21018027217815521,0.054109067591120434,0.2659876285491211,0.9697030679986417,0.036548309712906804,0.005015971538441917,-0.004586043567715833,-0.4480500333041817,0.00913733322720268,-3.8121400184341425,0.13512575931538728,-0.34264261261192785,-4.683874835333028,-0.9811236965145839,-1.8979894447614052,-1.0061942845431535,-4.896218376157394
3.7059029029254584,0.4220113731134969,0.8318999209597033,0.5597787836944319,0.55393467873129,0.30299815839102034,0.06129128960095435,0.5136821780393862,2.3237896420076645,0.03239816878917968,0.0036046280492267463,0.6758274605250866,0.17673631341038268,0.1700130822468227,-2.4063012681680047,0.36732206066933837,1.2661326883169775,1.5680632147989233,9.113578701219382,1.5106939637064574,2.2821891810733033,-2.142183153046729
3.266804574527104,1.0756067389692254,0.22454126891026005,0.5799331991659838,1.197610698282521,0.3031227181881426,0.07350366139095664,1.0773689245971307,-2.3894256073957227,0.03687595050639525,0.006852227541616232,0.7189874957163709,1.1601533153977202,0.5125948917830601,1.1671589518051686,0.5987584307122907,1.0210113689120108,0.807616225758027,0.05027036750639242,0.7785858854126468,0.4414979575915529,1.4296358498466373
3.266804574527104,1.0756067389692254,0.22454126891026005,0.5799331991659838,1.197610698282521,0.3031227181881426,0.07350366139095664,1.0773689245971307,-2.3894256073957227,0.03687595050639525,0.006852227541616232,0.7189874957163709,1.1601533153977202,0.5125948917830601,1.1671589518051686,0.5987584307122907,1.0210113689120108,0.807616225758027,0.05027036750639242,0.7785858854126468,0.4414979575915529,1.4296358498466373
0.3136016309718417,-0.21970907863560063,0.34807023988097846,-0.017209461050976548,0.23070404943417372,0.1016428085614861,0.06249543010841883,0.3429495197843744,2.571916059232831,0.08731393852756265,0.004407879400239383,0.5425475401853488,-0.6194483884052082,0.48769862519292156,-0.1754661740460018,0.2730918116822785,0.7559704038627963,0.4222487839398601,0.1724236320339753,0.09950504018629239,1.0346365955335637,2.067696225957795
-0.7853890418476454,-0.19838239266966537,0.33911540338750995,-0.16744296269585437,0.23780538666909257,0.13606836726511654,0.06309789598011344,0.13789694065028335,1.7560336262273089,0.07739507908423582,0.004623612771854514,0.8931826462810638,-0.5462136575470552,0.4396285292594517,-0.059314240658339915,0.39969981210328004,-1.6100382119657468,0.4851288139694038,-0.27849318487376007,0.277571222489528,-0.45978586276152256,1.075619549598983
-0.7128133232940267,-0.023726173794154023,0.5563017633855755,-0.03582507475915686,0.19424980631379074,0.08758777146128817,0.06418606297700265,-1.9208847143865608,2.3021938615651996,0.060873027171249344,0.003874164673288382,0.8667743153600947,-0.2540796871135669,0.557383385465497,0.06742473687127636,0.8653381422216255,-0.6185218598608745,0.7078733643236043,0.42024329729090404,1.8220030098504614,-0.03421076503491123,1.1368872016582283
-0.43675401629356336,-0.01720296992206803,0.5105293166252394,0.02825519594121907,0.17457335904638252,0.050678733825985166,0.06382131720277345,-2.053865136851109,2.1460822245968187,0.06027936101663526,0.003874164673288382,0.8582457340452803,-0.35055703907448404,0.5944181902177003,-0.08935208176495703,0.6597863922510926,0.7640676690801118,0.6888271670086751,0.2842271844201962,1.9707067372955438,0.7434795525987938,1.442488354040918
0.3644353555591386,-2.9231788859813594,-1.3578131190882687,-2.5299203905236514,0.15801213517878962,0.043604917615507124,0.05939488602332295,0.3490985328689274,1.5103004690661401,-2.173118162851503,0.004427122424959492,0.34819230464170553,-1.206903362231751,-0.3572766536059265,-1.195017752043386,-3.872872673020406,0.22271299525227056,-0.25424912186458787,-1.2865214657140986,-2.6619268635487416,-1.177216978244225,-5.0257878533783655
0.010189284104844295,-2.332666996271785,-1.493460870744002,-1.3718451976682073,0.3398924356542359,0.11567350058217683,0.06065345158040984,0.49134306294735075,2.1741563609877534,-1.8731476222868273,0.00433633929895122,0.5096270284371975,-1.026561869829673,-0.09043593193356693,-0.8404538812823147,-1.6553470951369442,0.5287282091720371,0.08672349755025142,-1.2798947033643386,-2.4340304121539997,-0.5353374752961275,2.700212762355759
0.18293101782051588,-2.1927396811259605,-1.449743996904189,-1.1578641677691093,0.3398924356542359,0.11539552590777273,0.06045234360432228,0.5007377133015952,2.2590585227021114,-1.6029888595730009,0.00433633929895122,0.5460739325965847,-0.6324758955367562,0.16524383981762306,-0.7944973214028499,-1.3557294261059736,0.7481776015293378,0.19763651274258737,-1.26723431094235,-1.0757116401202906,-0.4186927475974645,3.5088043735327665
1.2539388968917144,1.1884070690623374,1.9608435913149482,0.37231600260637887,1.057596074273469,0.4917150537113157,0.07513604918692235,0.451260570824602,2.889200165600474,0.05519715039793133,0.008483443871363835,0.7373236138069508,0.48106869105967726,0.14905816610167202,1.3460162615009386,0.3377917566701202,1.4468389960896713,0.5841256359837035,0.3598535217749238,0.731630307242497,1.4396506692750173,0.7905164914396242
0.5967799359732218,1.0053328735793523,1.2022972041593079,0.25327572738773807,0.8188284156510341,0.3348316196619089,0.08318798405166433,0.44051781547043906,-2.3615536416112874,0.07610688829290914,0.00782904151169753,0.7133998837383752,0.697571157955577,0.05200778054953298,1.2308498659191278,0.0026599778304206064,-2.4233018378749427,0.6690194562459493,0.07499684439525701,0.6157408559375239,1.7079482039745164,1.2663315946081501
0.5967799359732218,1.0053328735793523,1.2022972041593079,0.25327572738773807,0.8188284156510341,0.3348316196619089,0.08318798405166433,0.44051781547043906,-2.3615536416112874,0.07610688829290914,0.00782904151169753,0.7133998837383752,0.697571157955577,0.05200778054953298,1.2308498659191278,0.0026599778304206064,-2.4233018378749427,0.6690194562459493,0.07499684439525701,0.6157408559375239,1.7079482039745164,1.2663315946081501
1.2539388968917144,1.1884070690623374,1.9608435913149482,0.37231600260637887,1.057596074273469,0.4917150537113157,0.07513604918692235,0.451260570824602,2.889200165600474,0.05519715039793133,0.008483443871363835,0.7373236138069508,0.48106869105967726,0.14905816610167202,1.3460162615009386,0.3377917566701202,1.4468389960896713,0.5841256359837035,0.3598535217749238,0.731630307242497,1.4396506692750173,0.7905164914396242
1.3982405141714025,1.0316212587317644,1.8439109710356347,0.5104900062969516,1.1079258093564894,0.5584495936769288,0.07567546522893606,0.4356535854966053,2.8988197647939637,0.0946728074261858,0.007876947972105879,0.7670102573168197,0.7992937832987038,0.4554141584882182,1.2860555636595081,0.284875740560888,0.6944781510858857,0.23484694017757687,0.21157586176062293,1.722370418646321,1.5859510714020304,1.1416122405513625
1.3982405141714025,1.0316212587317644,1.8439109710356347,0.5104900062969516,1.1079258093564894,0.5584495936769288,0.07567546522893606,0.4356535854966053,2.8988197647939637,0.0946728074261858,0.007876947972105879,0.7670102573168197,0.7992937832987038,0.4554141584882182,1.2860555636595081,0.284875740560888,0.6944781510858857,0.23484694017757687,0.21157586176062293,1.722370418646321,1.5859510714020304,1.1416122405513625
-1.6361698064787278,-0.08011268141917902,-4.712611124172522,-3.1217880840186623,0.3022524408549748,0.08609027673870083,0.061091011084969206,0.42867751826858486,2.525859269228799,0.04117040833330811,-0.00031098023946755747,0.3200299267286446,-1.3792259733569618,-3.5932768296371074,-0.37629136682896774,-2.775247259277354,0.6197623614850034,-0.015289297599257885,-0.9731486895785402,-1.0023421788540259,-0.016019436712174654,0.41670196259746706
-1.6715439990267882,-0.10962785403480921,-4.778968344293502,-3.0201416339232736,0.28754397876987997,0.08018881221804473,0.06072664918627761,0.38177503460138695,2.3843250812967725,0.05254260391003151,-0.0003512447157640835,0.41616958151672073,-1.2065292939557635,-3.8814766761147084,-0.34522112304798225,-2.9481832107445514,-0.9513717683510656,0.0441899930099551,-0.7726203538990811,-1.494909557826565,-0.2685289036845515,-0.18198758406727794
-1.667429612753297,-0.0666787807556228,-4.771274908086585,-3.1143847447406103,0.2775542738722797,0.08155204645332075,0.06124931404439988,0.4126557605102949,2.3114676726420984,0.04520481833051756,-0.0003512447157640835,0.28789678912218547,-1.0603682242326464,-3.9274326508464603,-0.28985507763995916,-2.931708670212187,-0.29505639451662546,-0.032804721405827256,-1.172064132093105,-1.9361623266256909,-0.4206528291659558,-0.29621029069289184
-1.8552152081249769,-0.15812982623749036,-4.7945108148023525,-3.2833310169213803,0.2526498470786538,0.08419090836636793,0.061239511217491216,0.3830640965326266,-1.6029158556472438,0.0421340753548226,-0.0003512447157640835,0.5223032515410885,-1.1892154537957331,-3.7738943482209013,-0.3788350068495853,-2.8070489063728323,-0.11351768239081506,-0.5004105305876232,-1.3806563811169088,-1.580209436121588,-0.3922086314282997,-0.13223871551789282
-2.075621446214077,-0.19251259208752064,-4.675964635739857,-2.7255501128092456,0.27554198098334687,0.024458810159317813,0.06579088144192478,0.42502817665212234,-2.68252439651435,0.049894769578950754,-0.0011416686386605667,0.32041904572922336,-1.0176074012875136,-3.503695295680566,-0.4069680439263722,-2.596732055798413,-0.061627743207366234,-0.017477998523611864,-0.8752421254833271,-2.1037896587963294,-0.11783367937877906,-0.8175351905030322
-1.8651278054005789,-0.12320647670019368,-4.826205120675486,-2.8943560111735374,0.2485841053049381,0.03869272814378691,0.06250944380405801,0.41685432462064315,-1.505197507483709,0.04981693510690907,0.0005368174347905075,0.2236306282391677,-1.3012552338346381,-3.6190784453189164,-0.44767819753884946,-2.737844547712241,0.001595190275901507,-0.11194426315668957,-0.8217353155576833,-1.3491172612001006,-0.3683552150083475,-0.3990894383430277
-2.0950739184376443,-0.19859487710290508,-4.701712802868157,-2.7463693984927366,0.3251055338592129,0.04131923882764796,0.062469058701777956,0.43172743194072616,-2.363180278994942,0.03403167600624125,-0.0011416686386605667,0.256006143655105,-1.2206826634157,-3.382450482577397,-0.3909299539490589,-2.4747072324074018,-0.750833865071147,0.0362999367481168,-0.5768609011657925,-1.7968648619550471,-0.4646806785124726,-0.8075724913242222
-0.9092977828891299,0.34755334866915627,0.879594106683271,0.3672123681066092,0.3498569685912557,0.17387168066728098,0.06707843957604702,0.559892076962615,2.60966059128652,0.029283498628335083,0.0044775989585925475,0.12799338305577002,0.2515821706550482,-2.1841998603425448,0.002740524271390407,0.09384494213725683,0.9299352607776273,0.3612492009900603,-1.6290188000497094,-0.17782121667255302,0.08898111642971825,-0.944688364509202
-1.4410847483105262,0.34699684692939636,1.307717181798762,0.14123037401993901,0.35006378325154847,0.1565644626430379,0.07217560491963555,0.480912033562801,-2.549121752078654,0.02428324866766154,0.007653454660571164,0.2426279356500296,0.17097809252876012,-1.1981044515043873,-0.05742576861222217,-0.19429669802932595,-2.2782719657800996,0.5984809870386598,-1.1452647781118706,0.07361796505229197,0.29049498051135314,-1.096542841423093
-1.2562020084539376,0.4165027225816548,0.9374556830698119,0.21317722099883546,0.3274640748481158,0.19601833804466412,0.067667968727001,0.35863209527758916,2.0981127075044292,0.019854175671467647,0.0044775989585925475,0.33833664052256207,0.013983667941875322,-1.463279776667049,-0.09358698193495094,0.03544127334376423,-2.26521074560955,0.26777304408472735,-1.3091141205563706,0.009880079115390572,0.31119493680307403,-0.8695018606316328
-1.4790309154802526,0.34230026005731273,1.4025053930641305,0.14101660661756646,0.35006378325154847,0.1260998641514153,0.14395382249713234,-0.7547794658795005,-2.681644987809567,0.023071291701293812,0.005444287954329727,0.31650802264567923,0.07106745245765003,-1.3178365909708198,-0.037600431605810454,-0.2583814107043151,-2.323709040141856,0.3515322002855116,-1.1181324203440188,0.07382035089238283,0.1921231914933524,-1.3207769110032044
1.0568402174014127,-0.06416267391466876,-0.11593951295931054,0.22190100993191378,0.17082848160402198,0.16540181107192084,0.0636672958735642,0.2923832717091241,2.0133534177558063,0.04308327628635101,0.003963129471926889,0.3691657960658532,-0.21777521308086045,0.33844042906828214,-0.5544672288128477,0.12263368650536306,0.41556222182785063,-1.34824376968219,2.578970730903279,-1.9072401242843229,0.806122401100818,-3.2645270929847223
1.0823699867386545,-0.0433212824811359,-0.15891694834306153,0.21195515919454197,0.18677095401516544,0.16540181107192084,0.063415933573617,0.2860266383000351,2.0485467400557864,0.04344007806565347,0.003963129471926889,0.3773507178346774,-0.21777521308086045,0.3742626971544914,-0.5290590470439679,0.12263368650536306,0.41903075757233116,-1.2097080153283128,2.872077866092398,-1.689934878548345,0.9047308654439561,-3.179608684149513
0.9141039453741229,0.01695226236844505,-0.3030093055768106,0.1150935463581627,0.23566941964875876,0.17703915761897654,0.06274066502406529,0.289548074842841,2.272004690181347,0.04452381458292079,0.003892108659063274,0.30592646447429767,-0.16036226787226288,0.43679201183006305,-0.606428359416063,-0.03810475803669859,0.6354612671025415,-1.161242936036348,2.6576192514193537,-1.7914677922927857,0.7110799522480372,-1.585344795322074
0.8098675447589374,0.28586373674247567,0.9675034468601712,0.2335975387204292,0.11685272411255178,0.12449505086462159,0.07459267345866026,0.7005824985253097,2.9333963436088006,0.06652607719821711,0.004955593023900944,0.9502578051400855,0.026711778793762728,0.45926549918314963,0.20571371348966175,0.4203358450176378,1.3636018683694444,3.0134787317269045,-0.2898832821449296,4.025874819797349,1.32720855900976,-0.7262611711072967
-0.32983625454658366,0.2535654064863125,0.4343640874633948,0.11725341396384854,0.08271212261302861,0.06443425179055062,0.06903905108595458,-3.176248242720622,-2.752892241201473,0.06009604209894196,0.004723773810853824,0.37835656843571525,-0.10262238875493951,0.35638029742326616,-0.21801382423407817,-0.011716078926941672,0.8927431149179692,-0.17984378198057938,-0.15645654600418143,1.172873363740708,0.48268811018766633,-0.9332121969972017
-0.1848777139429263,0.19179064126185935,0.49269268425185614,0.13168645922139646,0.07395405817852145,0.06225529632304131,-1.1569291937514246,-3.245759900687761,-2.6746468338387777,0.05824897266562726,0.0239755237399071,0.3774004931701798,0.02524775149438184,0.31664290706958365,-0.23017512953641708,-0.018978751497029753,0.8837854475449614,-0.2636472538297569,-0.12909154777123397,1.155959006270743,0.7363346769726064,-0.8916648480328676
-0.1770425948530443,0.08897122033281857,0.2367597258314111,0.12851147476290734,0.0656156464651189,0.05088377993878274,-1.1569291937514246,-3.2722965334370504,-2.727648953367564,0.062262777164713325,0.02382568510003019,0.3753836829862118,-0.01993631335993882,0.2818518278237455,-0.22169633762410218,-0.026500244144686092,0.9159729628122071,-0.015651978257979336,-0.14221715659674655,0.9271951811562831,0.7166839215549785,-0.9172187759466874
-0.30587144687894613,0.14218358037599427,0.47930292978851663,0.11749614597930319,0.07714440150497921,0.04388765444926812,-1.113173491589938,-3.0666238656203384,-2.72361764003722,0.05522985042821004,0.02382568510003019,0.37006939545122325,-0.040840799947533285,0.3035010769761234,-0.30145900205655946,-0.026500244144686092,0.6283161610752017,-0.5801118336667467,-0.1004880480003229,1.1264520027375282,0.614730245274176,-0.8386209330807141
-0.12848708749942922,0.15725393363666926,0.5812156425889586,0.12360811942604057,0.08100607531953193,0.04509408597835674,-1.1138404248589302,-3.1823715742695273,-2.8097252587815498,0.05522985042821004,0.02382568510003019,0.3756413392077624,-0.0033094917024790987,0.30462139834292423,-0.2139666244391371,-0.026500244144686092,0.8489858764418228,-0.6710373910422811,-0.12686122676122244,1.0738099773155312,0.6760465675843187,-0.8258024377025188
