pred,true
40.537088426125344,40.7
32.85347521676591,30.39
41.959257343125685,37.2
23.208846430516658,30.98
8.793704751147942,26.7
24.570804499363852,12.09
39.05322517803516,42.3
15.962259999034671,12.94
14.03590842495631,14.64
31.613289575427345,35.42
9.91968384801839,13.65
9.19539846814476,7.15
20.225234754759818,16.95
18.153078042292783,13.35
