pred,true
0.24849064145817912,0.17
0.20532545796560636,0.28
0.09670412408674807,0.06
0.2712293043332339,0.31
0.1794635799882869,0.21
0.07959886400543502,0.05
0.3462959769090265,0.3
0.3591042122745743,0.28
0.2717158726232127,0.34
0.2745272163969144,0.31
0.19013896566502803,0.35
0.2499204167412083,0.03
0.08535984570828486,0.15
0.2023173100409686,0.12
0.08611111993682467,0.01
-0.08537615918528042,0.07
0.4734371361486277,0.35
0.20804974774094454,0.2
