{"rf": 0.9013816425020866, "xgb": 0.917667362762473, "lgb": 0.8838741512003266, "cat": 0.8739893042024249, "lr": 0.6770176588875346, "ridgelr": 0.5612821193560655, "svr": 0.28162558099925716, "gsr": 0.7246683022636398}