{"rf": 18.731266919398095, "xgb": 15.638007399451212, "lgb": 22.0565858659162, "cat": 23.934083243410296, "lr": 61.34627056385198, "ridgelr": 83.32872229014815, "svr": 136.4458233920105, "gsr": 52.29565420190577}