{"rf": 3.209576322085363, "xgb": 3.4060738564300537, "lgb": 3.972083414746661, "cat": 3.642037634904804, "lr": 6.332413460723029, "ridgelr": 7.44519519314279, "svr": 8.485908678716486, "gsr": 5.166484000431653}