pred,true
0.1622221976292482,0.17
0.16877009651155697,0.28012436
0.11949456412327489,0.06
0.16896311651274157,0.31
0.1600720899535645,0.211626934
0.11855767806945508,0.05
0.22921383311350577,0.3
0.2207847477162416,0.283
0.1329583744664691,0.34
0.13300978367650043,0.31
0.19750083727615889,0.355
0.20873170222560603,0.03
0.11529571015336751,0.147816393
0.19985649142726472,0.12
0.10968166118729741,0.009720585
0.1808342736696862,0.07
0.1554963303953595,0.355
0.18382723542141968,0.197
