{"rf": 46.771420248323466, "xgb": 34.97507258973986, "lgb": 50.21109497917166, "cat": 44.59183308307978, "lr": 45.64711483578181, "ridgelr": 57.64609448982561, "svr": 56.47173088065393, "gsr": 121.35901684853077}