pred,true
1.0478041353509258e-06,32.1
0.09980593719956551,21.8343
20.37700653076172,12.07359141
26.76321707690887,24.52
32.91624055398853,30.39
20.37700653076172,11.37670302
2.336069606743258e-166,19.2604
20.37700653076172,23.66981428
4.358646705506409,12.09027942
11.801489304489962,14.645
1.3723498062346824,26.7
9.244157048926194,42.5
3.293084148543142e-07,35.42
11.029696601540309,16.9527
1.8046523537726284,37.2
