{"rf": 4.028154841123947, "xgb": 4.0768180453426694, "lgb": 3.874095775991151, "cat": 4.163914862754116, "lr": 5.805474315610507, "ridgelr": 5.980202585023819, "svr": 6.594641788220401, "gsr": 7.414176569464242}