{"rf": 32.44506582342117, "xgb": 32.39677744847012, "lgb": 28.277452019119956, "cat": 35.17358612005869, "lr": 55.90237391295718, "ridgelr": 58.035636887595444, "svr": 74.82046679554617, "gsr": 87.72247435985544}