{"rf": 0.6413090906889027, "xgb": 0.6418429346087954, "lgb": 0.6873834365773666, "cat": 0.611144398417938, "lr": 0.3819808090198775, "ridgelr": 0.3583968828741543, "svr": 0.17283504937129646, "gsr": 0.030199098180220485}