pred,true
40.52362109245519,40.7
23.574704573552708,30.39
30.993048253305915,37.2
20.747907414856627,30.98
11.784837502878645,26.7
20.104589827646805,12.09
38.36395811163288,42.3
8.645060473456397,12.94
12.70863686676853,14.64
22.374777002304427,35.42
15.658472311858986,13.65
11.515223473154265,7.15
17.26880489357586,16.95
24.579035798499717,13.35
