{"rf": 6.2285248525913985, "xgb": 6.356586851552328, "lgb": 6.4153587799731175, "cat": 6.182865483367442, "lr": 9.736451312113415, "ridgelr": 9.715858410612695, "svr": 9.64817639394628, "gsr": 7.9997453594013335}