{"rf": 0.5776247464699151, "xgb": 0.6038574934278997, "lgb": 0.5914819696048785, "cat": 0.5968432028724014, "lr": 0.16098478072103095, "ridgelr": 0.16289988075833695, "svr": 0.14857282363230784, "gsr": 0.31521980656831705}