{"rf": 70.39878070641338, "xgb": 66.02647578327364, "lgb": 68.08914820658076, "cat": 67.1955724538304, "lr": 139.84164066836448, "ridgelr": 139.52244415665987, "svr": 141.91038555321177, "gsr": 114.13474219094765}