pred,true
0.20868148350309773,0.17
0.21522901415259862,0.28
0.11445724976451348,0.06
0.24876659251732378,0.31
0.17441313783925394,0.21
0.10270982258301067,0.05
0.22350130686598102,0.3
0.18767965384565136,0.28
0.2900158342679643,0.34
0.290499594951725,0.31
0.24900484916329543,0.35
0.2117102835799556,0.03
0.11274823783179547,0.15
0.1492897604646724,0.12
0.017694002843593477,0.01
0.1304895067440334,0.07
0.2705672940861678,0.35
0.18858213900952558,0.2
