pred,true
0.6155665,0.6
1.2939502,2.05
0.35527906,0.0394
1.5870103,0.69
0.1859138,0.17047
1.4455289,1.976
1.2008617,1.53
0.117721036,0.02
0.5605239,1.2
0.11218826,0.1
0.9644705,0.71
0.92506754,1.02
0.7142067,1.8
0.5532765,0.3
0.18625629,0.003
0.5209792,0.39
0.12686765,0.06
1.4816215,2.02
0.39441413,0.23
0.08321979,0.11
0.3966731,0.47
0.5521164,2.29
1.2712114,1.42
0.36767364,0.55
