pred,true
0.15131052435168368,0.17
0.34137293177838046,0.28012436
0.024027296592623815,0.06
0.3089228455888009,0.31
0.13152657961089814,0.211626934
0.10476537986313761,0.05
3.076635481476094,0.3
1.4666359755270097,0.283
0.37206470319938667,0.34
0.3895664980612292,0.31
0.31983452344241003,0.355
0.15486585169527278,0.03
0.1561166906788396,0.147816393
0.2057607535682946,0.12
0.007868568583903945,0.009720585
-0.05689615993879937,0.07
0.8071604679956172,0.355
-0.302746327483965,0.197
