pred,true
29.73218421163564,37.1
22.95347861111111,42.3
22.953498367697414,36.4
13.99409905460753,8.07692
34.83799793815606,45.38
22.969377074185697,40.7
22.782253208034017,16.9527
22.958210974416794,13.4
22.468573725622498,10.9172
22.95347861111111,6.19
22.953504465224984,38.8
22.731854713182248,12.9586
