{"rf": 4.156731916597745, "xgb": 4.101640728677021, "lgb": 3.935457511496309, "cat": 4.13035108553023, "lr": 5.73040341778168, "ridgelr": 6.29872909623185, "svr": 6.690947313644436, "gsr": 7.51007551810322}