{"rf": 32.785182728500246, "xgb": 31.839726030314047, "lgb": 28.062355041570274, "cat": 33.35901338017021, "lr": 55.36382708346251, "ridgelr": 62.92317444778456, "svr": 75.71546362548251, "gsr": 88.67576129074146}