{"rf": 0.5936690327962157, "xgb": 0.603022438298698, "lgb": 0.569374086052896, "cat": 0.6615921749871574, "lr": 0.302059194025716, "ridgelr": 0.27041688184741464, "svr": 0.07489587153789967, "gsr": 0.28451259738565604}