{"rf": 0.28207251198109345, "xgb": 0.2774560514474163, "lgb": 0.32799003095569074, "cat": 0.25578056286871803, "lr": 0.41350841737880684, "ridgelr": 0.4290515227129845, "svr": 0.4559514920141039, "gsr": 0.3865739660780547}