{"rf": 0.17608444443264556, "xgb": 0.17203112498522125, "lgb": 0.18661271459934606, "cat": 0.14664979700934633, "lr": 0.3024542281691743, "ridgelr": 0.3161664957790564, "svr": 0.40089596818964424, "gsr": 0.3100580855426615}