pred,true
33.27067,40.7
35.31571,30.39
30.61415,37.2
22.085648,30.98
14.789727,26.7
19.765265,12.09
44.514347,42.3
11.650708,12.94
16.946827,14.64
34.93708,35.42
25.016624,13.65
6.6311088,7.15
17.045422,16.95
19.232962,13.35
