pred,true
0.22737342418651707,0.27
0.02641182448032514,0.05
0.15728976269893352,0.24
0.22902354507341027,0.21
0.04900729390480127,0.03
0.07478964751187846,0.04
0.20716200112640656,0.25
0.053982331156809366,0.14782
0.11891096673965942,0.12
0.021488415128049415,0.04746
0.04256922667910558,0.06
0.20209378007386125,0.28012
0.022929406597835766,0.20367
0.09727999181390998,0.05
