pred,true
0.1865748126957526,0.17
0.24286430069353548,0.28
-0.02565922371073276,0.06
0.24097295647102812,0.31
0.195542299554038,0.21
0.0711971840834395,0.05
0.399339712563584,0.3
0.36610127113983215,0.28
0.34283040914177254,0.34
0.3432337734302978,0.31
0.2199082458780952,0.36
0.22395758702140833,0.03
0.16338752305370963,0.15
0.12439493594595363,0.12
0.0771442683315583,0.01
0.10419171763744906,0.07
0.2703733965707026,0.36
0.004651197787922445,0.2
