pred,true
0.2311578303677326,0.17
0.19877103536581692,0.28012436
0.14989806644644585,0.06
0.26369539481766985,0.31
0.1407125992230632,0.211626934
0.1516507332098217,0.05
0.20306887905692217,0.3
0.1349006340278143,0.283
0.29181806511851555,0.34
0.29121205125780214,0.31
0.1844026620857352,0.355
0.2582617475266226,0.03
0.06695289668549456,0.147816393
0.21245308056121823,0.12
0.07681087801827338,0.009720585
0.12990285024979364,0.07
0.17900450607740512,0.355
0.2075067899402377,0.197
