pred,true
38.177201274593116,40.7
35.71123286266888,30.39
31.374289580423138,37.2
22.770478594190916,30.98
12.278168909456323,26.7
12.860541432431157,12.09
42.135769971395376,42.3
14.97527200002516,12.94
16.239869718776646,14.64
35.06228584513966,35.42
24.0165766096645,13.65
8.451684876109688,7.15
16.228037655562392,16.95
18.61942399414629,13.35
