pred,true
46.33276539569815,35.76
50.98631036311773,50.0
65.22652231201852,64.1
56.535942373080516,42.9
49.59534211294885,32.0312
65.09243215356085,68.4
46.354054392465606,55.0
65.76872464225502,61.6828
58.03152948768711,64.9
48.314296204609825,43.6
59.218069298954184,56.55
64.81667185353867,68.5241
53.56161200669436,58.9643
49.19763082757102,49.66
47.58300954729842,52.993
63.61861354526184,57.625
