pred,true
40.48610503927681,40.7
28.171364855134932,30.39
39.78636668384579,37.2
22.839029287564088,30.98
14.03896796642405,26.7
19.849808448942937,12.09
37.147856340885056,42.3
3.8005784874433477,12.94
15.217977436770934,14.64
26.695105096834457,35.42
-9.913985435657295,13.65
8.044789047360013,7.15
15.795809811307677,16.95
15.83400203719808,13.35
