pred,true
0.3318025598189429,0.27
0.15644049280640301,0.05
0.17124647750692637,0.24
0.2608441002433133,0.21
0.0889708798048262,0.03
0.13986594398773758,0.04
0.28214333179262974,0.25
0.13365392883286714,0.14782
0.14436674390655826,0.12
0.14699263280425207,0.04746
0.17296333045256196,0.06
0.19438289311876855,0.28012
0.06749583549054472,0.20367
0.08270442678896983,0.05
