{"rf": 38.271339166135, "xgb": 38.65728181738754, "lgb": 32.4319913736646, "cat": 35.08252438218325, "lr": 56.50393236384591, "ridgelr": 63.64254048826401, "svr": 75.17593968172346, "gsr": 90.88237060586339}