{"rf": 4.464794223389004, "xgb": 4.58763684248223, "lgb": 3.9667542316421467, "cat": 4.110746215248471, "lr": 5.766158624308623, "ridgelr": 6.375292312032657, "svr": 6.725546096087398, "gsr": 7.756012226808523}