{"rf": 0.5768977162578347, "xgb": 0.5726309928900005, "lgb": 0.6414536330454339, "cat": 0.6121511159798549, "lr": 0.37533038183543666, "ridgelr": 0.2964107133317987, "svr": 0.16890517931116733, "gsr": -0.004734597561926179}