pred,true
-41.13335996295021,92.790225
-806.4059290455971,1.3885725
518.340419885817,0.555048
418.6767418018032,0.035175
-806.4059290455971,3.549015
73.72654308271282,4.8047535
2324.428606779504,2480.0
4795.810189387252,13280.0
10190.653711759122,2830.0
-118.01530998872434,0.0776
-697.5630322087741,19.284
645.7339221030165,0.076138178
518.340419885817,0.405612
-302.0098111214989,15.1692
-12.67117166575875,0.1535
-1751.2585963875676,0.099
