pred,true
44.502736138762806,16.545
-9.27322905730889,0.594
106.92030310658359,98.76
15.152315041637115,0.00765957
27.868197901770177,59.1108
27.927509242782694,15.1692
52.668711167219875,43.017
-20.854553492531036,0.132
9.912807714327789,3.549015
964.8613544647992,770.0
6789.092771196087,2830.0
16826.145115390365,13280.0
3132363.2956931912,10947.075
31.61916985188967,92.790225
1.6425585156332028,4.8047535
0.5950097634782646,0.0776
