pred,true
588.5959480861882,92.790225
-754.4156125759071,1.3885725
2271.491472178455,0.555048
1698.2810343661058,0.035175
-754.4156125759071,3.549015
2008.7803537328168,4.8047535
-908.8910690569185,2480.0
4925.543794515513,13280.0
12703.432685538251,2830.0
3868.278005843591,0.0776
-2718.0613360158122,19.284
3754.7496429830353,0.076138178
2271.491472178455,0.405612
-729.1513299479786,15.1692
4678.87733660647,0.1535
1257.8536003881907,0.099
