{"rf": 4.766900117178084, "xgb": 4.6572856324236565, "lgb": 4.7205093695249545, "cat": 4.973486873600902, "lr": 6.432335725622445, "ridgelr": 6.404282310814862, "svr": 5.979253935102682, "gsr": 6.2017949727198225}