{"rf": 0.48462170960911677, "xgb": 0.4989263432289711, "lgb": 0.4722680526541063, "cat": 0.38832509051829533, "lr": 0.14609617189742174, "ridgelr": 0.1474505083477008, "svr": 0.22551851995876848, "gsr": 0.13092618530177424}