{"rf": 38.088526727876456, "xgb": 37.031356819634745, "lgb": 39.00151162050952, "cat": 45.20523385045061, "lr": 63.106924342997914, "ridgelr": 63.00683343686784, "svr": 57.23729365942571, "gsr": 64.22804731360581}