pred,true
0.19921027087095242,0.17
0.16529345438068482,0.28012436
0.06687932343559615,0.06
0.283752744528482,0.31
0.1619585890183394,0.211626934
0.05015365235409591,0.05
0.17397860195885503,0.3
0.16569419611791095,0.283
0.337582811849778,0.34
0.34312912886786384,0.31
0.2166970756815764,0.355
0.19496973723976058,0.03
0.09260026522871495,0.147816393
0.19275132642363588,0.12
0.014694296897999863,0.009720585
0.15432721577766745,0.07
0.21336113439088875,0.355
0.2605239916786213,0.197
