pred,true
10.5317395178197,9.36
10.196132075471686,7.36
42.24908176100627,24.5
15.17452830188682,5.17
20.755611635220127,14.7
37.97839622641506,45.38
13.637452830188689,9.8
33.58349056603773,35.38
18.035188679245262,11.8
26.51858490566038,33.3
42.13915094339626,40.7
12.109056603773599,10.92
