pred,true
40.24208574844323,40.7
36.9537842963029,30.39
39.402996514196445,37.2
19.929212583953078,30.98
9.138382523619104,26.7
23.290058451080032,12.09
35.43405771398119,42.3
14.933774009612709,12.94
10.562360507792793,14.64
36.191901434498675,35.42
14.385774249229318,13.65
8.834437475927363,7.15
15.369833492499485,16.95
23.034417643914086,13.35
