pred,true
41.17194202898543,40.7
36.30771014492735,30.39
36.69127536231869,37.2
20.369797101449254,30.98
12.241840579710173,26.7
27.286028985507162,12.09
38.06159420289859,42.3
10.913101449275413,12.94
15.507884057970994,14.64
36.09814492753604,35.42
13.353410628019336,13.65
8.325304347826101,7.15
15.822942028985473,16.95
19.73278260869568,13.35
