pred,true
39.63322,40.7
35.509304,30.39
32.51954,37.2
22.626175,30.98
11.919995,26.7
12.796959,12.09
35.777298,42.3
9.218872,12.94
19.228561,14.64
35.509304,35.42
7.555022,13.65
5.8586454,7.15
18.511108,16.95
19.809254,13.35
