pred,true
0.0031642174746667013,0.0119
0.05621869985380061,0.024206064
0.0034574104372857573,0.0058625
0.10145465063365104,0.010508273
0.009464078359005833,0.00284061
0.34151613769185507,0.27375
0.004425732396001187,0.00263567
0.0033370997457917175,0.00283491
0.04122274320788607,0.045132691
0.04122274320788607,0.037603532
0.04095107018333348,0.745139258
