pred,true
270.2279081795068,200.0
288.4769701314779,170.0
46.292610006325596,3.969924812
12.694467290428806,2.706
0.5556730159629645,0.368384545
62.054671435932576,0.774
9.781749250751892,2.177509091
55.358398038283774,0.527
9.188734321126606,1.042185455
23.951765512940277,14.66
