pred,true
0.18225073144912537,0.17
0.1821428571428571,0.28
0.17182935909181551,0.06
0.18605337484397683,0.31
0.18214285752126627,0.21
0.16481413112711657,0.05
0.1821428571428571,0.3
0.1821428571428571,0.28
0.36112010420189744,0.34
0.3619902522534722,0.31
0.1821428571428571,0.35
0.18211437094139749,0.03
0.18214507084027767,0.15
0.17811321721212672,0.12
0.16455972646499709,0.01
0.1821428571428571,0.07
0.18214285714285713,0.35
0.23738427842745258,0.2
