{"rf": 0.1731359513096505, "xgb": 0.17463096171554163, "lgb": 0.19413141779050705, "cat": 0.16208364703802483, "lr": 0.3146275871765554, "ridgelr": 0.3237537047739174, "svr": 0.40645963052106754, "gsr": 0.33181096074919053}