{"rf": 0.2823966874652179, "xgb": 0.26524868111857525, "lgb": 0.32722524291953015, "cat": 0.27185525751827017, "lr": 0.42372338302355095, "ridgelr": 0.4291747432841196, "svr": 0.42676626141014173, "gsr": 0.3960453818115983}