{"rf": 0.60047295046379, "xgb": 0.5970230771591789, "lgb": 0.5520239904801367, "cat": 0.6259771538531927, "lr": 0.27396805425737525, "ridgelr": 0.2529087028643565, "svr": 0.06205721163465516, "gsr": 0.23431584746483536}