{"RandomForest(k)": 150.84259202706727, "XGBoost(k)": 134.1926100832653, "Lightgbm(k)": 147.5773683474277, "CatRegression(k)": 145.48048703104675, "RidgeRegression(k)": 317.4257637967105, "LinearRegression(k)": 309.3385617604199, "MLP(k)": 219.445042973198, "SVR(k)": 391.4902954072576, "GaussR(k)": 869.520212561032}