{"RandomForest(k)": 1.8182820816950316, "XGBoost(k)": 1.9297923954390865, "Lightgbm(k)": 1.881343766855355, "CatRegression(k)": 1.7960842206570662, "RidgeRegression(k)": 2.8666742780964096, "LinearRegression(k)": 2.7370908614713088, "MLP(k)": 3.5430315726280517, "SVR(k)": 2.8955422971057048, "GaussR(k)": 2.8610325484036236}