{"RandomForest(k)": 105.97322508059023, "XGBoost(k)": 90.24865182796042, "Lightgbm(k)": 91.2323166644833, "CatRegression(k)": 91.7609373140381, "RidgeRegression(k)": 153.27912572171851, "LinearRegression(k)": 154.9852578600697, "MLP(k)": 135.47854824560298, "SVR(k)": 153.51664277633742, "GaussR(k)": 260.0716212052962}