{"RandomForest(k)": 1.9004180804476982, "XGBoost(k)": 2.1033164431923126, "Lightgbm(k)": 2.472678266041201, "Catboost(k)": 2.160823080240503, "RidgeRegression(k)": 2.9002379338075333, "LinearRegression(k)": 2.8012463198099815, "MLP(k)": 2.44130427614359, "SVR(k)": 2.8977821676699094, "GR(k)": 2.608213542641129}