{"RandomForest(k)": 93.4631790964765, "XGBoost(k)": 92.33137714586746, "Lightgbm(k)": 89.81302806858751, "Catboost(k)": 97.1063839611206, "RidgeRegression(k)": 153.2602291409778, "LinearRegression(k)": 154.56185412558085, "MLP(k)": 133.3389517527193, "SVR(k)": 156.23492823982428, "GR(k)": 257.63322108206756}