{"RandomForest(k)": 139.26551132679862, "XGBoost(k)": 134.89619880828195, "Lightgbm(k)": 140.70517554721621, "Catboost(k)": 131.98255145245173, "RidgeRegression(k)": 317.53806046829555, "LinearRegression(k)": 320.09243678308997, "MLP(k)": 219.74239292746128, "SVR(k)": 370.8153212704095, "GR(k)": 874.6140708736658}