pred,true
13.152177706918033,8.07692
37.35484277561617,13.35330033
14.464840837509957,5.167
13.280274212578885,15.59457151
42.14562040000009,42.3
39.12632356915381,23.9
16.796251721100056,11.4497
21.850124665333293,14.697
26.23880201408662,24.5
17.249020017539383,12.9586
16.96802483235512,21.8343
22.756268916275157,24.52
13.387171496214012,12.83668421
17.00683526797889,10.9172
10.58870220300788,7.15152
50.16766548347295,59.0
13.62315394631667,10.8284
