pred,true
24.362776910254695,13.648
42.61767770727292,51.5
11.62723335512351,12.09432553
24.896661597790953,15.25488117
13.955364097633272,17.0414
14.023713632344688,10.9172
9.938847320918017,12.943
47.72111275654214,60.2
23.497220736822545,13.35330033
12.393344207985047,11.8935
28.157309308917334,24.5
26.037118585002904,14.697
40.05052342367987,42.9
13.417355887308538,8.07692
38.03973372624032,23.9
14.941790549902406,12.9586
10.85208216355815,7.15152
