pred,true
14.035272431293903,8.07692
19.156957923328786,13.35330033
14.288021616172326,5.167
14.037963799806198,15.59457151
42.33645389848003,42.3
36.784664713704515,23.9
16.45401421415547,11.4497
29.156627344909953,14.697
28.29326509466467,24.5
16.40050630353821,12.9586
16.901305980988564,21.8343
32.41013546920301,24.52
15.47462136906901,12.83668421
17.093117283430058,10.9172
11.055835684661856,7.15152
53.11778434107886,59.0
14.381276879336019,10.8284
