pred,true
0.19794410494595405,0.17
0.20235449889079993,0.28
0.1268540235755684,0.06
0.2219877925589085,0.31
0.16468433177193087,0.21
0.12226148373803135,0.05
0.3102633783328579,0.3
0.26688559024459146,0.28
0.19974569412460996,0.34
0.20162446983043147,0.31
0.14707794757507653,0.36
0.2542626501622367,0.03
0.11047996978670026,0.15
0.18723349475670004,0.12
0.10967837575218951,0.01
0.0284491797935129,0.07
0.32185868291361075,0.36
0.1966864772859921,0.2
