{"rf": 2.8949111105909395, "xgb": 3.292011710879008, "lgb": 3.768794879619854, "cat": 3.150779048476817, "lr": 5.789100513236517, "ridgelr": 6.635661305345221, "svr": 8.065320773135754, "gsr": 5.73817744822253}