{"rf": 12.90795587742764, "xgb": 13.911330302353642, "lgb": 18.317872890826393, "cat": 14.62855752909662, "lr": 52.79840697647719, "ridgelr": 77.96589730393119, "svr": 119.58234069827476, "gsr": 62.312162587075555}