{"rf": 0.9320408270959413, "xgb": 0.9267581551780507, "lgb": 0.9035581231572721, "cat": 0.922982021328774, "lr": 0.7220213562204758, "ridgelr": 0.5895168882035366, "svr": 0.370410230329541, "gsr": 0.6719323282870722}