{"rf": 0.6936087756931966, "xgb": 0.7056999929634628, "lgb": 0.3913050508287321, "cat": 0.7050879134894686, "lr": 0.252283223702899, "ridgelr": 0.5644211080577992, "svr": 0.31797269716215637, "gsr": 0.13955231569596838}