{"rf": 0.051600865930593064, "xgb": 0.045154895318879014, "lgb": 0.07804937840183111, "cat": 0.049660555237471454, "lr": 0.08152687913365524, "ridgelr": 0.06845821872383262, "svr": 0.07636843395577794, "gsr": 0.09676337193614665}