{"rf": 0.004284276054697448, "xgb": 0.0041152042650587405, "lgb": 0.008511396503766757, "cat": 0.004123762987456673, "lr": 0.010455342145104986, "ridgelr": 0.006090710401062163, "svr": 0.009536804615761885, "gsr": 0.012031661215245109}