pred,true
1185.419913787541,16.545
330.30664347930383,0.594
320.34816508288395,98.76
165.1764538697014,0.00765957
137.71510463299842,59.1108
140.35477985905936,15.1692
1724.0158251531122,43.017
156.51988852451973,0.132
171.61933902920214,3.549015
2036.2563686184765,770.0
-1612.427847994329,2830.0
8520.982720470567,13280.0
4585.997863010136,10947.075
223.10867064715944,92.790225
120.4822497058758,4.8047535
162.8828367425615,0.0776
