pred,true
91.76094678801292,92.790225
78.67892992536326,1.3885725
-141.49938974358884,0.555048
-35.69147709547178,0.035175
78.67892992536326,3.549015
-89.62790294212891,4.8047535
1587.0096485598742,2480.0
9359.481687905576,13280.0
2605.5238421292,2830.0
221.37209464967873,0.0776
24.071410364729218,19.284
968.3640899502464,0.076138178
-141.49938974358884,0.405612
-109.54365664748684,15.1692
627.868978183415,0.1535
197.09001485390968,0.099
