pred,true
317.3888975174191,92.790225
441.8020700715458,1.3885725
137.5995658151121,0.555048
37.24772691864155,0.035175
441.8020700715458,3.549015
237.39950250548054,4.8047535
1709.7507971635093,2480.0
7250.435547671458,13280.0
3131.7014547862077,2830.0
724.693563438738,0.0776
264.3299155696311,19.284
574.2812071516514,0.076138178
137.5995658151121,0.405612
239.6799523012994,15.1692
879.0687029020621,0.1535
377.13875597480023,0.099
