pred,true
103.71546376209889,88.56
73.00991365790344,75.7692
86.090984814709,103.0
81.44973565891611,85.7143
79.61508382373137,77.8462
86.25223206857297,52.0
93.14628091162702,56.41
90.548047239184,65.5
81.7077402454539,66.1479
84.17397379578068,85.7977
88.12374123037645,102.028
102.40612828136082,85.6
87.63861424308772,107.9
58.119846616101995,52.5
94.85048124146766,103.327
63.621059189440786,51.5
72.94257469607695,94.3868
90.64779592692005,81.0
