pred,true
4.847401191468081,4.484824281
0.36559029093970097,0.18
1.1442913899304483,0.6
5.144536288708847,3.306709265
1.0574295294581537,1.12
0.8514626663944309,0.17571885
1.2764911777695005,0.008
0.18893064332768092,0.03
2.579903095995601,1.7
1.5890011751947803,0.4
0.9453377602526062,1.1
0.12291123945587046,0.08
