pred,true
41.270871438024145,40.7
36.398283330518204,30.39
32.72914973305306,37.2
21.36189372188246,30.98
11.905619302041142,26.7
24.603591406944116,12.09
39.85565888670246,42.3
10.232536430284124,12.94
16.13767869058448,14.64
35.84244898871221,35.42
15.940141921134938,13.65
9.214898098610119,7.15
15.804831673993268,16.95
17.576371279407077,13.35
