{"rf": 0.30634384184884433, "xgb": 0.41510624764569304, "lgb": 0.41319004563781114, "cat": 0.41637397522876507, "lr": 0.03632676521598299, "ridgelr": 0.06014396374249531, "svr": -0.03679251897981062, "gsr": 0.17976363289310304}