{"rf": 1.6322052163753955, "xgb": 1.3762822147540796, "lgb": 1.380791127240678, "cat": 1.3732991927629703, "lr": 2.2675679617524107, "ridgelr": 2.2115249853906978, "svr": 2.4396210397501736, "gsr": 1.9300543379028754}