{"rf": 0.9212451866336522, "xgb": 0.8480816116333009, "lgb": 0.8888801580039332, "cat": 0.8593814327569178, "lr": 1.303152602747928, "ridgelr": 1.281413997555946, "svr": 1.2558591042419784, "gsr": 1.0937322051082463}