pred,true
30.050524,37.1
40.98384,42.3
33.106842,36.4
14.985564,8.07692
39.524548,45.38
40.760406,40.7
13.864472,16.9527
16.91956,13.4
13.864472,10.9172
5.990037,6.19
41.09308,38.8
13.864472,12.9586
