pred,true
2.8341766520816045,0.177321375
4.028748088073765,5.4021825
0.8239011510422027,0.0329
0.8239011510422027,0.035175
0.04088163178079196,0.0044
1.1183768017269518,3.68253
1.1183768017269518,4.50087
0.8239011510422027,0.0306
0.5879992015679577,0.076138178
