{"rf(k)": 1135.9775796385723, "xgb(k)": 1286.3213752988977, "lgb(k)": 3265.8509047399552, "cat(k)": 1560.2882622588252, "lr(k)": 229651.4585427246, "ridgelr(k)": 2881.2488808724625, "mlp(k)": 1072.1974033220129, "svr(k)": 2651.9655282137073, "gsr(k)": 2668.563682632484}