{"rf(k)": 3082059.4314631564, "xgb(k)": 3679204.674426927, "lgb(k)": 16176054.847390877, "cat(k)": 3779267.294615461, "lr(k)": 132981035115.35564, "ridgelr(k)": 11894472.54718909, "mlp(k)": 4655184.996104755, "svr(k)": 26845182.073835082, "gsr(k)": 27217332.910277333}