{"rf(k)": 0.8464563201810762, "xgb(k)": 0.8167074201257988, "lgb(k)": 0.19413267607171858, "cat(k)": 0.8117224471693308, "lr(k)": -6623.920100274617, "ridgelr(k)": 0.4074348256374911, "mlp(k)": 0.768085512160147, "svr(k)": -0.3373875918638072, "gsr(k)": -0.35592760062927953}