pred,true
0.14663538,0.17
0.21832845,0.28
0.038425006,0.06
0.300809,0.31
0.2555114,0.21
0.031147033,0.05
0.21466129,0.3
0.24349399,0.28
0.39396548,0.34
0.4203078,0.31
0.1927265,0.35
0.047110993,0.03
0.118045814,0.15
0.12202565,0.12
0.044548035,0.01
0.110578865,0.07
0.35451636,0.35
0.206495,0.2
