pred,true
0.2147094844301386,0.17
0.2123103633101341,0.28
0.13556776189961112,0.06
0.25849082325525197,0.31
0.18727475438353802,0.21
0.14294291149706734,0.05
0.23948155743466,0.3
0.21698638148391522,0.28
0.24305318103747398,0.34
0.24305318103747398,0.31
0.1962187619165255,0.35
0.25366648065122693,0.03
0.11262426909767706,0.15
0.1773733378158192,0.12
0.08452078602299538,0.01
0.1050300606519778,0.07
0.2525233171846185,0.35
0.17500615715083137,0.2
