{"rf": 66.18975380654936, "xgb": 78.50046652109565, "lgb": 55.597893088183405, "cat": 54.88956068985471, "lr": 99.76891263443342, "ridgelr": 102.20600496768564, "svr": 101.43683573344566, "gsr": 133.1116618254961}