{"rf": 0.5448802869452404, "xgb": 0.46023201865708285, "lgb": 0.6177097557622359, "cat": 0.6225802382664758, "lr": 0.31399051547045054, "ridgelr": 0.2972331066630475, "svr": 0.3025219023005259, "gsr": 0.08472629296488599}