{"rf": 6.448475192351768, "xgb": 6.34578463745117, "lgb": 5.6133462924215385, "cat": 5.531340822571104, "lr": 8.10652830341754, "ridgelr": 8.428586167278993, "svr": 8.330847065095348, "gsr": 9.417986485344976}