{"rf": 12.119226395685548, "xgb": 11.281099856762177, "lgb": 11.084399180151122, "cat": 11.49897764579028, "lr": 15.700186753932218, "ridgelr": 15.425781354375156, "svr": 15.65117674383868, "gsr": 15.163142854202519}