{"rf": 294.75736019608104, "xgb": 306.9504437273565, "lgb": 251.10172205617513, "cat": 300.72517857733516, "lr": 397.26604171771606, "ridgelr": 388.4339705576957, "svr": 402.21681036244405, "gsr": 348.0364400763704}