{"rf": 0.35312971325339104, "xgb": 0.3263709465343696, "lgb": 0.4489357523049059, "cat": 0.34003282439210714, "lr": 0.1281656269764423, "ridgelr": 0.14754836401835436, "svr": 0.11730074091998932, "gsr": 0.2362042066033403}