pred,true
0.14527123250167778,0.02
0.2591606811102358,0.35
0.23830482185094146,0.15
0.23665264121603166,0.31
0.2406795277504102,0.06
0.2600016825965946,0.16
0.2399842007856073,0.27
0.21801571228869068,0.15
0.3351750923018989,0.34
0.23398295900407126,0.28
0.18755438753639106,0.4
0.23686077276386172,0.02
0.24826372532307303,0.09
0.31383062736364176,0.3
0.3370851341901384,0.41
