pred,true
21.802615339397637,40.7
22.98129015074662,30.39
21.3841984139967,37.2
22.158767536099862,30.98
20.47516910921342,26.7
16.277684578382047,12.09
21.132500040468067,42.3
21.1325,12.94
16.175628184190064,14.64
21.13255624077404,35.42
21.133977701110368,13.65
13.674560246312844,7.15
15.259766888151765,16.95
21.132349475490184,13.35
