pred,true
15.9611225,3.969924812
430.7242,30.95
-0.0030823806,0.042017177
318.99225,0.774
0.46795213,0.440853636
0.8390962,8.514
174.39894,168.1253
3.9062257,2.695932
-28.719582,3.067961
1.554393,1.1284
427.66415,600.0
1.095305,1.019172
0.05216988,0.327141872
426.7092,170.0
-28.719582,2.964873
-10.521678,0.1686
0.05818331,0.033660836
7194.776,3707.180909
-188.00258,0.606449455
-7.0694284,0.1046
0.42929676,2.706
