pred,true
9.464755,0.430155
0.0460563,0.044634571
-0.11756243,0.029506909
44.907234,30.95
0.0460563,0.033660836
3.049944,2.964873
0.030216604,0.026286845
32.05617,0.606449455
179.13881,168.1253
2.6120734,0.326110909
2.255531,2.134
-32.922955,0.745139258
273.99887,0.1326
-0.40709114,0.00284061
-0.16025056,0.00269829
21.665329,28.4224239
41.576363,20.83
115.33656,52.27
-53.42364,28.29
278.5932,0.1686
-66.53251,0.259680909
