pred,true
0.96441966,0.352609091
3.2126184,0.527
-0.5942617,0.00263567
0.58405846,0.27375
174.63454,168.1253
134.68684,298.3209091
0.48812068,0.189954545
-0.54537517,0.326110909
3.4836204,2.695932
174.39294,177.5656909
3.9715059,12.31079137
-1.739816,0.027252909
554.0204,440.0
2.632016,2.967116
36.845604,52.27
221.41618,170.0
0.26005578,0.0021
0.038951375,0.045132691
0.06267253,0.013837027
-21.088005,7.85
-17.595297,0.259680909
