{"rf": 260176936.62447363, "xgb": 102562023.84041768, "lgb": 55494511.46660793, "cat": 33026808.809617598, "lr": 293161770.4287311, "ridgelr": 303666440.8406594, "mlp": 106144361.49559055, "svr": 2107376633.3117185, "gsr": 147972324.75610575}