{"rf": 115177753.68296367, "xgb": 30643713.463637978, "lgb": 149153417.31300777, "cat": 157311188.54431418, "lr": 97631332.3979298, "ridgelr": 104719207.49441819, "mlp": 41158406.664542854, "svr": 3407340218.3326936, "gsr": 3414821146.013773}