{"rf": 207929183.4433651, "xgb": 108865034.68783443, "lgb": 99051644.17567956, "cat": 117105508.16046168, "lr": 268202136.57230106, "ridgelr": 325908944.6477559, "mlp": 57252190.80248041, "svr": 2105298414.7868278, "gsr": 193982287.7374547}