{"rf": 2828.4368843120114, "xgb": 1819.0742363766246, "lgb": 5904.6053579190275, "cat": 3734.0755566524335, "lr": 7064.344685061534, "ridgelr": 6761.386520593085, "mlp": 2135.460060421332, "svr": 16606.665616193142, "gsr": 16607.558868804055}