{"rf": 0.8688814776987787, "xgb": 0.9483129397069193, "lgb": 0.9720330386169772, "cat": 0.9833558407458216, "lr": 0.852258472128504, "ridgelr": 0.8469645483874408, "mlp": 0.9465075882187194, "svr": -0.06203153006900175, "gsr": 0.9254280075120541}