{"rf": 3499.577187441918, "xgb": 2579.4469859960336, "lgb": 3583.3852679713805, "cat": 2139.3819440289344, "lr": 8615.725445866923, "ridgelr": 10440.133372979117, "mlp": 2770.9007128960034, "svr": 11188.187356075066, "gsr": 3407.170371927754}