{"rf": 0.9632805210512471, "xgb": 0.9902305683566556, "lgb": 0.9524488402314651, "cat": 0.9498480853164037, "lr": 0.9688744437177302, "ridgelr": 0.9666147792245913, "mlp": 0.9868784101203874, "svr": -0.08628405588372723, "gsr": -0.08866902830868595}