{"rf": 0.8952122058545712, "xgb": 0.9451364803362923, "lgb": 0.9500820273144849, "cat": 0.9409836191380193, "lr": 0.8648371055419577, "ridgelr": 0.8357552372574724, "mlp": 0.9711472402053692, "svr": -0.06098419303160685, "gsr": 0.9022408701911325}