{"rf": 3258.8484118112738, "xgb": 2574.534563466976, "lgb": 5021.524230251017, "cat": 2896.601882768375, "lr": 8836.534946760848, "ridgelr": 8940.212814684885, "mlp": 1864.208324623388, "svr": 11168.300733327751, "gsr": 3770.5691801776284}