pred,true
22.330628841792283,40.7
22.98129015074662,30.39
21.384198414465313,37.2
22.158767536099948,30.98
20.47516910921342,26.7
21.12205323443864,12.09
21.13250133920108,42.3
21.1325,12.94
16.175628184190064,14.64
21.13255624077404,35.42
21.132699985094515,13.65
11.314047899323642,7.15
15.259766888151765,16.95
21.132479645459068,13.35
