{"rf(k)": 38.23579432797372, "xgb(k)": 56.55248066244583, "lgb(k)": 119.03759556740138, "cat(k)": 21.80227395484125, "lr(k)": 513.8355197025003, "ridgelr(k)": 101.73624082834887, "mlp(k)": 67.4171416861493, "svr(k)": 40.27006436221174, "gsr(k)": 39.3785147544911}