{"rf(k)": 2783.2096312299927, "xgb(k)": 13010.881268096971, "lgb(k)": 25629.113641327778, "cat(k)": 996.8329983076798, "lr(k)": 494181.183401489, "ridgelr(k)": 26123.01106888425, "mlp(k)": 20084.188654252714, "svr(k)": 5905.4428559477365, "gsr(k)": 6913.862289824971}