{"rf(k)": 0.4792425643567705, "xgb(k)": -1.4344243022895782, "lgb(k)": -3.7953813280562994, "cat(k)": 0.8134857719165596, "lr(k)": -91.46465768285124, "ridgelr(k)": -3.887792893092251, "mlp(k)": -2.757888181761326, "svr(k)": -0.10494848950414637, "gsr(k)": -0.2936306184196851}