{"rf(k)": 0.4790598024317295, "xgb(k)": 0.5231695724544734, "lgb(k)": 0.5094373896136415, "cat(k)": 0.5228023524549613, "lr(k)": -0.9208502263015732, "ridgelr(k)": -1.138050463987704, "mlp(k)": -0.5245535037438585, "svr(k)": 0.08435526157076223, "gsr(k)": -5.05505198174369}