{"rf(k)": 6.516898168134552, "xgb(k)": 5.64900391712189, "lgb(k)": 5.947002873695539, "cat(k)": 5.480109542026909, "lr(k)": 10.925383946294389, "ridgelr(k)": 11.070581322911746, "mlp(k)": 8.876920578718817, "svr(k)": 8.251114523154245, "gsr(k)": 21.236163456826816}