{"rf(k)": 59.44841018116306, "xgb(k)": 54.414712045466416, "lgb(k)": 55.9817948738126, "cat(k)": 54.45661828587486, "lr(k)": 219.20268906641775, "ridgelr(k)": 243.9890443557291, "mlp(k)": 173.9782847566042, "svr(k)": 104.49111864367393, "gsr(k)": 690.9875942752317}