pred,true
0.2024316376166512,0.17
0.19414144658881097,0.28
0.11791610675891032,0.06
0.22683191288838403,0.31
0.16575076958827498,0.21
0.11192358184422127,0.05
0.3037104950799838,0.3
0.2712092485752664,0.28
0.25084356410172326,0.34
0.25335054287835224,0.31
0.15417575926699748,0.35
0.2627629538584859,0.03
0.10854702800300411,0.15
0.20444982307293905,0.12
0.10719108206075093,0.01
0.06447509326407011,0.07
0.4204595045692274,0.35
0.19687876182184286,0.2
