{"rf": 0.11082821583513819, "xgb": 0.11210424994615902, "lgb": 0.12388186158895204, "cat": 0.11408214643365606, "lr": 0.28259396940259757, "ridgelr": 0.28268911916605355, "svr": 0.26307091373804403, "gsr": 0.36995473551162633}