{"rf": 0.7273872449354973, "xgb": 0.7242484849009667, "lgb": 0.6952781804182375, "cat": 0.7193832995632269, "lr": 0.30488170378873236, "ridgelr": 0.3046476565385442, "svr": 0.35290407744048036, "gsr": 0.08999365426030892}