{"rf": 6.179831004618927, "xgb": 5.968999367253468, "lgb": 6.566545998187344, "cat": 6.434399444532873, "lr": 9.77995021532096, "ridgelr": 9.74594498899602, "svr": 9.74567130329403, "gsr": 7.812407755180483}