{"rf": 67.76612010573827, "xgb": 62.8084511262635, "lgb": 70.16126822103196, "cat": 72.3897144977799, "lr": 140.7012048724028, "ridgelr": 139.9751039830042, "svr": 143.33845509346457, "gsr": 109.69809934785529}