{"rf": 0.593420058228312, "xgb": 0.6231648445884135, "lgb": 0.5790497625742125, "cat": 0.5656796366760826, "lr": 0.15582760832453535, "ridgelr": 0.1601840338786532, "svr": 0.14000475998020645, "gsr": 0.34183856511597543}