pred,true
17.149648435764114,8.07692
20.16617815298367,13.35330033
11.794123657941809,5.167
14.316547082881401,15.59457151
41.482058834090125,42.3
36.48641532313132,23.9
17.192218699039227,11.4497
24.51511397670396,14.697
27.888169843128278,24.5
16.560869050848574,12.9586
18.4281119748147,21.8343
26.82544750681218,24.52
14.822512203860285,12.83668421
16.860143278938395,10.9172
11.715849834324361,7.15152
49.31803972958488,59.0
18.011575432129092,10.8284
