pred,true
16.121809989719402,8.07692
20.42679432542104,13.35330033
11.584408815723217,5.167
13.636772464037263,15.59457151
43.03416894440882,42.3
28.461272849746734,23.9
16.053383877271262,11.4497
24.53253386686003,14.697
28.44538067109983,24.5
16.793669072345622,12.9586
17.15571773649721,21.8343
26.22486494016683,24.52
14.798126374694844,12.83668421
16.33164880858856,10.9172
11.338769849461801,7.15152
47.31045624959951,59.0
15.334558080226461,10.8284
