pred,true
22.246917193829777,13.648
35.42772397491662,51.5
14.139075134509081,12.09432553
22.102411337831583,15.25488117
18.27290129889724,17.0414
13.08117570685592,10.9172
10.6397240651515,12.943
48.12098563373905,60.2
17.726227104544265,13.35330033
14.085855387283342,11.8935
30.864394777724314,24.5
25.909338844044076,14.697
41.22720827652521,42.9
13.982673583683097,8.07692
40.218175682868136,23.9
13.863837160864788,12.9586
8.46625689104285,7.15152
