pred,true
0.1994372660004389,0.17
0.20185800270766155,0.28
0.12475089216949722,0.06
0.22291120378967552,0.31
0.16462700793051124,0.21
0.1201000048875284,0.05
0.3108763751450728,0.3
0.2674679962955474,0.28
0.19673331015844533,0.34
0.19857942042220514,0.31
0.14882422851763724,0.36
0.2515671575399967,0.03
0.11044171825183127,0.15
0.185879658214296,0.12
0.10970385575018629,0.01
0.032643044213823164,0.07
0.3178320625885517,0.36
0.19576540362712372,0.2
