pred,true
0.7157625,0.6
1.6060276,2.05
0.5884609,0.0394
1.4797622,0.69
0.11805947,0.17047
1.9115839,1.976
1.3278822,1.53
-0.00046633324,0.02
0.5545191,1.2
0.4552872,0.1
0.9435179,0.71
0.997523,1.02
0.6510942,1.8
1.0508798,0.3
0.14743294,0.003
0.24979334,0.39
0.058196858,0.06
1.243609,2.02
0.72081476,0.23
0.18959422,0.11
0.29898086,0.47
0.56599444,2.29
1.3278822,1.42
0.51086336,0.55
