pred,true
0.20983244,0.27
0.08052422,0.05
0.23037997,0.24
0.2417061,0.21
0.05795766,0.03
0.086810574,0.04
0.20529936,0.25
0.18338576,0.14782
0.12115056,0.12
0.013920352,0.04746
0.07563982,0.06
0.20204127,0.28012
0.088862345,0.20367
0.048835225,0.05
