pred,true
0.19533799625037873,0.17
0.25532359576186703,0.28
-0.009896919948104821,0.06
0.23955352729396673,0.31
0.1916265390019244,0.21
0.04609480712834313,0.05
0.32966884700327703,0.3
0.2887638436893013,0.28
0.3517034051877852,0.34
0.36209688140664664,0.31
0.26737550823632306,0.36
0.20353438652020595,0.03
0.19438253214500312,0.15
0.1370197578579555,0.12
0.0725855810547319,0.01
0.10133445778493433,0.07
0.26531776315433386,0.36
-0.05130720993227833,0.2
