pred,true
0.1631385483860028,0.27
0.16298290417013822,0.05
0.16313851039533897,0.24
0.1634972829646068,0.21
0.10131370447094531,0.03
0.16221654266442606,0.04
0.16931328031518128,0.25
0.16326006727834,0.14782
0.16309676030366047,0.12
0.15557059993177494,0.04746
0.16313854764997565,0.06
0.16313854846132914,0.28012
0.16313854838709677,0.20367
0.16313854838709677,0.05
