{"rf": 0.05855691416397747, "xgb": 0.03895635452121496, "lgb": 0.07389530844272933, "cat": 0.04851993495311482, "lr": 0.06405930356812645, "ridgelr": 0.05882228394871504, "svr": 0.07820252588040277, "gsr": 0.09219742117072262}