{"rf": 0.6361322094709325, "xgb": 0.8048827148448108, "lgb": 0.41990466490667566, "cat": 0.689033097764504, "lr": 0.4420191458662195, "ridgelr": 0.5459156057698422, "svr": 0.3448770888595317, "gsr": 0.18559486157382343}