pred,true
29.239809799999826,14.697
21.33509407999981,8.66667
36.85444768000015,24.5
26.592527579999874,9.51515
25.45010435999986,7.15152
21.30881649999981,9.36364
