pred,true
0.12687904,0.02
0.28624514,0.35
0.22984909,0.15
0.2238315,0.31
0.25574717,0.06
0.23832111,0.16
0.21724199,0.27
0.2282496,0.15
0.29020712,0.34
0.23385264,0.28
0.16544263,0.4
0.22919333,0.02
0.25403646,0.09
0.23939572,0.3
0.2968003,0.41
