{"rf": 69.91175781475368, "xgb": 34.48771120984559, "lgb": 16.492842489294155, "cat": 41.738081301811064, "lr": 101.75599842090783, "ridgelr": 94.30758366722854, "mlp": 297.95370092347895, "svr": 156.94238342343553, "gsr": 95.36522638898474}