{"rf": 45.60778559447918, "xgb": 55.11329336968519, "lgb": 13.876202219875648, "cat": 33.044910423172695, "lr": 103.57968637062993, "ridgelr": 137.59865644857874, "mlp": 138.18044380952108, "svr": 158.0114081240562, "gsr": 511.54422430115085}