{"rf": 0.6053332201595347, "xgb": 0.8053095165576672, "lgb": 0.906894387451776, "cat": 0.764379631424043, "lr": 0.4255656919306333, "ridgelr": 0.46761358140782305, "mlp": -0.6820121730682998, "svr": 0.11402678144156808, "gsr": 0.46164296272701033}