{"rf": 5.708015474945542, "xgb": 5.700388845816507, "lgb": 3.0774913462721907, "cat": 5.008881822682381, "lr": 8.045236668287867, "ridgelr": 9.247582419490454, "mlp": 7.87389832199176, "svr": 9.384668464342, "gsr": 17.623920952096746}