{"rf": 6.1785972161739915, "xgb": 4.2011683522392005, "lgb": 4.540881364598242, "cat": 5.976467713155652, "lr": 116.62462625350392, "ridgelr": 15.013640573894794, "mlp": 10.052251894121794, "svr": 11.957714030271287, "gsr": 7.891060179749445}