{"rf": 6.054878785064269, "xgb": 4.749347483951631, "lgb": 3.398945149230836, "cat": 5.57741498495495, "lr": 7.8357108810393905, "ridgelr": 7.026965937560574, "mlp": 9.508464563968724, "svr": 9.177343082014275, "gsr": 7.006268245561382}