{"rf": 57.066353921883234, "xgb": 28.719968723724904, "lgb": 35.301059121966475, "cat": 61.02318440042086, "lr": 205753.2776090223, "ridgelr": 1014.3924840284519, "mlp": 196.44124894485364, "svr": 209.0801251134926, "gsr": 103.38892326844893}