{"rf": 0.7524823309842936, "xgb": 0.8754309812322808, "lgb": 0.8468863828304938, "cat": 0.7353201085987775, "lr": -891.4272914971974, "ridgelr": -3.399791573463271, "mlp": 0.14796238596349298, "svr": 0.09314295291329333, "gsr": 0.5515643889833834}