{"rf": 0.7425343255719299, "xgb": 0.6888737073633376, "lgb": 0.9216658797073227, "cat": 0.8134544346404924, "lr": 0.4152705845975033, "ridgelr": 0.22322624479233477, "mlp": 0.21994193108785887, "svr": 0.10799190906313605, "gsr": -1.8877762205017623}