{"rf": 0.655193862542681, "xgb": 0.674177421692793, "lgb": 0.6153965427736068, "cat": 0.6313743431001446, "lr": 0.26067398175805834, "ridgelr": 0.27244685793424295, "svr": 0.3817188165719605, "gsr": 0.06297927706965456}