{"rf": 4.5860076685580635, "xgb": 4.303365583915711, "lgb": 4.792139122057983, "cat": 4.506224566173896, "lr": 6.564901681439768, "ridgelr": 6.482557719663189, "svr": 5.87528319788454, "gsr": 7.375856383320146}