{"rf": 32.360375971694936, "xgb": 30.57875132919687, "lgb": 36.095391362923074, "cat": 34.59585997528518, "lr": 69.38643288774668, "ridgelr": 68.28153753368211, "svr": 58.02626281393399, "gsr": 87.94026437841104}