{"rf": 37.05939043948469, "xgb": 30.025421477740046, "lgb": 70.95671309067608, "cat": 34.921665815983225, "lr": 39.81441391365187, "ridgelr": 51.37705882304287, "svr": 59.53757205459753, "gsr": 120.72879331005416}