pred,true
0.05350009085864979,0.0119
0.119457697561002,0.024206064
0.04095429707535306,0.0058625
0.1269157690227305,0.010508273
-0.008709612705406003,0.00284061
0.5319060200693538,0.27375
-0.015357122661756983,0.00263567
-0.01934558234870161,0.00283491
0.03405200312668705,0.045132691
0.03405200312668705,0.037603532
0.17199954852924926,0.745139258
