{"rf": 0.07231829938208621, "xgb": 0.06703724651643209, "lgb": 0.0696108738635748, "cat": 0.07805947041574572, "lr": 0.09566414332240836, "ridgelr": 0.09855304450113586, "svr": 0.10203956776958467, "gsr": 0.09089285795459269}