{"rf": 0.008685948787316678, "xgb": 0.007410194793047156, "lgb": 0.007829892074605384, "cat": 0.010227706909985273, "lr": 0.013548058161686792, "ridgelr": 0.01422589561199907, "svr": 0.01497947078482992, "gsr": 0.01440544604362172}