{"rf": 0.47719785139024384, "xgb": 0.5539847339327126, "lgb": 0.5287234014131481, "cat": 0.38440033681766594, "lr": 0.18455034794098613, "ridgelr": 0.1437517104969248, "svr": 0.09839446408186225, "gsr": 0.1329446756254783}