pred,true
39.88749999999989,40.7
34.8951999999998,30.39
33.84929999999982,37.2
21.565340000000127,30.98
12.322979999999973,26.7
14.408019999999935,12.09
35.659099999999974,42.3
12.295260000000049,12.94
15.768439999999993,14.64
34.63369999999979,35.42
17.532160000000058,13.65
8.590100000000032,7.15
15.527999999999953,16.95
23.884640000000037,13.35
