{"rf": 0.42206848692383203, "xgb": 0.4383502261025517, "lgb": 0.45214385542989377, "cat": 0.5716440376747653, "lr": 0.3591824807979652, "ridgelr": 0.31681751542709413, "svr": 0.19237493871097344, "gsr": 0.3160312012892974}