{"rf": 0.32445684266322067, "xgb": 0.3153161026837117, "lgb": 0.30757221379868666, "cat": 0.2404835519908637, "lr": 0.3597617093016481, "ridgelr": 0.3835458473746968, "svr": 0.4534092215300127, "gsr": 0.38398729241916757}