{"rf": 0.3771805327317388, "xgb": 0.37725164039074754, "lgb": 0.4065252567314361, "cat": 0.3132300325938959, "lr": 0.459561896432292, "ridgelr": 0.4913751735979877, "svr": 0.4867482977785267, "gsr": 0.39353374456824763}