{"rf": 0.18171869110378808, "xgb": 0.18397272638113216, "lgb": 0.19322529812524952, "cat": 0.167754342645106, "lr": 0.3786257805236415, "ridgelr": 0.3780081126972297, "svr": 0.37213751150225266, "gsr": 0.29275940686464275}