{"rf": 0.3088405779345432, "xgb": 0.32280884124137277, "lgb": 0.32934648078323936, "cat": 0.30629899095478785, "lr": 0.5004093057805904, "ridgelr": 0.5007734509900067, "svr": 0.5097457674234052, "gsr": 0.43062438237378997}