{"rf": 0.5067250231709631, "xgb": 0.500606449498381, "lgb": 0.4754903643837146, "cat": 0.5446312155419768, "lr": -0.02777882660405062, "ridgelr": -0.026102168683444837, "svr": -0.01016643499069625, "gsr": 0.2053052508772507}