pred,true
0.19757719230187404,0.17
0.2542767506897486,0.28
0.050812675108139305,0.06
0.2428242106893269,0.31
0.19311225835645135,0.21
0.081367044652634,0.05
0.30942127094823585,0.3
0.24692581438291655,0.28
0.2629349763826721,0.34
0.261898835258007,0.31
0.209251415594278,0.35
0.23856694549145224,0.03
0.15995772552718512,0.15
0.1484461074433916,0.12
0.08561525159386124,0.01
0.10198566140926257,0.07
0.24613462037636097,0.35
0.08596453145312516,0.2
