{"rf": 0.3879995231119945, "xgb": 0.42950005197077945, "lgb": 0.46005441044900264, "cat": 0.3972156255406868, "lr": 0.39419143261715417, "ridgelr": 0.38702975955988095, "svr": 0.36856083155531794, "gsr": 0.013654067052533359}