{"rf": 243.6319073261411, "xgb": 227.110918564298, "lgb": 214.94750217117908, "cat": 239.9630595104779, "lr": 241.16696362151552, "ridgelr": 244.0179615087427, "svr": 251.37027629598145, "gsr": 392.6554798605959}