{"rf": 11.153512713248709, "xgb": 10.45188421827747, "lgb": 10.465335610288133, "cat": 11.14264809618482, "lr": 11.726483546545339, "ridgelr": 11.723210594189604, "svr": 12.07597164130396, "gsr": 14.650862970959642}