{"rf": 65.12932012588247, "xgb": 57.463305024247695, "lgb": 66.2020807230822, "cat": 54.60025422077557, "lr": 124.90679774009399, "ridgelr": 125.0288281719677, "svr": 126.5424219262831, "gsr": 100.59835632760075}