{"rf": 6.446465770343004, "xgb": 5.676919272985077, "lgb": 5.950023437741652, "cat": 5.819166961219426, "lr": 8.855169501959596, "ridgelr": 8.935094204960944, "svr": 9.026235638278967, "gsr": 7.673786322343127}