{"rf": 0.5054497619415383, "xgb": 0.5636605583408486, "lgb": 0.4973039067767764, "cat": 0.5854007278020668, "lr": 0.05153797954456074, "ridgelr": 0.050611358799604655, "svr": 0.039118099694893105, "gsr": 0.23612067538942705}