{"rf": 7.041840453327952, "xgb": 6.878296769582308, "lgb": 6.7323226594452406, "cat": 6.777625421409289, "lr": 9.81511812514666, "ridgelr": 9.687367772608882, "svr": 9.894374304776562, "gsr": 9.360053125996712}