{"rf": 0.46248326639510273, "xgb": 0.4527914624721021, "lgb": 0.462763465432687, "cat": 0.5154346867097042, "lr": 0.03412019835962632, "ridgelr": 0.048029187267271456, "svr": -0.11163557250508127, "gsr": 0.0928059854631168}