{"rf": 81.09091386285796, "xgb": 82.5530399474264, "lgb": 81.04864244208038, "cat": 73.10255034745612, "lr": 145.71467435331257, "ridgelr": 143.61633480234642, "svr": 167.70369891992706, "gsr": 136.86121210839352}