{"rf": 181.20410066634824, "xgb": 198.8686035768626, "lgb": 220.7874165540056, "cat": 182.61476243092005, "lr": 196.75316291757153, "ridgelr": 196.37982902740055, "svr": 240.31844448979996, "gsr": 246.45738853779676}