{"rf": 10.41469026589258, "xgb": 10.718943026930283, "lgb": 11.220027018233772, "cat": 10.33288754392708, "lr": 10.778483156885303, "ridgelr": 10.75083535785964, "svr": 11.782462971835592, "gsr": 11.816980866460298}