{"rf": 0.3928095727061589, "xgb": 0.33361821317993146, "lgb": 0.2601712361610672, "cat": 0.3880826359732281, "lr": 0.340706768643667, "ridgelr": 0.34195776000347944, "svr": 0.1947254037863405, "gsr": 0.1741546327832073}