pred,true
40.696747,40.7
35.77371,30.39
35.448452,37.2
22.410625,30.98
12.312724,26.7
20.304338,12.09
40.60209,42.3
8.404047,12.94
17.002647,14.64
33.591286,35.42
13.794053,13.65
7.547368,7.15
16.35407,16.95
18.3883,13.35
