pred,true
3451.4775522541872,2830.0
-10.844164071303377,17.671425
-45.01088442637877,92.790225
-11.841252285620408,5.4021825
1356.914333942303,2480.0
7719.572290164435,13280.0
-11.279111823338582,5.55165
