{"rf": 0.11102901089502595, "xgb": 0.11210424994615902, "lgb": 0.12388186158895204, "cat": 0.11408214643365606, "lr": 0.28259396940259757, "ridgelr": 0.2826962182193998, "svr": 0.26307091373804403, "gsr": 0.36995473551162633}