{"rf": 0.2559638833904485, "xgb": 0.2395803721512065, "lgb": 0.2667667140651456, "cat": 0.24252165318185828, "lr": 0.4104834327552736, "ridgelr": 0.4108187961043553, "svr": 0.3378619836387826, "gsr": 0.47699653190673164}