{"rf": 0.5589170543200319, "xgb": 0.6208958371316788, "lgb": 0.5785736075453294, "cat": 0.5781161836051102, "lr": 0.1153387699296945, "ridgelr": 0.1203490071799268, "svr": 0.07039308156233393, "gsr": 0.13755795053232156}