{"rf": 66.5427081955762, "xgb": 57.192457637612456, "lgb": 63.57727890792739, "cat": 63.646286853198895, "lr": 133.4618684786328, "ridgelr": 132.7060134663315, "svr": 140.24247030187487, "gsr": 130.10983579256705}