{"rf": 6.427423137542544, "xgb": 5.757613111887222, "lgb": 6.104380068686759, "cat": 6.30706966456377, "lr": 9.306589739546324, "ridgelr": 9.2126063356626, "svr": 9.38817711677205, "gsr": 9.055424374747105}