pred,true
8.517816450118337,50.3
53.99687038624534,32.42727273
5.606393510581986,3.172581818
5.1442982098767995,4.066472727
32.62864020960824,57.35448
14.893355716309364,57.1375
1165.98835370878,873.77
10.784623038849352,27.6
12.891498619567576,43.75
27.2265774643618,13.16755653
20.12932968948353,18.42655855
1568.0475751707916,1464.37
33.30897367608605,50.772096
5.918776444545804,6.8
31.468153506747786,29.9307
1093.6783960025516,1304.756602
