{"rf": 0.7597943271238103, "xgb": 0.7968771564233923, "lgb": 0.757206567581951, "cat": 0.8398963536789028, "lr": 0.369264123235582, "ridgelr": 0.3752909596856616, "svr": 0.32679027184815757, "gsr": 0.18008979041468698}