{"rf": 54.72458142669977, "xgb": 46.276228449693384, "lgb": 55.31413477098816, "cat": 36.47542926401435, "lr": 143.69667640833114, "ridgelr": 142.32361931892683, "svr": 153.37323279821587, "gsr": 186.79510142194312}