{"rf": 4.6304104909387975, "xgb": 4.7369634113311765, "lgb": 5.203628219843587, "cat": 3.708490850608631, "lr": 9.001241131948321, "ridgelr": 8.956838254432848, "svr": 8.877149062342307, "gsr": 10.628278272662381}