{"rf": 0.11600679095537576, "xgb": 0.1079505837361018, "lgb": 0.11198289612964232, "cat": 0.11181013121129056, "lr": 0.09909848934294015, "ridgelr": 0.09877553375296778, "svr": 0.10089157637218478, "gsr": 0.10584626569455906}