{"rf": 0.01787710922620194, "xgb": 0.015295279066926409, "lgb": 0.01665853649473815, "cat": 0.018354354328450274, "lr": 0.015391277500292679, "ridgelr": 0.014010173681333792, "svr": 0.014496691483942318, "gsr": 0.014042953392440438}