{"rf": -0.04628799705947251, "xgb": 0.10481797157984563, "lgb": 0.025031029207136735, "cat": -0.07421957233932752, "lr": 0.09919950120542809, "ridgelr": 0.18003093374776225, "svr": 0.15155665802543417, "gsr": 0.17811244581752728}