pred,true
5.135394171817008,4.484824281
0.27524472083936,0.18
1.6124345422873023,0.6
6.970204271402827,3.306709265
0.9028065799790039,1.12
0.27261690152565166,0.17571885
-2.3740087602700743,0.008
0.05198469379752435,0.03
-6.943718114220264,1.7
1.807782978377318,0.4
0.5597956091698313,1.1
0.08894566286615824,0.08
