pred,true
38.047617051351864,40.7
36.376868768674235,30.39
31.127948556567567,37.2
20.825420678728175,30.98
11.641016123378673,26.7
25.296912555138377,12.09
39.455940447946475,42.3
12.250007686396103,12.94
14.455924524896625,14.64
35.45719606238033,35.42
16.855402194296104,13.65
8.388598069521597,7.15
14.408464441687222,16.95
17.004988753630688,13.35
