{"rf": 32.49290944357248, "xgb": 32.14274704273657, "lgb": 28.74369743684595, "cat": 29.169531843337243, "lr": 75.19894464293179, "ridgelr": 73.91344527691406, "svr": 53.427906716565424, "gsr": 86.37629996229536}