{"rf": 4.442023494347061, "xgb": 4.232457297983867, "lgb": 4.104485827568412, "cat": 4.159458316030694, "lr": 6.597851245757738, "ridgelr": 6.581008372301515, "svr": 5.543618686375343, "gsr": 7.2129059246763925}