{"rf": 0.6537816924689502, "xgb": 0.6575127413609847, "lgb": 0.6937302799538029, "cat": 0.6891929310358818, "lr": 0.19874053175785844, "ridgelr": 0.21243777901753513, "svr": 0.4307152004821416, "gsr": 0.07964362392128654}