pred,true
0.09057539138670856,0.02
0.27708005885932996,0.35
0.21202732610031594,0.15
0.2204958516188812,0.31
0.2586068278764587,0.06
0.26757216793266936,0.16
0.23729398404284419,0.27
0.10295706105389646,0.15
0.2789337352885578,0.34
0.19401765436882668,0.28
0.13706357275137593,0.4
0.10391402490486035,0.02
0.2780810325242328,0.09
0.28396274213759554,0.3
0.27559846502116636,0.41
