pred,true
0.0026595953,0.0119
0.037004266,0.024206064
0.004595544,0.0058625
0.10183245,0.010508273
0.007318337,0.00284061
0.40150112,0.27375
0.0030658953,0.00263567
0.0030888442,0.00283491
0.042370893,0.045132691
0.042370893,0.037603532
0.16807382,0.745139258
