pred,true
19.172354341316733,9.36
17.766754307462875,7.36
51.14761326021959,24.5
16.769568682082195,5.17
40.75609622369064,14.7
29.460345005100763,45.38
-2.331503501600949,9.8
40.446329775100494,35.38
26.889367494544487,11.8
26.037631437407015,33.3
42.450533226764975,40.7
10.388230665488308,10.92
