pred,true
0.16041087,0.17
0.24321441,0.28
0.024270236,0.06
0.2838672,0.31
0.22968242,0.21
0.011439355,0.05
0.22874886,0.3
0.29201892,0.28
0.37991142,0.34
0.3899181,0.31
0.24496225,0.36
0.10528901,0.03
0.120153606,0.15
0.114571206,0.12
0.02155373,0.01
0.12379119,0.07
0.36034173,0.36
0.189839,0.2
