pred,true
19.328985817821703,9.36
18.56834757472221,7.36
35.076671078025115,24.5
15.887478485852498,5.17
33.27311296347203,14.7
34.02921615089382,45.38
9.117704918342824,9.8
32.39950916968472,35.38
34.131742934851545,11.8
34.46483472689498,33.3
39.88298726620506,40.7
12.657298757211592,10.92
