pred,true
91.75358318622435,88.56
82.47538789966175,75.7692
85.22389619883195,103.0
62.136789071807954,85.7143
85.40150086344762,77.8462
88.5853029711156,52.0
80.85875651031432,56.41
76.06770896337137,65.5
61.02514818244543,66.1479
83.15856883080926,85.7977
85.4605980296852,102.028
100.93737978087881,85.6
103.85987546485437,107.9
52.353133111357664,52.5
87.93844121565186,103.327
53.71225563939055,51.5
91.96914782746423,94.3868
94.84797189061064,81.0
