{"rf": 0.6236574007221733, "xgb": 0.5674083768595533, "lgb": 0.673412950168019, "cat": 0.6622351002385025, "lr": 0.424043364084254, "ridgelr": 0.3457209858926016, "svr": 0.15876895338601826, "gsr": 0.026113937296358802}