{"rf": 4.098803123754417, "xgb": 4.43884605952922, "lgb": 3.99578586025203, "cat": 3.837578788842189, "lr": 5.520664243054784, "ridgelr": 6.152713150350096, "svr": 6.84298979018617, "gsr": 7.4893867790862485}