pred,true
42.75386120241169,40.7
36.54047454048377,30.39
41.78586246476181,37.2
26.941240165828127,30.98
8.174784459131523,26.7
17.987929820452543,12.09
37.1133196979313,42.3
18.311656162457766,12.94
11.590379303911078,14.64
35.46351299838029,35.42
16.191215292345518,13.65
7.5142842399895144,7.15
13.928039673547943,16.95
15.718162114153948,13.35
