{"rf": 0.005202484347470369, "xgb": 0.0023018186265651892, "lgb": 0.008282420102436983, "cat": 0.004425888559054206, "lr": 0.007401775707484719, "ridgelr": 0.009182941711643874, "svr": 0.01017445697346348, "gsr": 0.011490346782620068}