{"rf": 0.059104070176812754, "xgb": 0.037279416877362456, "lgb": 0.07574875438422882, "cat": 0.04793196106149514, "lr": 0.06013000434465803, "ridgelr": 0.075885569051178, "svr": 0.08426766739111818, "gsr": 0.09332104131294616}