pred,true
418.88733374575827,200.0
477.8455567520936,170.0
175.40470288258544,3.969924812
10.720795694598806,2.706
8.565619145044442,0.368384545
190.20492765175533,0.774
12.203290766195277,2.177509091
214.23160188257694,0.527
-45.555954003648715,1.042185455
30.89680614275679,14.66
