{"rf(k)": 0.7454876388738934, "xgb(k)": 0.742537378463102, "lgb(k)": 0.49931624437854083, "cat(k)": 0.6539115439230259, "lr(k)": 0.6155528860617205, "ridgelr(k)": 0.6129815603714388, "mlp(k)": -0.4630307691449016, "svr(k)": 0.08645732038408849, "gsr(k)": 0.18575349879695824}