{"rf(k)": 5.8177264748366415, "xgb(k)": 5.777327070162563, "lgb(k)": 7.9336797969784865, "cat(k)": 6.653480499926675, "lr(k)": 7.651392167144701, "ridgelr(k)": 7.807672263340528, "mlp(k)": 13.759226441784795, "svr(k)": 12.64468694248859, "gsr(k)": 10.169639459797986}