{"rf(k)": 91.68385160346462, "xgb(k)": 92.74663392373296, "lgb(k)": 180.3630084902565, "cat(k)": 124.67261907531251, "lr(k)": 138.49068857694056, "ridgelr(k)": 139.41696595682453, "mlp(k)": 527.0325391509041, "svr(k)": 329.08857982672356, "gsr(k)": 293.3187804892137}