pred,true
40.2304,40.7
35.181300000000036,30.39
35.52770000000005,37.2
19.8152,30.98
12.3583,26.7
14.879300000000006,12.09
34.99009999999999,42.3
13.450800000000008,12.94
15.709999999999994,14.64
34.01570000000003,35.42
19.0861,13.65
10.356700000000005,7.15
15.1998,16.95
22.0927,13.35
