Material_Main,Period (d),Turning times,V2_Ventilation Interval (min),M1_is Enclosed, Composting Method,Additive_3,Additive_2,Additive_1,Material_3,Additive_4,Material_2,Compost volume (m3),V1_Ventilation Type,V4_Ventilation Day,Application Rate (%DW),V3_Ventilation Duration (min),Initial C/N (%),V5_Ventilation rate (L/min/kg iniDW),Initial Moisture Content (%)
-0.044501603573240935,-1.9139005240318376,2.578111505789737,0.1613355132991192,0.16114103485354525,0.03907609742988186,0.009614934481800168,-0.33732883989545426,1.7561587898907258,0.28312136148670386,0.0,1.3930451871150327,-0.5282169495105439,-0.28980117200346206,-0.1353535660847834,0.9534746737864568,0.1361147612551223,-0.45443294698924497,1.0937228964501702,0.9149081137462033
0.14461386109037117,-2.1510132931430315,2.766902119795991,0.1307168378835004,0.15849768464853506,0.025366595003375826,0.019398476626963358,4.454923285693564,-0.04373573978028495,0.2546253068526854,0.0,1.4564616756083204,0.004406816784746662,-0.244976272034465,-0.04362528328400413,1.6554405774487766,0.10811731913195181,-0.44748113912265797,0.840629321677938,1.0063585561359505
0.20734012721663803,-2.2156700171397365,2.849753832799164,0.1252627003376813,0.15373219570371394,0.015596980592059476,0.019398476626963358,4.219812791239402,0.07311015256921928,0.2546253068526854,0.0,1.4241400517469813,0.05791179182000723,-0.2501070730309202,-0.03391423951209833,1.0498877805897568,0.10188741296072082,-0.3652276980189159,0.7477858007893644,0.9875699684353824
-0.01853929912795212,-2.5628368282760863,2.40176401905162,0.12204832619677954,0.14659609365408424,0.013597512173345708,0.019656359262181684,2.3022238838298366,-0.3229962959224825,0.24387781665268918,0.0,1.3883945555000727,-0.007801431686903663,-0.25224948483035325,-0.14491007377686085,-2.2911736845117425,0.09361744335819962,-0.5930878222917654,0.3393247335036109,0.7614105394327876
-2.01070094495056,-0.31048076966832633,2.904306899067913,-0.10831550051893742,0.2621998209090185,-0.016822674644170883,0.009569887825646044,-0.2154281604873155,1.891097519256916,0.3650519233540879,0.0,-1.7752196830392581,0.018386089530740293,-0.059078121008649995,-0.24771075615391508,0.2305063472426135,0.24163297514922205,-0.005065753514109477,-1.459875032623586,0.2584837883507262
-2.042250651777839,-0.2428352088804807,2.8557180279510597,-0.05920462533808547,0.22398640704502004,6.802484160104447e-05,0.019398476626963358,-0.5319888876191797,-4.9552604554237485,0.22919385508935833,0.0,-2.8686814781278738,0.5564044122527434,0.23538863776673258,-0.388667155232491,0.012267822803485498,0.15910376964644612,0.42927133201443224,-0.4887259379512988,0.4392962078737008
-1.5379697982600429,-0.009286189502031937,4.236724860962687,0.18124264661869913,0.38938330095386503,0.04573315154000719,0.02121728482003973,-0.215697175341466,-4.451417733040243,0.16180757500681167,0.0,-2.28071682744352,1.329451238203274,0.048849485717199485,0.2559196014149632,-3.974011029722256,0.13002350170190544,0.7971949000620583,0.08026447097115268,0.6897054756008376
5.81453109885902,0.7089158937197452,3.3549601597378644,0.19032316729019277,-0.6725021476228192,0.06573457702355463,0.004949617606504634,-0.3177653592552823,2.713223434276282,0.3116851415959353,0.0,0.20136405749049432,2.2522183109038996,-0.03837269545409043,0.3324435056667401,0.7022713728089561,0.39126398554839625,0.6174460312741551,0.37192640461026066,1.1046230711168061
6.01893895562306,0.5922119784650545,3.283885839508496,0.14267197964785044,0.2937374795640145,0.12656111155281505,0.006882713706727302,-0.4466306579062833,-1.151038542259708,0.2363836117364785,0.0,-0.25372083229796505,1.775510838802443,0.622345537839197,0.35725269479361915,0.6161085451975709,0.4009588556141864,0.5764419353820142,0.49608988945869503,1.0064844081341688
6.01893895562306,0.5922119784650545,3.283885839508496,0.14267197964785044,0.2937374795640145,0.12656111155281505,0.006882713706727302,-0.4466306579062833,-1.151038542259708,0.2363836117364785,0.0,-0.25372083229796505,1.775510838802443,0.622345537839197,0.35725269479361915,0.6161085451975709,0.4009588556141864,0.5764419353820142,0.49608988945869503,1.0064844081341688
6.01893895562306,0.5922119784650545,3.283885839508496,0.14267197964785044,0.2937374795640145,0.12656111155281505,0.006882713706727302,-0.4466306579062833,-1.151038542259708,0.2363836117364785,0.0,-0.25372083229796505,1.775510838802443,0.622345537839197,0.35725269479361915,0.6161085451975709,0.4009588556141864,0.5764419353820142,0.49608988945869503,1.0064844081341688
2.157512630333313,0.9853550856629998,3.6391675119093296,0.29031262121287504,0.3046867778509799,0.002128227509126032,0.009551699970255428,-0.2783401189023709,1.4758540528443558,0.3185490916089845,0.0,0.8629500873927479,0.4094719311795273,0.10548763088949956,-0.4908102164418413,0.3819031193212471,0.7057057639798869,-0.020501934896567407,0.09643513307661558,0.704218365618527
2.6354748881457586,1.4274934920864069,4.377023868138985,0.30005021715785113,0.2725916516443425,0.014332511432124025,0.009872817117018493,0.022758297419683333,1.7126446430003632,0.30923338940925243,0.0,0.8606646178356235,0.9124055906767873,0.13024767427649106,0.7385329236692669,1.6481631058035493,0.7089679498518425,1.948050303454605,0.26225460129364236,1.8473536373197372
3.025856007654398,1.4538522290132359,4.620478182964165,0.26388981551979435,0.2541542821073263,0.014442125264534976,0.019656359262181684,-0.049018652056748685,-0.04644844820678446,0.26247720606629205,0.0,1.0900353630333213,0.9772524827831522,0.06856604728039647,0.819116559496193,1.6203938263376196,0.6171393626472627,1.9474025991641533,0.3436392099728371,1.7019634944927275
-3.5472511087318104,-0.5844374348117946,2.6819223225467015,0.2662785128818707,0.15240281338571904,-0.04548725637724167,0.008060246955755173,-0.44904759174717607,2.3540499996750515,0.2809961360162001,0.0,0.822436649450519,1.0554597942059358,-0.20299526209746,0.27261082034715006,0.09666268630503792,-0.9745367710900056,-0.34006091467219896,-0.4046625165729934,0.1573263648590248
-3.0240571203779405,-0.5790752547714346,2.665788190544403,0.270647019458441,0.15240281338571904,-0.04548725637724167,0.008060246955755173,-0.4494076090463341,2.7417334727369895,0.2816593985866453,0.0,0.8368845461315535,1.273995092746222,-0.11092851683147847,0.27261082034715006,0.10985197943623452,-0.9450169379511776,-0.3079543014792405,-0.3947262206271736,0.156106717167417
-3.0240571203779405,-0.5790752547714346,2.665788190544403,0.270647019458441,0.15240281338571904,-0.04548725637724167,0.008060246955755173,-0.4494076090463341,2.7417334727369895,0.2816593985866453,0.0,0.8368845461315535,1.273995092746222,-0.11092851683147847,0.27261082034715006,0.10985197943623452,-0.9450169379511776,-0.3079543014792405,-0.3947262206271736,0.156106717167417
-3.0240571203779405,-0.5790752547714346,2.665788190544403,0.270647019458441,0.15240281338571904,-0.04548725637724167,0.008060246955755173,-0.4494076090463341,2.7417334727369895,0.2816593985866453,0.0,0.8368845461315535,1.273995092746222,-0.11092851683147847,0.27261082034715006,0.10985197943623452,-0.9450169379511776,-0.3079543014792405,-0.3947262206271736,0.156106717167417
-3.0240571203779405,-0.5790752547714346,2.665788190544403,0.270647019458441,0.15240281338571904,-0.04548725637724167,0.008060246955755173,-0.4494076090463341,2.7417334727369895,0.2816593985866453,0.0,0.8368845461315535,1.273995092746222,-0.11092851683147847,0.27261082034715006,0.10985197943623452,-0.9450169379511776,-0.3079543014792405,-0.3947262206271736,0.156106717167417
-3.0240571203779405,-0.5790752547714346,2.665788190544403,0.270647019458441,0.15240281338571904,-0.04548725637724167,0.008060246955755173,-0.4494076090463341,2.7417334727369895,0.2816593985866453,0.0,0.8368845461315535,1.273995092746222,-0.11092851683147847,0.27261082034715006,0.10985197943623452,-0.9450169379511776,-0.3079543014792405,-0.3947262206271736,0.156106717167417
1.0947211973884192,2.793820916709943,4.056799260157404,0.24671035892517584,-0.38608612564764055,0.20737171700497958,0.00491124499106555,-0.23847757619016616,2.286271238043587,0.19815902179366626,0.0,1.8617393344003932,2.6784808806901226,0.6812294090616727,0.695557425609133,1.893011171699514,0.3379755232704353,1.2828704560021353,0.24738341793872057,3.846961331295827
0.7736089204701099,2.6482162591487137,3.983053848172104,0.1799977010433568,-0.1647993779825286,0.216640442963964,0.010025489330616732,-0.33909552352299016,0.29318106157362167,0.16308700630954445,0.0,2.058253564066188,2.2910980217215497,0.728047215902885,0.7407193710132113,2.2019096171598944,0.327904555189841,0.9781792587030504,0.3603120237980325,0.6984018687955632
1.2310754925732978,2.581458763654122,4.03026420764375,0.18264037316949644,-0.09015857203936438,0.2091729637534244,0.006844341091288219,-0.308343906684281,0.12106374999067536,0.17887156106239113,0.0,1.9909210722896133,2.2888079027848685,0.8624171694711056,0.7836025337777653,1.9049382161232093,0.32845970403609814,1.2796760514928904,0.48546684350932545,3.588577611287
1.1499362414604433,2.550490958230004,4.021049065894914,0.18234036289154507,-0.08459486973427502,0.2391556447467887,0.006966057248858937,-0.21369028070844087,-0.24634819451614665,0.1735980053721387,0.0,1.8704249859205735,1.1762744110669991,0.856513869696749,0.6992055126483522,-0.31299829102410376,0.32776714930327217,0.6800289611558678,0.2211048676740028,2.9545330186351384
1.050402111258434,2.3138258507230343,3.835405418321069,0.12564294281937963,-0.42438668697815773,0.24106955095467333,0.006966057248858937,-0.2033167594175011,-0.6202687588917368,0.16655436783899133,0.0,1.9283143451385378,0.49258500203479966,0.738323065012327,0.46773418521790483,-3.7627827528108777,0.2977650355756306,0.3589637000721233,0.1622930409669643,3.0757951896522875
0.8004304435011919,1.9241190562951562,3.797265883111845,0.10906253734064206,-0.953204493296652,0.10605054390082158,0.006966057248858937,-0.3520963794604469,-0.6968356720312953,0.1357015261832291,0.0,1.963030635048433,0.15176151860311402,0.875654047978902,0.4498427892551906,-8.480051638396693,0.26237861296728854,-0.2414453434158513,-0.01215222748017325,1.5075593314092386
0.47233251734464,0.853192300009663,3.669149832282169,0.253868979195432,0.16762641702119763,0.030262465055383388,0.0064337862424716525,-0.2680039431198123,2.3643878420531976,0.33761344837374463,0.0,1.0359306363185197,0.2998599919396182,-0.16493771526677264,0.35499966710394004,1.3549614812088648,0.42043993702293636,1.360653968516521,0.7038351436235515,5.41148470809517
0.31936129700037114,0.7805507190525355,3.4558399244965403,0.23129085372959976,0.13555715634993462,0.01733895061542665,0.016217328387634847,6.499919948511464,-1.7908511120797261,0.285441815339925,0.0,1.3154602264520319,0.4587130237570778,-0.14184599065818113,0.2388946515150368,1.0952753954799357,0.34853295384226207,1.1315374387105424,0.6392807803388837,3.3980450527210952
0.5078123310242596,0.8590435540490149,3.5002182886146183,0.2541197557221872,0.16762641702119763,0.0190633800972201,0.0064337862424716525,-0.18730316072934966,2.1963022028562316,0.33340377990746994,0.0,1.0540820595417166,0.3234916500625898,-0.10975858201871577,0.30298987111148873,0.6636461747655766,0.41111749806813436,1.1028420650929653,0.6903640387549418,4.248105292299442
0.2706026419209104,0.7972880411438886,3.3224759191455373,0.2300751483168467,0.1341896229992587,0.0397436346748292,0.016217328387634847,0.19216464601360045,-0.3052635789480708,0.2882477969978626,0.0,1.312616423548623,0.39883391878171204,-0.3140292865390077,0.2296001506585749,1.263305391791895,0.387827565562239,0.8646441502018999,0.5198086592073521,3.7573851467464396
-0.15247136498366232,0.6876155942066478,3.2821316626328367,0.22251502442001167,0.1387730871183245,0.017712425268114756,0.016217328387634847,-1.006257175169208,-4.775192421684708,0.2886383832659915,0.0,1.2612280108940488,0.26897770220722245,-0.18379277237216432,0.1794126747621436,-0.3223435958358964,0.375881651122713,0.5347824278194923,0.3975970780960187,3.2722260221460555
-0.39126831007840857,-2.356190690805413,3.0444529709280608,0.07011231277933305,0.1700359557702939,0.027549008510972573,0.00918579931631,-0.36686377907391127,1.7423324877490705,0.269892562122133,0.0,-6.261474370623194,-0.6325401731412179,-0.32377030702868265,-0.3519263603234671,0.7067366284586013,-0.06216289237270317,-0.1145237901165233,-0.7244487581201358,-1.0123965086083822
-0.6480831745460885,-2.8027648316411566,3.0512351229430004,0.015233404860648501,0.11548828095276588,0.009392272720898777,0.019227224096691517,-0.2529097415920338,-0.7076059198440463,0.18929173929767312,0.0,-5.8168311679822,0.0568408931836426,-0.5367014896457537,-0.2719551170607956,-0.5197772255363149,-0.24305796311313346,0.7852591048336299,-1.1039078048059732,-2.4927262961564094
-0.9663548617979241,0.18433946978480928,0.9185026334735443,0.30869379026073773,0.2508742330425315,0.027390005856367628,0.009614934481800168,-0.26944413628277647,1.7218806407858196,0.2528530508162943,0.0,1.3187077728152818,0.45754255297919844,0.21528192455147424,0.4183442494510394,1.1510165657288152,0.6323556729876756,1.8662873819981045,1.0613276296677538,1.088023152564808
-0.7963003674992207,0.07435128387677864,0.7069380798685305,0.24443190435038603,0.17388819014378185,0.019730357212068558,0.019656359262181684,-0.1855024721485784,-0.14847439001112037,0.18308097384434519,0.0,1.5316284351961729,0.6766638185768588,0.10212180471148989,0.3293119873359201,-0.18348253806414896,0.561958989295391,2.0156575871445748,0.4514116939004571,0.9128248500541664
-0.7842112712522777,0.05783283416913258,0.7061879294095736,0.24091839845800525,0.16445695081783582,0.012333332776617753,0.019656359262181684,2.898108108033043,-0.04380499434344311,0.17748111243530687,0.0,1.5183508530402117,0.518854719005365,0.08262955926728947,0.332903461429288,-1.6936986371807445,0.5026732357687818,1.0763000375222782,0.4184546629843814,0.8919479555727804
-0.5334646046178552,0.15519555272126292,0.7504312836372563,0.18211852529924727,0.19546767524946365,0.021310907762247363,0.019656359262181684,3.1036445668412433,-0.07573470234743189,0.15744864176445988,0.0,1.5739162080346338,0.45698224740578364,0.027953966250323974,0.32173448463463133,-3.2909189533583776,0.48295345456899,0.9601116048391498,0.401161348489422,0.8509166569870961
0.42070909295641573,0.7491211013202294,3.7072787249573835,0.2755131997447003,0.19948025099711644,0.02362014353345926,0.0064337862424716525,-0.2789469405819592,2.36740731101327,0.3295018872926944,0.0,1.0432791657574192,0.3893724707824809,-0.1321041250301159,0.38012353604263555,1.3306229663298224,0.44875862112519943,1.418953511883575,0.5125511678505726,5.634588571250295
0.13062283941698302,0.7318665310560404,3.4806536637608074,0.2500330780224968,0.13360740604754182,0.01192820299175417,0.016217328387634847,7.71747023624876,-1.616178664200871,0.27128998918976016,0.0,1.2664594885433644,0.5492475933753846,-0.13783898971978792,0.23725187968743944,1.163648009639113,0.3767536640733526,1.188963551299901,0.5325149745006362,2.441875594931162
0.07506138070482463,0.597156826638621,3.3458727925835166,0.24117014181193955,0.12838490832288194,0.03384606930407504,0.016217328387634847,-0.6175219335949802,-0.4528028593697255,0.2737425977422065,0.0,1.2335841738250541,0.4140181622180383,-0.36927221188863973,0.25148519446416345,1.1024463145419328,0.39589221539249686,0.8408417610186539,0.19872772485207696,1.9989202433977864
-0.4617761459843164,0.5086617860856523,3.361331008550037,0.2376944159832927,0.13296837244194773,0.017636793915179333,0.016217328387634847,-1.068843591403875,-4.295629021950185,0.2747679885718786,0.0,1.1935847210359318,0.2841671633737994,-0.20954473147138333,0.16766216309376922,-0.33780481569150655,0.37981070411813755,0.466634280430347,0.09887623376861981,1.5072588900820598
-1.1467839447197854,1.7287803684198362,-1.9579501120597298,0.3184242517253957,0.5005980722548903,-0.0500648249284609,0.009551699970255428,-0.3030753800391167,1.731518736816219,0.14979429316276166,0.0,1.0230424224362344,0.10884545498125167,0.28205394719197174,1.2526644614936064,2.052575701154228,0.24986186018245038,0.9350334582930293,1.0645162121084897,0.8295383125400625
-1.0380452903455382,1.5852668868639561,-2.0375996715438585,0.2914201338130282,0.47678180826869565,-0.030473240326383186,0.019335242115418618,-0.3802265399929451,-1.0335443924116272,0.1281320493422672,0.0,1.3835202124481392,0.04816608521908166,0.1967763581561364,1.252604333926196,2.7675222080793658,0.7398136129006468,1.1952805063111753,1.2294087160186238,0.9586022742233828
-1.1154219754322656,1.4705123762235734,-2.327808112737414,0.2914201338130282,0.37967740537694267,-0.029742725851370357,0.019335242115418618,-0.404980575962237,-0.9684148037267306,0.13251839355932665,0.0,1.2570085254864274,0.058381515552837965,0.1279456466412572,0.8838603751907812,2.395379155852459,0.19162120700264312,1.0446079151486016,0.9562022476944965,0.8358957893733595
-1.318574688102992,1.4384026568742916,-2.4904386678704493,0.26929887792351387,0.3710977745561554,-0.03140130261152231,0.019335242115418618,-0.41789204759025517,-1.9258926255296158,0.13621991158740518,0.0,1.3838350445883445,-0.006428370336906841,0.13231742371175967,0.9304461117916489,-0.23269643645447438,0.6739401258604218,-0.4274985937240425,0.9159330542544543,0.3463030266063548
-1.6768474941550324,1.2495422826916902,-2.820514170635452,0.28819772938933985,0.2693456793885232,-0.03472177379831757,0.019335242115418618,-0.4040437844075875,-2.1374180612833764,0.12849899144647034,0.0,1.1300559346657533,0.0012609810449822874,0.09309700595907748,0.2627086849602054,-0.9666979524305339,-0.6168395252002439,-0.812523900768626,0.7957078314437009,0.10314871042374303
-1.3954854890241635,1.4373550502466068,-2.8380065000522707,0.253579923401388,0.315692830929735,-0.021385245250166874,0.019593124750636945,-0.3048304336269541,-2.1594828458497597,0.12313483350770847,0.0,1.3727612531420668,0.04716022856961492,0.2331118025269958,0.7463041767959178,-1.9118555749810726,0.6224054971758636,-1.1880772995216466,0.8101863207441403,0.1152762828827582
-2.5169381591788262,-1.4469919445300787,-4.298442161179922,0.2500321798263922,0.19774509275176883,-0.07091901813536346,0.009551699970255428,-0.47389692149569396,1.5755541923430765,0.1221513971208454,0.0,-0.06968311373387827,-1.4467307019832394,-0.31691328149293385,-3.546796688232861,0.7236572315075331,0.24268149861201868,-4.036722499291634,-1.779523451618106,-5.933841633972093
-1.8764509352114616,-0.9613022955656851,-4.6962567404020295,0.1911399133052583,0.16676804837532158,-0.025277652876829,0.019593124750636945,-0.45845954632783875,-5.2341410313287815,0.05741058661409188,0.0,0.49517304862469125,-0.423582817495743,-0.9464544951287284,-2.861300365010989,0.9715732871821028,0.25865820617672025,-0.8689049945445446,-1.9403198714043155,0.5119417140149827
-2.205958254847118,-1.0020386164555857,-5.428275008240127,0.07850040798333097,0.051356478860410885,-0.0019136537085976963,0.047336171410056395,-0.7591614561357162,-6.062178150291039,0.013840857049977508,0.0,0.41728162346470205,-0.6236613192935663,-1.1921650352592372,-3.5035973350105696,-8.892044077385872,0.031896194614517426,-0.6566965215428434,-1.8328936231722655,-0.5078197595960797
-2.220582886563207,-1.0020386164555857,-5.4285570380976536,0.0711922064622938,0.051356478860410885,-0.0019136537085976963,-0.5403646511454889,-0.8341433134991576,-6.109140325178845,0.013840857049977508,0.0,0.4171068569301909,-0.72582537852302,-1.1921650352592372,-3.5035973350105696,-8.898343477937663,0.031896194614517426,-0.661624280839935,-1.8336635265096342,-0.5411961967088961
-2.220582886563207,-1.0020386164555857,-5.434550989322791,0.0711922064622938,0.051356478860410885,-0.0019136537085976963,-0.5403646511454889,-0.8341433134991576,-6.109140325178845,0.013840857049977508,0.0,0.4171068569301909,-0.7398284629723328,-1.1921650352592372,-3.5035973350105696,-9.00935741758227,0.032165206080486175,-0.661624280839935,-1.8768425330852914,-0.5483346200969614
-2.2102216954298446,-1.026531412559248,-5.308790298588538,0.07312334905499372,0.040070188232752275,0.012428958401992065,-0.5462134700806696,-0.8897966511106327,-6.116950124260677,0.015471403658764342,0.0,0.412648957712475,-0.7323129184104351,-1.1921650352592372,-3.4408005889251614,-9.149460588096623,0.031458486900292654,-0.6620384897040089,-1.8870138986103349,-0.5503247251576887
-1.0826796588828516,7.098845862995044,3.76936921522095,0.26951283540421944,0.3838050709781566,-0.025523043726394787,0.00812348146729991,-0.25461955303980205,2.126617274109804,0.2506706475646456,0.0,1.5875232251292664,1.901619594308867,0.2127753035294478,0.9340258263708857,0.9835172568870162,0.6683669884540571,0.131625756668701,0.45509551350989536,0.6263483434332909
-0.9396581488198098,7.247872701783387,4.17605311323294,0.2150699644368977,0.3049100227462171,0.01532835476184689,0.010314460202740905,-0.3729429390268633,-4.04203853228354,0.17404894755811381,0.0,2.1033869886563292,1.3454259605898147,-0.021003160284772962,0.0019419677034965732,0.7711944936213735,0.5414196188494705,0.5900160747901215,0.6567502635951709,0.8630018871373346
-0.8690540206452707,6.767448232059827,3.937488141671886,0.23152668674732885,0.2735354348050678,0.006722811681263244,0.010314460202740905,-0.21861856452236197,-0.9848138621358321,0.219379211590583,0.0,1.5740002445926229,1.6625811474800902,0.239255672099392,0.07274215564389627,0.18079857392131524,0.5815106940332657,0.8263435522682955,0.25044566180623046,0.9932661596138079
-2.634015614286615,-0.544325085153807,2.3917183210351136,0.20974643547145763,0.08839907646793846,-0.036837137504373264,0.00999334305597784,7.740989988881971,-5.15466475080471,0.16009656383467047,0.0,1.7961071459054352,0.5882124085248058,-0.4942814132467033,0.19243135729010494,0.5359717368635416,-0.6473064673580358,-0.11063161100768198,-0.14067341146858636,0.20340685267884734
-0.9300900529123264,7.3620632235476995,3.727524651469111,0.2742877727167861,0.4012841654713716,-0.02420678716304549,0.008060246955755173,-0.2574291360741292,1.98895798436819,0.2490808603746145,0.0,1.636650155039507,1.8648644450942962,0.2814474892296489,1.0837006528886433,1.3804626488158125,0.7378838907092493,0.30002289140023153,0.7361475492333153,0.6894266336214682
-1.1370195895779756,7.585874314471454,3.883437297215612,0.19099851877696214,0.4498313474263072,0.02357075701784059,0.010251225691196166,-0.3540332338321671,-3.448695939408628,0.1786692161582533,0.0,2.2734224370036014,1.2740091262218278,0.10866661486241905,0.55983157066555,-0.055800690485015236,0.5823226676237651,0.37012908489289986,0.9623070239809558,0.22905372188318848
-1.0402467218858167,7.362241559166654,3.6959140897736122,0.2088559687160081,0.35775387843552653,0.009699618217652257,0.010251225691196166,-0.24352835236851864,-1.072954843616615,0.21699576303141765,0.0,1.7458078336701937,1.4511584740659291,0.2742368807604507,0.7009781015201568,-0.7173696375296222,0.5966672108810198,-0.06891571675028614,0.523208940571002,0.34857859396249696
-2.634015614286615,-0.544325085153807,2.3917183210351136,0.20974643547145763,0.08839907646793846,-0.036837137504373264,0.00999334305597784,7.740989988881971,-5.15466475080471,0.16009656383467047,0.0,1.7961071459054352,0.5882124085248058,-0.4942814132467033,0.19243135729010494,0.5359717368635416,-0.6473064673580358,-0.11063161100768198,-0.14067341146858636,0.20340685267884734
-0.8848644226176174,7.48117674568962,3.5540541686841536,0.2743663256004417,0.4142433247926804,-0.018263672245615217,0.008060246955755173,-0.25755818893010063,1.9121790913862575,0.24420818888574744,0.0,1.5920914690718533,1.970869702897301,0.2912169338020889,1.1181065126830725,1.42659361140792,0.7440330099422668,0.1220694154788958,0.6827781747236404,0.7391823823542921
-1.0696464537969221,7.949263721991004,3.8584903900128436,0.18628118649044031,0.6628357018348519,0.028678198900906057,0.010251225691196166,-0.3146515719187307,-2.9887993608152597,0.17512931624977804,0.0,2.21148111187183,1.1825932023854078,0.11499097508337114,0.9166540701994348,-0.234648187239637,0.5928365044946785,0.35561596127526246,1.231806445663008,0.2396847936810934
-0.9717388608189205,7.783617766986599,3.6754272429972032,0.2057766770560264,0.42036826578281894,0.015642733135082524,0.010251225691196166,-0.23762249029869728,-1.1618985254694454,0.2018783574589951,0.0,1.725069137370288,1.4222860488548172,0.2840063253328907,0.8407865376749682,-0.8801334133867567,0.607230942750026,-0.15383255838466126,0.49044837899235444,0.35354040144587157
-2.634015614286615,-0.544325085153807,2.3917183210351136,0.20974643547145763,0.08839907646793846,-0.036837137504373264,0.00999334305597784,7.740989988881971,-5.15466475080471,0.16009656383467047,0.0,1.7961071459054352,0.5882124085248058,-0.4942814132467033,0.19243135729010494,0.5359717368635416,-0.6473064673580358,-0.11063161100768198,-0.14067341146858636,0.20340685267884734
-1.3617123639884867,-1.409270808627044,-6.068592447567837,0.22304374907707972,0.25623160772704434,0.03706436470028305,0.00528851258713076,-0.34476216155381423,1.176638401931953,-1.4461723549267882,0.0,0.588348644545426,-0.6583446918560018,-0.11067073402871569,0.050175958612773235,0.7963121447392667,0.09475254638666283,-1.2233906350310373,-0.5753582423354889,-8.959599308425453
-1.016738616963662,-1.4963885618530057,-5.652664514287208,0.25175461195748067,0.2905086427452511,0.03706436470028305,0.0064337862424716525,-0.25183196137313113,1.86352482466865,-1.3625065830936622,0.0,0.9204027461432189,0.3771835635822084,0.10740239751765213,0.31872664949182394,1.3357768956327272,0.5615855853725015,0.36458226620766077,0.16181453203734467,3.4112327326551237
-0.9878135944281995,-1.1826303855841613,-5.282678452940032,0.28119022056704385,0.2933238442820253,0.035209502224923965,0.0064337862424716525,-0.329618509825211,1.8790331553368325,-0.4962979347409766,0.0,0.9340415229430443,0.38261854085040997,0.05353053981355131,0.31405161595944014,1.3089899120025539,0.6304278576295904,0.6941398703784979,2.991373686570921,4.128302475711475
2.147664282072007,-1.7683037249418743,-4.310159226551551,0.1961814872588493,0.2270637026537827,0.02239649878836792,0.004476917958973565,-0.32951851861274606,1.1811139077340225,-1.7961067506405424,0.0,0.8019406474771997,-0.9888932603245533,-0.1117296952465,0.025095631112913498,0.5761434712116023,-0.0984843022316319,-0.9779584720045832,-1.1119084846671192,-10.320329941769826
2.2029720357695632,-1.592458624597503,-4.036053374627066,0.2102323330580336,0.26056779217734294,0.020402834272205326,0.004476917958973565,-0.3186243313713729,1.4972010574450318,-1.153092387006893,0.0,0.8949170482368789,-0.15832143137475882,-0.10337517645988722,0.0818533228966518,0.8602370894766429,0.12513439954349748,-0.4248663153676192,0.9248065186255252,-5.424239855156472
5.023396231121504,-1.1694749354706626,-2.3517467033855985,0.26265704729933814,0.31408893681808314,0.03298575473195573,0.006441070621004889,-0.2935146682205786,1.6984777444942767,0.41870271235617185,0.0,1.2714376917203554,0.2251780103995683,0.02883343980836804,0.39749299937918137,1.0765175956775954,0.426013599608811,0.41429187231226344,2.428298775072647,2.450049865938243
-0.673259556698211,-1.6270258258507033,-5.439907899757498,0.2415732750779266,0.2849951744511048,0.037108608486097094,0.0064337862424716525,-0.27663784953217646,1.732364545015538,0.08097972119387269,0.0,1.132530177286397,0.758948919489118,0.13814070670331532,0.33602789010236095,1.3298760891238999,0.5513444783407524,0.5175968847388182,0.6473383395943465,3.284284678659414
3.0126884660161175,-1.6468472790996882,-5.7206909842789075,0.19675714266807298,0.26002884224731454,0.022335443510112105,0.0044136834474288265,-0.3255518549237063,1.2546436566496986,0.20145230093892835,0.0,0.9557526843854687,-0.8662661369301574,-0.0635658476149816,0.12011045283784652,0.7613161885279404,-0.05920607398146461,1.0029954486614339,-0.4001197165758239,-7.66714930898033
-2.534532521891925,1.5874966088998086,-0.16578442787794895,0.1320126838882264,-1.3029943213483692,-0.5286685327875673,0.008029158718849325,-0.2594802732153309,2.68990834451978,0.19271712948003006,0.0,-4.425005552470537,0.3822250931475771,-0.10903583295905457,0.20343266091582876,1.2192816827625717,0.018982418176596346,-1.2384392921889462,-1.0388433931851981,-0.9283721163398992
-2.3307429296327227,1.4362592246139447,-0.20511433887056815,0.07269484186627376,-1.177360676663613,-0.4292637602544327,0.009962254819071993,-0.4173924785669881,-4.705849651043754,0.11728299332744926,0.0,-5.812732943529575,-0.6611731659873187,0.1688479750307737,-0.07886931695471212,1.6445704419507488,0.02215443220124151,-0.47079899694124205,-0.45861679123976534,-0.7630965562237342
-2.3122280521373106,1.4496072875595827,-0.1688550030826735,0.07269484186627376,-1.177360676663613,-0.4292637602544327,0.009962254819071993,-0.4173924785669881,-4.700961718156237,0.11859594148800226,0.0,-5.7996236208226835,-0.6611731659873187,0.16919178301059395,-0.07886931695471212,1.7118174002245132,0.02755243733473932,-0.4454288479171957,-0.45039904943707476,-0.7516354917039167
-2.3130074352418872,1.44671907071378,-0.15524020252826506,0.07269484186627376,-1.177360676663613,-0.42079171645800445,0.009962254819071993,-0.41667794564370264,-4.703624344114565,0.1187094618729128,0.0,-5.7996236208226835,-0.6602446576044747,0.16919178301059395,-0.07396166568211918,1.7399374002129633,0.02755243733473932,-0.4454288479171957,-0.45039904943707476,-0.7352533475070981
-2.4227866048492857,1.771935437078854,3.1557154433586545,0.1494310581314851,-1.1560583143826215,-0.17943052630156436,0.008029158718849325,-0.25736027640042053,2.8742519580963677,0.21340445519734796,0.0,-4.091214260527411,0.8869057900528885,-0.10610237584664914,0.3640162488448558,1.6298739759093164,0.09397183860269709,-0.5955729114613569,-0.44313167256184977,-0.05376256844061227
-2.2988297874459422,1.5740937864925135,2.561906117692413,0.08996585845490215,-1.0949273843853609,-0.23824674275733843,0.009962254819071993,-0.41757722789427665,-4.9734383055896325,0.12260744011820593,0.0,-5.503260309241618,-0.45505448335214044,0.20304267422815397,0.030103638865137564,1.8805778475055575,0.058787353545726694,-0.21644632266236716,-0.005539077079431083,-0.47326479044183106
-2.352551945576832,1.4078084301211085,2.592492061372739,0.08138051418343063,-0.9959274961530927,-0.2360135133249327,0.009962254819071993,-0.4091067869258192,-5.010552703352112,0.11988205117292304,0.0,-5.632621732120258,-0.5203351405822129,0.20049553773966183,0.03453287331674363,1.206821835581861,0.043344092150576025,-0.24921240174098813,0.0019739368402209275,-0.44737375144106784
-2.465951036173622,1.1558830864352465,2.567983069709599,0.052295066569329085,-1.4981326395070358,-0.42587899991591704,0.010083970976642712,-0.3436417248483553,-4.839903221311494,0.11225283407199917,0.0,-6.112246968246077,-1.951613536692729,-0.03335263577766425,-0.3754368948476768,-3.3074336366658565,0.002656636656850532,-0.49297089504349023,-0.24140017189679833,-1.1143675438403309
-2.3976945218090426,0.7965844006306151,2.5644918834602652,-0.005832094408164779,-1.7934598238396406,-0.5334157450965448,0.0116767667283193,-0.3596156447631373,-4.910881681365651,0.09401325895484357,0.0,-5.994356366247399,-2.3855908007074103,-0.026818950180071466,-0.46581603321923676,-8.274014008853511,-0.012674862664709328,-1.0346387360411031,-0.5800893656497601,-3.2211480609695284
-2.2986916694369333,0.8948045164561491,2.448206296162832,-0.011363545274478304,-1.5225389775752878,-0.4529692945784973,0.009935895051997243,-0.3243284001264849,-4.6704697033991085,0.07896376022223606,0.0,-5.618039160120562,-2.0170764255188782,-0.08213059216800953,-0.42418807845042433,-6.470135327457612,-0.013148422543247457,-0.0238437169681289,-0.28795415358562176,-2.373749319821597
-0.9360244499760226,-2.3065103327667766,-3.0445460066287997,0.21413709136991857,0.3466826654251643,0.026797225600508748,0.009551699970255428,-0.30631382140906754,1.5147302161266216,0.30882796136355334,0.0,1.0829816939702714,-0.0007668987515939037,0.22732552119042182,0.4984887777314655,1.5043340783778547,0.5843423283542207,-1.1370919715817602,-0.5321086363378125,-2.61790288748571
-0.7974901143123798,-1.623229497401768,-2.6736752894637914,0.21413709136991857,0.3466826654251643,0.035794843693819,0.009551699970255428,-0.3022149077204535,1.5262805006026123,0.5773902145053292,0.0,1.2541673584992745,-0.02276352711002091,0.18837031953032696,0.5918536455850546,1.5904767193982912,0.6021639962053843,0.041903811535835424,0.6406052845661149,-1.6215529369683446
-0.7957010584407066,-1.2978958949137507,-2.968498202062879,0.231498779907638,0.35655957668731725,0.035794843693819,0.009551699970255428,-0.2874970623346819,1.5942786608286157,0.6253108251175166,0.0,1.194910572344241,0.09235359769467245,0.13775032650012506,0.6084791947486038,1.5867552829346387,0.5514526935153052,-0.16608708853812582,0.6646390034757662,-1.8157146931725732
-0.7392991978192304,-0.9773555036004338,-3.405066291229925,0.22293257999166619,0.438359563238353,0.05876680000207048,0.009551699970255428,-0.29786543437968543,1.5652152988098196,0.7241023716145389,0.0,1.3272852936942614,0.5448035161741499,0.12165846472136,0.3991792880997418,1.5093013263952522,0.6084698081284771,0.28226840136129283,0.6803827713686751,2.300135357584589
-0.8799379994740507,-0.9487912071438995,-4.032775267523616,0.21992824792187018,0.4133443596875681,0.05282368508464021,0.009551699970255428,-0.30431323193809257,1.5717156708806213,0.6086241286217241,0.0,1.2801090089236962,0.3947027961211735,0.11493685444933849,0.4066454098290475,1.448239283432149,0.5918572898661435,-0.31499844580121256,0.5079014478041102,0.8221156969820436
-1.1922256319484044,-1.4424455577447546,0.0827711623955951,0.18557744313134036,0.3119805510989692,0.06567073954851606,0.00951515665119911,-0.29376348089269694,1.9533042211545253,0.28070821993286765,0.0,0.015126128782714503,0.9756269950177391,-0.1573670635788874,-0.17174773997273152,1.1012863690559211,0.38607821925561764,0.12915293737003536,2.785382135956274,0.6507643187479812
-0.394237023553827,-1.2384631467549048,0.1436581761243988,0.18882447343281972,0.26510493652998196,0.05960639746577599,0.00951515665119911,-0.23446397964612287,1.9415371993512156,0.39153246447526874,0.0,0.08567164433897899,1.609487578722972,-0.13626582823936403,-0.10089696118785543,1.2197060082299274,0.3670513404178983,2.0648013523162083,3.7334531415762098,1.7061775398000676
-0.9491007723602329,-0.8350190057527652,-4.716768503438477,0.1984041211143301,0.3479547604579175,0.04312631244933945,0.009614934481800168,-0.2303036706502545,1.868051570559179,0.23861201945135063,0.0,1.2818107689098228,1.6408073333477902,0.008792498199839393,0.2864629863984542,1.492829033910915,0.4945823856643299,2.3125236439893757,3.96734449481569,3.7488355923727643
6.308642717592364,0.9620879909014084,3.263551950434665,0.19737189975459232,0.3464762961588699,-0.007272495725455428,0.004949617606504634,-0.3523561227656215,3.7001965212506445,0.3806506892392601,0.0,0.8778821515462849,2.537827136217393,0.2590895967163849,0.27187643566123637,0.563396351779752,0.3360128745171034,0.7980161224645757,0.41398358663459395,1.001959721244456
6.00553145166573,0.9660503519477952,3.246715061939808,0.19812205975678746,0.3464762961588699,-0.007272495725455428,0.004949617606504634,-0.35368319659436676,3.8604663921057507,0.38004134874467,0.0,1.6596195364774309,2.4700594758244905,0.1960771529185258,0.27187643566123637,0.550037010312829,0.3160607209431144,0.7743304609623096,0.4119686511193454,1.004756275406639
5.964706696455579,0.9632166171295563,3.246715061939808,0.19874179919713075,0.3464762961588699,-0.007272495725455428,0.004949617606504634,-0.35368319659436676,3.7833473462020457,0.38004134874467,0.0,1.5814322728464774,2.451546189842953,0.1960771529185258,0.27187643566123637,0.550037010312829,0.31274098062097305,0.7688861027049428,0.4105746285148809,1.004756275406639
5.967451584411359,1.0365087565865123,3.0881097329915828,0.18847614999675782,0.35170233571411696,0.03452638331596957,0.023391051974607016,1.087912791646615,3.911390612465387,0.3525679308802373,0.0,1.7256860126753886,2.4958815386222986,0.1805002847827388,0.5110138879753295,0.7155352423585132,0.3130495695318775,0.906018336563455,0.47973127130399307,1.0765704790775084
5.327509999105574,-0.06756504826548394,2.9305481885897016,0.24892235115620462,0.18767727341828905,-0.023493824874817097,0.004949617606504634,-0.380076522244538,2.9490766541603874,0.30205887558633876,0.0,0.432448374571211,2.034931847252223,0.08460376590003352,0.3022674743115487,0.42183120539971297,-0.2652385978393896,0.507319454447114,-0.17566556489537885,0.9439297002644736
4.795210554040552,-0.0651663186728292,2.909254965085643,0.24781153054596755,0.18767727341828905,-0.023493824874817097,0.004949617606504634,-0.3814035960732832,2.2328928596527193,0.30110867245832856,0.0,0.3377320941395857,1.8243818116256247,0.004302059294040805,0.3022674743115487,0.3815703958217761,-0.2955467116359144,0.45442233037018076,-0.18046058439372184,0.9293230341999142
4.70898506528995,-0.06975855840330976,2.909254965085643,0.24996586288620848,0.18767727341828905,-0.023493824874817097,0.004949617606504634,-0.3814035960732832,2.195041205052831,0.30110867245832856,0.0,0.298812221812448,1.8267043604421045,0.004302059294040805,0.3022674743115487,0.3815703958217761,-0.28974923160217014,0.4435545070713355,-0.18291910316538865,0.9293230341999142
4.905174185334476,0.010740565310968649,2.879153928802566,0.23816562078593795,0.19290331297353616,0.018305054166607895,0.023391051974607016,0.9647132402848527,2.283817080012356,0.2834839830424471,0.0,0.30831941845469624,1.8502038744234328,-0.01127480884174621,0.5421623848423763,0.5473480703304513,-0.28919017590809404,0.5861102059713255,-0.10632370756405654,1.0011372378707835
6.181650716005228,-0.017121076612493527,3.1503535171850894,0.19573462918773565,0.09193863258242056,-0.024842953486921657,0.004949617606504634,-0.36601554593341273,3.8527104876620846,0.3744453468968116,0.0,-5.399900851597381,2.175031732013977,0.006192442570841153,0.007069823155874001,0.3716884078459424,-0.3899994232665261,0.4574641012346078,-0.273633240504122,0.6951907665188296
5.6141113584906845,0.007991844004613604,3.130350165585878,0.19386818076702983,0.09193863258242056,-0.024842953486921657,0.004949617606504634,-0.367342619762158,2.458591013240242,0.3711498254466538,0.0,-6.1725528119431825,1.9058803495662697,-0.07814628227029709,0.007069823155874001,0.33274902625641584,-0.43962193894385926,0.40480447179084583,-0.2869828425700223,0.6744533769718603
5.690457499811959,0.011717446003662084,3.130350165585878,0.19448792020737313,0.09193863258242056,-0.024842953486921657,0.004949617606504634,-0.367342619762158,2.7915579672201276,0.3711498254466538,0.0,-5.840654075690543,1.964823729494073,-0.07814628227029709,0.007069823155874001,0.33274902625641584,-0.41717498441893197,0.41114162305636104,-0.27765652541176544,0.6744533769718603
5.576031491236313,0.08569066364315278,2.9750239089835633,0.1842222710070002,0.09716467213766768,0.016955925554503336,0.023391051974607016,1.1501976982843347,2.5095152335998785,0.3436764075822211,0.0,-6.030542005939713,1.9317024123640776,-0.09372315040608406,0.24696473368670147,0.49852670076509104,-0.43326540321603885,0.53649234739199,-0.19044178890035504,0.7462675806427302
-0.14349377773458022,1.0319571639888474,-5.635023739693336,0.11312595402547708,-1.330818630627421,-0.07991862383992496,0.0045613034116996935,-0.24876519846889167,1.3436812416317345,0.10868941146668014,0.0,-2.378079346549471,-0.7682996042260423,-0.01581188168462892,-0.13841173679988186,0.8666208493639522,-0.19661225739046984,-1.9348457522791045,-0.32076907992851766,-7.913947311758923
0.08092249311813306,2.041644616130606,-6.928217737048184,0.1589389692675888,-1.1205643016756517,-0.08194058214577711,0.0045613034116996935,-0.25195931785131037,0.9873775706933067,0.08852229790334311,0.0,1.0357385010718143,-1.0389285625337703,0.2103704187029975,0.23668885990591415,0.7863298787206505,0.044175262423500644,-1.1592786963406434,0.3006821313191881,-8.164622857717665
-0.09863388228810621,1.637253217230945,-6.629298610177456,0.18404412031889028,-1.480361303592821,-0.05909020808998143,0.0036864742719977584,-0.2810067136218266,1.0880525233896303,0.13458249088232643,0.0,0.7882784915007303,-1.0205961593082422,-0.004682371565496266,0.29149401068053016,0.7862217578155624,0.03503073492428451,0.4364269356692705,0.1423260173945646,-6.964337956026664
-0.08106715164216187,1.6714452816198488,-6.505586252742365,0.18220310165132345,-1.4500843293573755,-0.0576391759327696,0.0037497087835424974,-0.2725522162092127,1.0956408968879519,0.13015227390102607,0.0,0.8213834930117411,-1.096249076499088,0.010578926894740225,0.20119461336718564,0.851366067488941,0.014145328456022024,-0.15478705276823762,0.232982871071064,-7.441346342436422
0.2405156875196285,1.6439407379067807,-5.449318190927991,0.14342658223956453,-1.3494537988334108,-0.05228873448318365,0.003586696441396701,-0.24847642449489343,1.438419450409624,0.15128959221412555,0.0,-0.7039012707149348,-0.48235613906942476,-0.1425452384578257,0.23413801519613262,1.0280608944802703,-0.2236033061930485,1.37229143154989,-0.2757922453186231,-6.113591526182031
-0.5261490831989202,0.7224683402905088,-5.270212456664554,0.03194690159090614,-1.0930006229970715,-0.03186292380771557,0.006126641495510739,-0.29968085817831985,-3.8275064921057296,0.04003695893729546,0.0,-3.1774554060932636,-0.39159463199753913,0.21465235501107321,-0.22144245807299753,-6.994967366348953,-0.37695171818096956,-1.65080250216761,-0.13494170183443263,-5.271156159625334
-0.211002468855523,1.4187046534597991,-5.993320901495909,0.11565710989351818,-1.1763169234671937,-0.05003715220293321,0.0049501388590118805,-0.2765397657436218,-1.9810749822967517,0.09459668095616544,0.0,1.3621245213760174,-0.43766824804138843,0.2768055590133279,0.2672059677196685,0.8182616556661478,-0.10876377053283627,-0.16122919201205532,0.7043252100013913,-6.378496583973717
-0.5912757054206831,1.2754079410169659,-6.315601755700107,0.08644889298836007,-1.2861221312858706,-0.03365010312103009,0.004929971781576756,-0.3054740237134885,-2.5288299543203756,0.07594755701823049,0.0,1.433563066680866,-0.4277772143940609,0.3797333408161043,0.23513831171262428,-3.903418162856452,-0.17914481081185898,-0.21829364340316773,0.5378606479967686,-5.971484243572028
1.5603983156700274,0.21729463360889315,0.7565333224245815,0.19415177701920605,0.2248587245297231,-0.02751892095992902,0.01654572991293115,-0.1314702276303154,-0.8517476782973145,0.2348986405370722,0.0,0.7370104325258359,-0.04501155902354996,-0.08331097210193024,-1.256134055745226,-0.15497775775601097,0.2824997749280979,-0.897925610090341,-1.1778967914117962,1.4843742000299207
2.8191779094192464,0.17877047984204053,1.6597909424421144,0.10120712067789145,0.2307942971049499,-0.02080610996855209,0.01654572991293115,-0.13818922565257097,-0.5205373734430145,0.23957133118173188,0.0,0.7387488430504351,0.3721651827869002,-0.10332063661252651,-1.0202589768538368,0.059614135698709846,0.27380203370262146,0.4684587667723131,0.26545311218887874,1.5322073241640615
3.1657024927124504,0.3312655133403955,2.5395611053496867,0.08750884933207384,0.2767663504183932,-0.0009313345883508536,0.01648249540138641,-0.13298871920236582,-0.2893330300956826,0.2517703612851815,0.0,0.7954573795044176,0.5561437081389403,-0.06861102602106743,-0.6306491677256961,0.6845520967815987,0.2548937228047317,1.771045014914659,0.9299715962222633,1.0690590184410547
2.1741352470502036,0.261961638667222,0.5553255945888106,0.18705251972378156,0.1806273273780301,-0.02981299587708105,0.01654572991293115,-0.16481536848616443,-0.8031676108505247,0.20659777250299666,0.0,0.71846092936211,-0.19629503330996464,-0.11056486692356417,-1.1407224532148,-0.6278803462296781,0.359826247980458,-0.31520038526894506,-1.7398425294280722,0.42192807981792746
3.2135959879590845,0.3861640091692394,2.656725833761851,0.15657613363503964,0.22659938069147356,-0.0021900795778255944,0.01648249540138641,-0.1352808209292865,-0.28554510850462217,0.22356045934613297,0.0,0.7431154904803705,0.2748499023490051,-0.11523439944170036,-0.8313145936091817,0.4370970813522444,0.3158087888238922,2.450355695608284,0.6116326148309742,1.1979349289880692
2.0826650535858886,0.37566189697166597,2.224015512907105,0.15909417422999653,0.17469175480280333,-0.022969639411460116,0.01654572991293115,-0.11452113401312655,-0.5105994364668935,0.21108321639704183,0.0,0.7359807483571923,0.09693930052963882,-0.12486550917979052,-1.044030966172127,-0.13067552566978655,0.2581468915093718,-0.7040765757567463,1.788975978139554,1.1835230795640541
1.1443159791177409,0.5322516523603009,1.9471261347437938,0.14908181817687996,0.19741090148814172,-0.019891313058295574,0.015600381883151234,-0.20432701298169376,-0.5891028065842303,0.25688136602618356,0.0,0.6694566444596899,-0.22683473829896525,-0.18660316635852028,-1.0440109237492303,0.20256891014001435,0.2934742938669436,2.1423320869743105,-0.9751344534941764,-0.7627662181412546
0.5543993006437602,0.15194716556830284,1.3683295357424925,0.11448183911328974,0.14437738658738913,-0.03439234655565147,0.015663616394695976,-0.1717477238518808,-0.8152066256971535,0.2536175382077277,0.0,0.5883062388326983,-0.21137201497336716,-0.23760301814924492,-1.5900783989858636,-0.34877557788821967,0.17364322229872045,-2.2050535630547063,-1.0970691777786894,-2.23879410294977
1.249174380459479,0.37365673854426784,2.459540401242828,0.11091053041389096,0.1503129591626159,-0.03426180108140748,0.015663616394695976,-0.1600299244272369,-0.5933036235244616,0.2699076248800699,0.0,0.6431433643976149,0.10357828253585534,-0.1971487987157899,-0.9602467209918228,-0.052813095055938036,0.22526364825522271,1.238240790585347,1.718435804304885,-0.8830059106984915
-0.9164720475648925,-3.3404871066079727,-6.099992487288775,0.09026149179070979,0.13215109129894442,0.009285673167437229,0.0033969493455986927,-0.2264314638754743,1.5043190737504974,0.041900098745564544,0.0,-2.8996234661521676,-9.024121731070649,-0.4350042043882472,-0.29766427611975993,1.0819232577089266,-0.44020364471417095,-1.4154758873010647,0.2173618651911035,1.618532276839387
0.08930437184684223,-3.2081310071006146,-5.663602354254326,0.0923151488183765,0.18462475494537206,0.014226413061087077,0.0033094329926234966,-0.2846678106831077,1.2932988558657812,0.003334941594803904,0.0,-4.327089575890293,-9.106735795927339,-0.42351187610218194,-0.26387614039679647,0.8810933006034999,-0.3098883771505678,-1.5770690368760758,0.10543668226164739,-0.5474270869258403
-0.7734546444589165,-3.1626117728095577,-5.806334879404374,0.09049176281726704,0.12804332581568084,0.005719711613431213,0.0033969493455986927,-0.2895613585282725,1.395221658937675,0.033568759760599066,0.0,-4.185860745098138,-9.1234949170134,-0.4349945746601064,-0.2352945883468199,1.0260495055924084,-0.307030524600801,-1.1243084744044398,0.20268584298885,1.3136912238938856
-0.042626474215464984,-2.9311506942912136,-5.730711378679207,0.09460321363550706,0.12281633115222859,0.012501839011137073,0.0033094329926234966,-0.2946788050623686,1.31794693674295,0.009326005242535412,0.0,-5.508637774991358,-9.359127262201214,-0.4597816948072637,-0.3048480491768483,0.911354604649938,-0.225346850784972,-2.3242717087195426,-0.10944383886088173,-0.47760739534131386
-0.7023696771581659,-3.00188536602874,-5.742523162691296,0.0911785288171302,0.11305877569787727,-0.0020831201214794033,0.0033969493455986927,-0.2951546985363994,1.4054914311756959,0.03275322104693295,0.0,-5.16508394726699,-9.066875011373257,-0.5076352628148894,-0.29467147101491614,0.9920015589325212,-0.21976603337916154,-2.050105892178305,0.008708584276516123,1.0359027694098673
0.16213554819984324,-2.9109992350082923,-6.1728496437310465,-0.019096113974925256,-0.028227269736771983,0.020976178860250452,0.007061337285922533,-0.304148785338826,-4.580766234567669,-0.026861924134816976,0.0,-3.1629796669748256,-5.76863923346008,-0.6944905216485681,-0.44594408352879467,-7.1759186787413505,-0.5532452664521031,-1.1555324392972224,-0.6411040143049959,-0.38768770124422225
-0.6489505066370322,-3.1282770131812674,-5.911386310370636,0.006086087928480245,0.031942424151751664,-0.02117255901481303,0.005587928081039686,-0.287470686800144,-4.328633661148011,0.0056876830591095695,0.0,-3.7238770298094246,-6.281536323369959,-0.6335514784263158,-0.45337182050901687,-2.9320487322007596,-0.5643430390803333,-1.887025453292582,-0.4464223887507915,0.5647772417142776
0.428887944761243,-2.2014718849729706,-6.026110773294421,0.10764763795195777,0.18877205048346848,0.013850967623241629,0.0033094329926234966,-0.28736325781667355,1.0059518111729562,0.02795806816257066,0.0,1.9162187181398616,-8.86744420316926,-0.18613810800138686,-0.12479724121539768,0.9052985178270228,-0.048372286243893406,-1.823650485187877,0.2181072263324377,-0.1167022602901647
-0.5256683774599202,-3.2868404278172716,-5.902828840228056,0.09354425554533417,0.14228647047135531,0.0300722967726033,0.0033094329926234966,-0.2953126944042858,1.29291899550189,0.008675360826039901,0.0,-2.805827754571486,-9.40391726869736,-0.38494775531530184,-0.37806777810850245,0.9139104249213007,-0.4473700278299697,-2.3734634301685515,0.10736797166891633,-0.35261858767887266
-0.10103281517139935,-0.8664035311820537,1.1957091279646654,0.25863294710927953,0.14064342373786842,0.004857928602693418,0.009614934481800168,-0.3337962589429176,1.3757333691652203,0.3081747146530921,0.0,0.6693603288527785,-0.17332345150884734,-0.13594707974437414,-0.7655963544703,0.5236038980403471,-1.5265652961175342,-0.8452281505486973,-1.7104354214593804,0.3183827341144496
0.17859300588491475,-0.8213324070634743,2.1046954996257936,0.40454924276647203,0.1419233261281101,0.008423153212951985,0.009614934481800168,-0.3524688228894096,1.5473430021412407,0.33832485248188293,0.0,0.7092634202407753,0.3078269576199291,0.027184226066413627,-0.7469683017211785,0.6069704947891851,-0.9284307722776912,0.3432407177829442,0.5237609930751232,0.46650717221088567
0.42822194067369146,-0.7323196705948287,3.3243281900833943,0.41716816615905433,0.15649211353450065,-0.00208143192562986,0.009614934481800168,-0.35514159426756514,1.5655510836690507,0.3475767782790202,0.0,0.7354246985376561,0.40789809416486134,0.16904729750652975,-0.5003061319672795,0.6406241123469228,-0.8081952583388428,1.1890676873931634,1.9624708908729558,0.2801913866776894
0.4375365321206657,-0.8672156411941861,1.275121150874886,0.26599465672534794,0.14579653242815396,-0.005533626752075347,0.0064337862424716525,-0.3796949688707332,1.5269170194335677,0.3446603561486021,0.0,0.5967638987442038,-0.05856903638079703,-0.14333602732480757,-0.8718600406460464,0.6027066001772345,-1.4346819243003708,-0.9151758579255761,-2.30432928747217,0.28648289272420413
0.9475280973021922,-0.6202310779644346,3.311059144579008,0.4271579451295484,0.16564972638929132,-0.011494531794748587,0.0064337862424716525,-0.364427829935793,1.692930854621266,0.373006375282864,0.0,0.6951833000433574,0.3948974094712286,0.022262144079691126,-0.5476434384114323,0.762382891756499,-0.8384629829652425,2.3187449074642505,0.5942313385551051,1.592197668097362
0.37861753606841475,-0.6358094903086803,2.663043888139508,0.38949887594955473,0.1445166300379123,-0.002011443439622567,0.0064337862424716525,-0.3592571024201759,1.5345976055108508,0.3496620719038644,0.0,0.727070828872271,0.11283369144074847,0.10009560327353499,-0.465638508807013,0.7115643955335275,-1.0155001673572133,-1.6621548696937067,2.269589865127896,0.9340144686718117
0.5135276050517172,-0.6014417417863732,2.7486443418449618,0.26761137850359307,0.15817079488328376,-0.015059756405007152,0.00528851258713076,-0.3700778153292815,1.2818027793477507,0.337876660411202,0.0,0.613264079150058,-0.1300712527895405,-0.1341676434188054,-0.6090595333530959,0.5279224120287603,-0.5286825023603878,1.9158726766348138,-1.2876650002699548,-2.4837544859426255
-0.08073565171347367,-0.6973077160338789,1.8035779018394742,0.37193207895550523,0.13703769853190473,-0.001968402141816782,0.00528851258713076,-0.3534598913507587,1.1917378160239371,0.31502249352301576,0.0,0.6118111776586406,-0.2857806720268178,0.04814679491526072,-0.8172917873529004,0.46561114736933995,-0.5613367825219385,-3.2072685023909147,-0.8421865133629495,-5.383784861152392
0.3803222161966702,-0.6144306561689077,3.0176932535900125,0.3816791213717726,0.1383176009221464,-0.002011443439622567,0.00528851258713076,-0.321223716187194,1.3142795930508668,0.3457518468419938,0.0,0.6560852632419563,0.06342913975855599,0.10084213997856735,-0.45629848308111265,0.5646589652699787,-0.3231764588752066,0.46472811025926863,2.4670972546708714,-4.06887731113743
-0.6066457211345918,-0.41999057814859536,1.033639784194764,0.2356796168078682,0.15713266333953108,0.005588784724744015,0.009614934481800168,-0.3173421176423752,1.6303990618654849,0.2589069068841549,0.0,0.9718159476412135,-0.03207131386364565,-0.10589075056991826,-0.8314701589991095,0.6966560401503461,0.4017764569295097,-1.1307461815728634,-1.2386875010131544,0.33539964534030375
-0.2760086711638399,-0.14176684940399614,2.108090025099751,0.1994640770380674,0.1731323344382422,0.00915400933500258,0.009614934481800168,-0.36008126131018314,1.973076469695946,0.29470721382524556,0.0,0.9929058921696551,0.3849870263518619,-0.14274404651015812,-0.831573540087256,0.8429414281747833,0.3145066896036017,0.6875662274833783,0.0896796953179672,1.3556726492897901
-0.4727147467391799,-0.1510870841995549,3.084790909012928,0.1849245136108144,0.21643947204198793,-0.0024513635514228126,0.009614934481800168,-0.353976490017833,1.8519952677944371,0.313880122185717,0.0,0.9762321106580298,0.42381276980244614,-0.2708992307505953,-0.5110742013711185,0.7233379605124067,0.23030776592118868,0.8361715778634098,1.0884532730625365,-0.2815183148326933
-0.19777237253274957,-0.33209182290153727,1.3630568343295515,0.20000734439421836,0.17303922407465744,-0.00480277063002475,0.0064337862424716525,-0.38124041016309806,1.7843588199223128,0.2828258790789425,0.0,0.8436042934717259,0.09133566840551004,-0.11635422951011425,-0.9416720415695224,0.698522637480671,0.2823750718044431,-0.37584763341234206,-1.5647080482039133,-1.6850880441017992
0.3887472822763413,-0.019638023519036676,3.334093654423354,0.15326687562589975,0.19194464436666955,-0.010763675672697991,0.0064337862424716525,-0.36576230325036385,1.9520019446451984,0.3257577376507454,0.0,0.8749440772480841,0.405185665376335,-0.19525702366604789,-0.60249555855529,0.9154664326505545,0.2669633837118449,2.029829098273264,0.21268384016444267,1.2852795806102284
0.03704075932023191,-0.11271528397353055,2.7858906832752597,0.15322656611887914,0.1768262425082536,-0.0012805873175719676,0.0064337862424716525,-0.34717108324255425,1.7826662289458828,0.3081249162492451,0.0,0.884211923401988,0.19727101152169416,-0.2674199356109672,-0.587409839036316,0.8631103017108462,0.29886535035878464,-0.9633474235867623,1.7476883891282045,0.1629192994577895
0.031902312176797544,-0.2680939144225758,2.8018694649782003,0.18530245086188596,0.17647465788922584,-0.014328900282956554,0.00528851258713076,-0.37444731216657495,1.4946310560760983,0.30449685977265284,0.0,0.7914315008805932,-0.1836324721169031,-0.19969020468779453,-0.6719613957002112,0.561570741355907,0.07377495105346654,1.8955847123557368,-0.681218162199897,-4.632408727090823
-0.3472372495593762,-0.29230758377879223,1.8813615236922128,0.1411961422529954,0.14195137979430067,-0.0012375460197661834,0.00528851258713076,-0.3608706356322612,1.3502677210349414,0.277086317888221,0.0,0.7310285059653214,-0.5098448803116683,-0.23316084216451907,-0.9387337311689681,0.4830386133599494,0.04541059541954659,-2.8621974242072765,-1.3144603485673907,-7.967421077819258
0.017885311946041576,-0.08433139753779662,3.004521360165845,0.1460842089425801,0.16423803181699784,-0.0012805873175719676,0.00528851258713076,-0.36806475012393103,1.756173083312714,0.3005455465140927,0.0,0.7745397340204948,0.2359201730470514,-0.2665574216474158,-0.574733473604678,0.7470972853037776,0.12697487942315505,0.33075504158222435,2.1519416902663857,-2.59068118748986
-1.4509589152655653,7.903574253304191,4.220127086979278,0.23451654144058195,-0.08510035920703755,0.02306353002570046,0.004942333227971397,-0.24836377355359657,2.8405074363740463,0.2384700240596118,0.0,-2.4065220339614766,0.9109784625723334,0.5411882583845478,0.4055517228283725,1.4409878295230474,0.537505156798092,0.4237803672037037,0.5205261447344824,4.284263594541327
-1.195654126884088,8.23084641105508,4.327778208226937,0.23456267541974418,-0.21985929792000977,0.0741231301982216,0.0048790987164266586,-0.18531492718466755,2.7601204589712296,0.24992661105026925,0.0,-2.1490170237654893,1.0221192751630899,0.48551255083512074,0.7291871826127801,1.5747211583276721,0.5454416503414373,0.915670586211911,0.9944253254640488,6.5445950203693775
3.272419320299583,0.6880579775418315,-4.203336867297013,0.274819336278003,0.2506613492421227,0.048993191128306995,0.004067504088269463,-0.30005924001860135,2.6993081078820635,0.12088023724155517,0.0,-3.6542634093019544,1.048408823242182,-0.15871717778503844,0.4747911896012808,1.3307652162490828,0.5046863258772384,0.7711265049949582,1.9917736512420818,3.307217933572241
3.463396658386815,0.841030573707867,-3.98193615604272,0.2664462860946029,0.26219973744127906,0.04969976269683949,0.005012852118049372,-0.286753490346901,3.033517434606699,0.14668297071977227,0.0,-3.6487063741954717,3.0828136481280577,-0.08952100127517176,0.17729939202653766,1.418620444305815,0.5205830310066765,0.8807206199074827,2.1263582391129843,2.9957405332575098
3.161287421407689,0.8345358639642365,-3.9804271704984804,0.26696034730028445,0.2506613492421227,0.0469995266121444,0.004130738599814202,-0.2886942448491455,3.0273645981513906,0.1555278073554284,0.0,-3.630793703204627,3.1351135148981357,-0.09532670698967419,0.17729939202653766,1.3908860196802602,0.5194874311080072,0.8115219000727434,2.0996932747965893,3.389537776569848
0.9014121654927423,2.927655831825073,3.853561442155588,0.22847667617516865,-0.3829574570525943,0.19660536541737603,0.008092393230394063,-0.1952370122111777,2.167259269965455,0.18068734448964432,0.0,1.875510158419034,2.6433860125719204,0.6142615979542262,0.686214404581339,1.6020931728576626,0.3327649357654263,1.647285072092765,0.22677255175512073,0.6570617082149139
0.6036654531999062,2.644527433951605,3.6622144952512645,0.2418633057159821,0.2842285016352318,0.19660536541737603,0.008092393230394063,-0.2010460904077329,2.178560624086455,0.19169951101648747,0.0,1.7476340616196442,2.5938529957667242,0.7474043098518232,0.9545893063275475,1.4880409911767243,0.39870244585192877,1.505251886831405,0.31311753537055104,0.35524166680354924
0.9527570582988418,2.952063105869231,2.310465047836541,0.22824703608596797,-0.31765841467507133,0.20359829141339145,0.008092393230394063,-0.20119770151803404,2.2004654400854964,0.1853272887869119,0.0,1.9357053646279656,2.6960180087018757,0.6256810049332213,0.7504186474870977,1.6522767736654447,0.3402004847848177,1.6521707457976864,-0.09700830049368879,0.7715087140324066
0.6623879831271611,2.6927861181627626,2.050022258823101,0.24163366562678143,0.280431701903638,0.20359829141339145,0.008092393230394063,-0.20700677971458925,2.208752209278539,0.19633945531375505,0.0,1.8074937620504656,2.6585691390712682,0.7588237168308183,1.0148044710243853,1.5449557789919093,0.4043972354108043,1.4534542646675828,-0.010663316878258229,0.48271775509420506
0.44541098709431387,3.0508486824291157,-5.991351877863717,0.19278935164729546,-0.8893747851506415,0.23376771248224903,0.008092393230394063,-0.20369834500339404,1.861134622078133,0.0581288616022071,0.0,1.310014408824349,3.155514661037984,0.3382847763229013,0.5726621243020503,1.527454018106158,0.3774049632276337,1.5804332102055747,0.26797046875805913,0.7987858982822753
0.14844225904409458,2.7327142649591254,-5.596334570714283,0.20617598118810887,0.36417542759094174,0.23376771248224903,0.008092393230394063,-0.20691285379713895,1.9375192693625611,0.06463734002315806,0.0,1.186069642462639,3.179837117956443,0.47142748822049835,0.8791552097000039,1.62907038526945,0.45585531942682506,1.4539722998300164,0.36029931771483026,0.5170034607732861
-0.6678485075044017,0.6051687728108556,4.005471980915259,0.2291429933923499,0.18695784069243307,0.02362014353345926,0.00528851258713076,-0.27868945860018535,1.517349590761923,0.2790728769934486,0.0,1.1843009084460208,0.2781546604497951,0.11442712996344354,0.23239630577377188,0.8718786271541853,0.47479383288073274,0.07743850012529163,0.20978595677800566,-1.6390420525027807
0.8856023507113708,2.0915439917157195,2.9907646601450755,0.24688245157349267,0.31186440110909314,-0.050835829683508,0.00491124499106555,-0.2592992059495129,2.415009338575082,0.20589064015369463,0.0,1.662759825417151,2.6098423252816914,0.8660527598087362,1.0104393627746269,1.8910780108977918,0.4471229749417043,0.7172916801597423,0.07224887335493042,3.3887740248455844
0.7863794830217213,1.9322400626112077,2.8293010431281083,0.19855939663042432,0.215552248007486,-0.013510638162743787,0.006844341091288219,-0.3765730256302302,-0.33933475684827785,0.1858451610657259,0.0,1.806081946893726,2.2336741320707643,0.9375044127785672,1.0558979008358564,2.156945644090228,0.4503098579050791,0.46236242457555043,0.21081559904716193,2.659867392586467
0.8672619209569081,1.968798906927182,2.6845956233978456,0.18067974450896776,0.19443018948046228,-0.026788774446775476,0.006844341091288219,-0.35417056730206464,-0.32653970793645476,0.18546006464363796,0.0,1.7778397919456546,2.067083138123967,0.9772483456486365,1.065155991282815,1.6950655891176447,0.44399449360697074,0.6072924241652448,0.2239004619007598,2.690531055692444
0.7645009375504859,1.9263358028357247,2.339169998753753,0.1803797342310164,0.1981445109187725,-0.02954042884417303,0.006966057248858937,-0.22777331621529984,-0.7243059388499123,0.18033601032768423,0.0,1.7577981496823356,0.899788427893179,0.9862667349959093,0.9752386451491837,-0.9274675458475992,0.4433653512189836,0.19445442079690228,-0.12265281664884486,2.4974423105290517
0.5425325453775495,1.756038226516706,2.078145992860151,0.16388818470764463,0.2379637283369235,-0.03285585719939862,0.006966057248858937,-0.2656247201953128,-1.2518773973096122,0.16676085581507932,0.0,1.7972246412327495,0.025228235947520914,0.868075930311487,0.6531471696908555,-4.612256663034188,0.42914735019068245,-0.3939731974805661,-0.29211505899071116,2.0155302115954488
-2.0574879704571534,-4.591028438933561,-4.787580052562169,0.2665010247215453,0.7308863743550083,0.09565099709904298,0.008060246955755173,-0.28455851792595416,1.4427312981832008,0.045313069158378336,0.0,0.8447533936200263,0.3953472188686601,-0.5758786507199068,0.48798052062154246,2.2054670164996732,0.5427437948446198,0.8470483600166598,-1.5886116381548676,1.432465046103955
-2.0108205704763273,-4.670274193242646,-4.9776530416437526,0.2251637942578254,0.6160491049821891,0.0881908322277027,0.00999334305597784,-0.3937553110785076,-1.4582488739003765,0.04191276645583223,0.0,0.9241938527919693,0.10545569410829203,-0.4683614694363285,0.4678530847902873,2.919043578886536,0.46728272787078934,1.1701623190893482,-1.2762209910536262,1.7214479650580485
-2.03249681491867,-4.958734665363407,-4.9187362309737965,0.20941664001862353,0.5583713925423209,0.057198109213602515,0.00999334305597784,-0.39445256786339417,-1.5463750738807003,0.03461573621265876,0.0,0.8751475276829698,-0.21521355058445388,-0.440644273939646,0.3274840822280156,2.6957271976806885,0.3694650055077004,0.31356493962115867,-1.3109618008042148,-2.275508004386542
-2.2841085667497376,-5.482083224099091,-5.350519307130898,0.2015725848748315,0.5176414916593094,0.017713379298888332,0.00999334305597784,-0.4210415979569438,-2.422287262522288,0.03482931602122224,0.0,0.8938403065454203,-0.2722394100301737,-0.45235102076652767,0.3542721344809303,-0.5167122898496663,0.38926523310857414,-0.6829707498201114,-1.3937202269884705,-0.10546967903755913
-2.4028216456980767,-6.339945802345478,-5.609350440179183,0.20150035353972778,0.47250889157367093,0.019223630837900057,0.00999334305597784,-0.38583210963991904,-2.7417018645899827,0.03167253054011325,0.0,0.8699312391400276,-0.720816308480222,-0.49098220916758384,0.13389392988347584,-2.8774858951259827,0.33470043799770755,-1.2524572962650762,-1.7699661707294385,-0.6124340836710508
-2.4949927743909894,-6.362916040305267,-5.836350026601447,0.17693784065059084,0.433467693290155,0.021405885580122765,0.010251225691196166,-0.3459006762962109,-2.8780712028721736,0.009125878776060374,0.0,0.759270328463483,-0.7561936197512233,-0.49199847410456654,-0.06375940191238001,-3.969221935172257,0.2588572739112451,-2.0614005697541047,-2.030086924716818,-4.111806986697689
0.1820670888181369,-0.7160592540686812,2.3116905287081275,0.39916098910135167,0.1561233608656776,0.025054265430704385,0.009482089208356135,-0.3162010051447866,1.5394944433222006,0.4486647525125715,0.0,0.8911307575158108,-0.016515400072262952,0.5842309559263775,-0.010224531533780529,0.5684735438473595,-0.3812042274104838,-2.014060470990808,1.1391270572647134,-0.019329323287515514
0.5219643001930758,-0.5409507678491075,2.841685147218089,0.39916098910135167,0.1554342066325979,0.02359173438362616,0.009398883610363678,-0.3126760813482351,1.5814690599716155,0.4825356745854716,0.0,0.9372911871528206,0.19992600151974313,0.6040855770876018,0.051386772974087024,0.627471614526305,0.41710188990376534,-0.18791799381760252,2.7688738625337703,0.30980167490561283
1.1420945039435242,0.04498276692126099,3.8168452400306543,0.5497982267169823,0.1829265575957016,0.024311158667357044,0.009611616690979813,-0.2888331330999309,1.5093030646668602,0.5111678180140486,0.0,1.1829503427377732,0.5597728054220925,0.6784682295916261,0.44683633858632343,0.9335694778398806,1.4286804319753061,2.3694895575871624,6.718914531315948,1.1227184560506718
1.182886253038187,-1.1945406508033618,3.8010393344220894,0.6333934009678479,0.17183895013820114,0.00573527585921153,0.005915346570601602,-0.2449325934077623,1.7123858922102384,0.5127316280142566,0.0,-0.7879998914174969,0.23165301702885077,0.5645711506366295,0.2862014591198256,0.7483880591931129,0.7381190786858097,0.3124511925291989,-0.47400748112626273,1.2788704225876932
2.68161284148346,-1.003433477882136,3.6785417520734898,1.2221134993262806,0.20757425945826896,0.012590782867807399,0.009229341431663483,-0.2373462275642698,1.7541732425452128,0.5488556838754222,0.0,0.7627579460663383,0.5325633394778558,0.8369227152310381,0.15499281801874956,0.7039308285142766,1.4314188157009153,1.2933627006919446,0.848389015308182,0.22924283759499636
2.9727881486931778,-0.9858584007399521,3.8411209567271145,1.1864078646950882,0.19381384477788813,0.027003274703462175,0.009500682890794206,-0.2267767536447308,1.8712343364318245,0.5587799774490182,0.0,0.8679233886258015,0.6458568734442519,0.8542604444153392,0.07031941701524275,0.8441845014692047,1.691776365151341,1.8194754471128185,2.721007674032699,-0.22172765436078537
2.4955199143983964,-1.2699073189912256,3.8294285135372443,1.1788711548676607,0.20741801586767925,0.02717141335156371,0.009441216991357236,-0.226583232110196,1.9090851823203072,0.5595420399426345,0.0,0.729948633464627,0.4887648738504293,0.8410883406689633,0.019427201032573355,0.8366553334828982,1.0585438462450527,0.8789650818906517,1.8379966904766314,1.547614027563768
3.2203991911224303,0.6857076249916094,-3.7608778638712095,0.3418867274555767,0.6084886134243243,0.18886006486595708,0.004949617606504634,-0.2611975364504179,1.5949502032906857,0.12651942677328132,0.0,1.2659794799614617,2.5455530600741607,0.04844994930093566,0.7126630956275566,1.206750974379917,0.6365305529882663,0.7008998743201195,0.19357704815688168,1.0615230786469505
3.302601931312822,0.7347937640222115,-3.803149027383526,0.33487699572566554,0.6095048005817605,0.248078512855965,0.004949617606504634,-0.2981492387830013,1.2484202370911504,0.12593340276438145,0.0,1.2607881212051884,2.4868962380007003,0.09516706593568641,0.703249356356919,1.275722997316606,0.6322235147239847,0.7317676043817578,0.24048185349109297,1.0798000685854137
3.630033205128976,0.5638239245794389,-2.856504591119448,0.24178914294241308,0.621756539517567,0.24686368055298097,0.006882713706727302,-0.3830918170209953,-2.5428753530324317,0.08449069283480394,0.0,1.843616608929353,1.5148688541325768,0.4852823701441219,0.844249746788958,0.7281955427610064,0.4234369617372103,1.2710313722947058,0.715135168650324,1.052837091986103
3.267784735788453,0.5257675727735467,-3.0911553364876716,0.23938364301250764,0.5958015696845511,0.14559227910105074,0.006882713706727302,-0.19353084369206153,-2.464284177646612,0.08451425861369306,0.0,1.7333573072264383,1.3756205308231062,0.45047917956261363,0.8098854550424383,0.12141228500449344,0.36054673382079866,0.9280640869991199,0.5544246118393569,1.0024860495711396
-2.510950665416192,-4.338029571020179,2.412891349010456,-4.905395095989021,0.21883300826576177,0.012102841297724418,0.008407298177201978,-0.3414156831738081,0.5495298503079518,0.3031679714301747,0.0,0.7621018210889473,-0.601550414625879,-0.5501547940289254,0.1148102793287468,0.40459589993946193,-1.596480865084032,-1.3140407146776505,-2.7574237691787693,-0.07310906020368314
-2.619566827395946,-4.067385568177738,3.2228647515119437,-3.7122612094807645,0.16768376052587244,0.012648060586799638,0.01150079351120393,-0.34602616854693385,-1.483769665762539,0.24952954339810202,0.0,0.8682782381445109,-0.13189470232458997,-0.5294520301131573,0.2353493167336589,-0.5532797083491653,-0.9835428664097753,-1.6509683610113146,-2.045645087664717,-0.19576538640043173
-2.69491491405594,-3.8304401451415413,3.2569712974687204,-3.0793984792716613,0.19013872947150967,0.024656003359307423,0.01150079351120393,-0.35080172715433616,-0.31926029387533883,0.19483876245188425,0.0,1.1760090911383143,0.42948703788743847,-0.16734766626268152,0.17079806184820287,0.3746226234099988,-0.8332254273032823,-0.3547041973098202,-1.1037115389068195,-0.18252953764397487
4.940623430698581,-2.515761293600295,-4.028773271110391,0.23327571821871174,0.4448628269199921,0.031985711916801385,0.006441070621004889,-0.2686420021309919,1.4388025755907508,0.07464999995582018,0.0,1.4600794185295485,-0.11096332157576119,0.2927858950468367,0.11212902769821612,1.4826534206093194,0.30874162097990765,1.345929107524525,0.025740833473084878,1.6331198219948055
4.6589829716581095,-1.3542065032828312,-4.472638779039204,0.3870516121004498,0.32887328443222674,0.025840387414383867,0.006441070621004889,-0.2699370358268498,1.2217213786763574,0.0728459906320655,0.0,1.235510703815453,0.11191060836114758,-0.04515155040574946,0.29084787152877534,1.1870474069814458,-0.8328772333341049,0.767905452269816,0.7683919525804076,1.6766641528559916
4.521456754311385,-1.3661684067595599,-4.821538531531901,0.3612492333794183,0.3897214503298277,0.02890747144340605,0.006441070621004889,-0.2530253763524844,1.2730449493778326,0.08392027723850087,0.0,1.2483694099054718,-0.01657690454129189,0.1143976291764455,0.22783811668309828,1.1318332091909922,-0.38941613771810846,0.8600918077432069,1.2795472624636404,1.714533769331694
-1.8959962454444992,-1.3980986142994156,-4.472031734732197,0.16979649367263666,0.26340310092059,-0.029591935035800244,0.009551699970255428,-0.3573080591199701,2.089365577385002,0.043627173318256565,0.0,-4.1357578230003265,-0.6092683507228954,-0.20941870111034633,-1.7439253595530733,1.2067971430226767,0.2624254145769635,-2.156408597504588,-1.0665402659713599,-0.19969463597766923
-2.3235153377960502,-1.6066752022741673,-4.740850696745235,0.1485293719004968,0.20902295204573987,-0.009269835958709728,0.019335242115418618,-0.5198973830727129,-2.5816126042851026,-9.497534689694408e-05,0.0,-4.761544519645343,-0.7928633617257247,-0.4594516897835347,-1.657160222992408,1.6355660570748063,0.24682197437956552,-1.9141194876831116,-1.4208084433762211,-0.10834692956894927
-2.3644935956290998,-1.6563525228452514,-5.176371934728433,0.12940509533719446,0.1669524382875099,-0.010197898243848848,0.019335242115418618,-0.5349453934317115,-3.1598691725916166,-0.001359797227507562,0.0,-4.8818720751123275,-0.8380472531704494,-0.5621568091666169,-1.586328664536902,-0.5647758198607755,0.22727281929828247,-2.511697690681576,-1.4641020277858383,-0.5147625007871856
-1.7522489068854599,-1.4049604517945544,-5.271988980788309,0.115517480358846,0.15947451897041706,-0.00031406758049817537,0.019593124750636945,-0.3255450283073479,-3.0080667303337822,-0.00395927905425219,0.0,-4.690377138020621,-0.5915562423564766,-0.5942573349503651,-1.377567375168851,-0.4247915896160387,0.32684264004786767,-2.1500059606461717,-1.3444139860653748,-0.46003613923996844
-1.4757309939849723,-1.2060181059539397,-5.352245813891476,0.06121963129967809,0.12005079249998044,0.025365798439159593,0.019593124750636945,-0.32878754041308533,-2.329637073370076,-0.014510522939075055,0.0,-4.81214189079411,-0.5144076588953054,-0.6681789416411509,-1.3482105139978509,-1.838034755144302,0.2492599968047512,-1.4777104450471692,-1.083808784819259,-0.529555529574681
-1.469230727737847,-1.1698136287594285,-5.621941988157022,0.05120724259922621,0.09003069436747531,0.03274257499012152,0.019593124750636945,-0.27155275541591417,-2.35301867194508,-0.03738474939359125,0.0,-4.686721083677513,0.2526784615291128,-0.7570390196991884,-0.9325426296365643,-5.761306274600527,0.16518953232585826,-1.003535767958423,-1.1608524240280864,-0.47123070218896435
-2.6288901042333324,-6.784174336846117,-6.831389857852775,0.25046647184600934,-2.474721829190782,-0.23273796159978083,0.00812348146729991,-0.32526613851418024,1.209996530953661,0.02964919696531112,0.0,0.5422756906100219,-0.1755828705879828,-0.4434028174618338,-0.32105618906492733,0.8604934417019953,0.3422241187681461,-0.21839105767745334,-2.3663309604885225,-0.24445810117379563
-2.526185536127427,-6.831794863386413,-6.781668364110463,0.2464864597759983,-2.842585096713236,-0.2857359813676117,0.008060246955755173,-0.3219478010737512,1.0800650294315106,0.012876753648645793,0.0,0.5748414927826512,-0.12515491872830067,-0.5807242326626206,-0.040253346495661355,0.8838298319339765,0.3369649833169584,-0.7691374784075113,-1.94150638376142,-1.571878234499402
-2.5896648265385553,-6.84573726310644,-6.337689563010851,0.24656501265965391,-2.922162633217405,-0.2797928664501814,0.008060246955755173,-0.3189326184195445,1.0513458672904363,0.018211661734050495,0.0,0.5742131193683395,-0.15590594245615716,-0.598220188811853,-0.04118430035467294,0.9208481993530658,0.3398437012129435,-0.6264726483850904,-1.8866796124295504,-1.5662678229844675
-0.18609029166034985,2.265925782403684,3.809644707972333,0.2637000554145394,0.3109664485856572,-0.02411849413210195,0.009551699970255428,-0.31548041310104313,1.372595845553298,0.20205710262066603,0.0,1.5979592804573206,-0.28255439332786625,0.6375424586109248,1.1593420246278405,0.30599723508913085,0.30237024100847765,-0.872489484962392,0.27777452799245317,-0.03702917511786312
1.39411241202839,2.1872845348925942,4.385619301938644,0.17015061215758828,0.5265944155688744,0.00807321451823118,0.00662843436614524,-0.1296356151364926,1.9232029558644517,0.18853434705189256,0.0,1.494672097487228,0.6464549702797431,1.09723097529634,1.305896451253829,-0.5537214285611968,0.449460229251841,1.566798121098188,0.7065922482124393,4.2144810049369354
0.8893825845688998,2.7176665127339357,4.319833240688219,0.1947227870007724,0.5934524168733617,0.033435697828633044,0.019593124750636945,-0.3022482795402782,-1.0093905261122276,0.15217504268831547,0.0,2.2286874471829425,1.4659600267250312,1.2059745862915203,1.3494300429674515,1.3317146855677708,0.41327920886298297,1.4731289550583777,1.174766721554247,0.4624227383513416
1.3834046506623332,2.41689768177606,5.3910870377640965,0.13046201117410788,0.8871823166076728,0.14709693706332658,0.04992257821620737,1.5987009695621779,-1.4464295326405556,0.12686662208108057,0.0,2.40655625714042,1.8836247212896502,1.8028042102221224,2.022101048902948,-2.8593088381371343,0.4086529569910329,2.1708046722048495,1.451835920131044,3.8195273151474067
1.593462887456294,-3.4686164570532125,-4.7181702381563095,0.12993589414320145,0.26794895057208395,0.019889433392113732,0.006504305132549628,-0.2503243023154759,1.8309101595432684,0.05292766963371586,0.0,-2.3659049207650917,0.19263582943473434,-0.08149146514171693,-0.7127240388595492,1.263627361167264,-0.21902511133954752,-1.8557239471174665,-0.438519459045479,-1.7765021464531234
1.6612953005282256,-3.2930010445667284,-5.316624694384823,0.023194948526656756,0.10224562847083613,-0.009552431408471933,0.01654572991293115,-0.18394087764497544,-0.2914399164657496,-0.017876969901656707,0.0,-2.5587347039977453,0.25765609917003746,-0.24018516261902165,-0.8919302218815223,-7.296119458555954,-0.3532298439737697,-1.019818667104044,-0.46695330431674503,-1.4356954643280766
1.6489078109629345,-3.2744402580571506,-5.339167534729409,0.023194948526656756,0.10224562847083613,-0.009552431408471933,0.01654572991293115,-0.18394087764497544,-0.29183093579136454,-0.019200060950039663,0.0,-2.700807056626717,0.2678894986650642,-0.24018516261902165,-0.8919302218815223,-7.27339184534906,-0.3532298439737697,-1.3188741248276439,-0.5509055553652129,-1.7260224851355295
2.45679477894629,-1.9663796612540063,1.4983988423332602,0.24159677019015016,0.22475943438322502,0.02952342419546728,0.006504305132549628,-0.26686450943994855,1.5566171731300011,0.3368168725849072,0.0,1.0930579053091038,-0.18188073165434032,0.06923139421120109,0.19516369358023705,0.8746984442474183,0.18115434767247546,-0.6161181759246326,-1.2807854843141555,2.1381963293162642
2.45679477894629,-1.6852780328844559,1.4985737347281547,0.24159677019015016,0.22427412174747746,0.02952342419546728,0.006504305132549628,-0.27013003399372193,1.6102255173217097,0.3427047201216327,0.0,1.1362672065805093,-0.13703325161573987,0.06923139421120109,0.19940340841486398,0.8748804263615323,0.1798140836194953,-0.5932048120647364,-0.8250911441224449,2.14728717083506
2.6938580491199966,-1.2540265770633745,1.9113205351655234,-0.005880076166881884,0.17619367540675507,0.03584513704165978,0.006504305132549628,-0.2847458281944119,1.5639121451043703,0.3962344010074101,0.0,0.8048594113086355,0.10680956221027713,0.30288965950491564,0.14529960371444078,0.8673042572977138,-0.7342433312650768,-0.2986002840907556,0.640362826098956,2.198637453079993
0.6794918855868102,2.284867516780741,-1.91930999100435,0.2064197368481871,0.46700054581124545,-0.011893928893239904,0.009614934481800168,-0.21993939993542957,2.7047845717244283,0.10024522389042347,0.0,3.19090545743907,1.8173429456744499,0.2578154952734342,1.8169266025366844,1.675180879653185,0.36936357208538556,3.0174067126062707,2.8691098819834076,3.3923301061600424
-0.9129276776733991,2.358445970496963,-1.6329829921906736,0.20729648525120586,0.44978063472349483,-0.014295009044590763,0.009614934481800168,-0.2349705704864581,2.5896598993826916,0.07796500615384536,0.0,2.674916118234755,1.7334608152364255,0.14710824658179825,1.8102676124718842,1.4870115573069282,0.47326067355559287,2.4333609631223334,0.9634891854432429,3.2800577771814092
-0.3857783232042586,1.983560907784589,-2.077088620631957,0.18863426069984027,0.4540907069367781,-0.011893928893239904,0.009614934481800168,-0.27082761628177054,2.5949079092039473,0.07729488444897525,0.0,3.0007278925257097,2.1113119805462204,0.26125489832568377,1.7009848697728638,1.516479634961379,0.31027377114432014,1.8602647276312323,0.38903814538173476,2.7499617448869036
-0.6670610819083482,0.6053280208276561,4.022545190643534,0.23060135344867,0.18695784069243307,0.02534471758340926,0.005243465930976634,-0.2782679092827354,1.5190642918878592,0.27894652774380096,0.0,1.192411889031379,0.29907571670580324,0.11442712996344354,0.23269530238103778,0.8737158225808994,0.47479383288073274,0.1301899013272686,0.21732776618983873,-1.6362774645547644
-0.4810464965099918,0.6063907300953829,4.1499865083659015,0.2205063939628651,0.17961386948015887,0.016538715784136883,0.005546395222349086,-0.03167382002723131,1.5156010379947726,0.2528564051998583,0.0,1.0974433643291888,0.5215656229758071,0.13650454562645092,0.2086194871992668,0.014696614500217753,0.45359187703143855,0.1310491219584906,0.2177864497430487,-1.9681253417939777
-0.4075591369451895,0.5368983485354425,4.1772946100419,0.19209222514466673,0.14602312176321483,0.017685068939110198,0.008379440580297609,-0.16096828684959652,-0.22258501694559357,0.22906556284689072,0.0,1.3083800503133003,0.6445598876521349,0.010014936388974837,0.1619898088110872,0.01529522368601887,0.3775748487097891,0.30350087414031685,0.22264902867358174,-1.9535716796932683
-0.4238770591961141,0.45495630763592954,4.0640864343904815,0.19745267585657683,0.19873636215960716,0.005637693649566986,0.005546395222349086,1.8790048230831824,1.1500028085348253,0.2156476706575122,0.0,1.1378499069153967,0.3688374231691237,0.09575604765271038,0.20158746380355597,-1.6848043577527496,0.39732179267547507,-0.5989024053834917,0.0895362737611404,-1.9725400322773627
-0.36489011999922877,0.44769535402465904,4.10485538821942,0.17365938313433943,0.1667320906888999,0.008563470453709386,0.008379440580297609,2.3440659677085756,-0.266036799479098,0.1927926482572126,0.0,1.3322775156054871,0.4654782414101307,0.015655099115969358,0.1582321890721135,-1.9425880075422233,0.33579506045383256,-0.4792475977611583,0.08075822037876126,-2.053532243569074
0.05010512094138167,-2.884045800864988,-0.7923231322255552,0.1919160545767368,0.24092276835908175,0.06364173817824291,0.007429879636191179,-0.298076319047195,1.9920458564959933,0.46046319223691234,0.0,1.2611275086718117,2.162308259315474,-0.26689598205281756,0.24695845308050376,1.2952610187599984,0.17406372686896926,0.6491387393647609,-0.5632373763201859,-1.705079593558889
-0.2440874514864706,-2.8793999208833583,-1.621774223233424,0.14843247866436496,0.3173968095547508,0.083244483568544,0.0075026209734981595,-0.29059907469401614,2.5139566158014803,0.4769830910109955,0.0,-1.7600910554945022,2.594085072756273,-0.18835629335581208,0.20038225763724904,1.2230398625193124,0.006001886728951689,0.5656475529728759,-0.5038453943376084,-0.1669227604178064
-0.6586989865602939,5.58372178011141,-3.996018326098169,0.20282852944332025,0.4563346707888557,0.1386854075312913,0.005576380200197085,-0.22237136194053878,1.7641901136016704,0.11952696889456683,0.0,-1.7544811185487001,-0.3407190687045663,0.1051048520493275,0.461879190696983,1.238812061909458,0.2618515451055238,-0.36963142995731596,-0.3894983116803058,2.7307921247429823
-0.5266247038621773,5.558325059058017,-4.071530477454338,0.19391021009442164,0.4362615105871609,0.13162814069234716,0.0054691330314912395,-0.26505923484722677,1.4113883678987083,0.11214268112600573,0.0,-1.7276283467684797,-0.34204818318347807,0.1334614673326624,0.4536587121828922,0.650068968933766,0.24475686855894102,0.2518859017375613,-0.35254044181906985,2.4532383677021987
-0.5565585280572202,5.3898772427414645,-4.058772791840442,0.19391021009442164,0.4362615105871609,0.10209458791911225,0.005576380200197085,-0.26988886187067845,1.388058546751283,0.1106852917146527,0.0,-1.7483442340730735,-0.35080751657993625,0.11857888268450566,0.427175442223486,0.6346531050333357,0.24589513500673452,-0.77561384235493,-0.3775915320739476,2.1479580621196073
-0.6146545518537344,5.374177663566567,-4.026774304768912,0.1933961488887401,0.44779989878631743,0.10209458791911225,0.006572880491333468,-0.26985166719543197,1.3752089202907618,0.10805857153130323,0.0,-1.7787153921177592,-0.3877635768147423,0.07359156310865364,0.427175442223486,0.6492763958332195,0.24589513500673452,-0.7290838881335445,-0.4342733209035217,1.254853360650311
-0.7058117160109707,6.276908217117702,-3.742848157088145,0.16645039013541324,0.5697611309354065,0.1598293142687942,0.019335242115418618,-0.3144586316836374,-0.7627065901499889,0.0668534984194229,0.0,-2.0857712386837983,-0.10139705321705543,0.17025722998246978,0.6295908349489179,0.963351999087139,0.16972210899308007,1.1706035928121612,-0.3210058002641808,1.284797279051843
-0.5629838995895513,5.438528047187961,-3.7843462251406548,0.16696445134109478,0.55822274273625,0.14063667680949046,0.015359922345360275,-0.3084911984482408,-0.8312796792203124,0.06462033723504301,0.0,-2.2102082542303703,-0.13776043214267872,0.3100109821436887,0.6424654339709712,0.8979393427753405,0.16757917364000927,-0.32809533617298864,-0.19785346257584954,2.239523290348255
-0.5966384026135421,5.334075782094632,-3.771751921436356,0.16696445134109478,0.55822274273625,0.11110312403625557,0.015359922345360275,-0.3189625798395903,-0.7988388240921341,0.06327670207563493,0.0,-2.231176488224839,-0.1409223845630592,0.32371603493653023,0.615982164011565,0.882871238405377,0.16779862593968,-0.4942554444073742,-0.22273248884417773,1.9908571089350273
-1.3817048312180638,-5.471771571872192,-5.281258106251067,0.0907259393130301,0.1388199862517608,0.009667171451818179,0.0014111610664657556,-0.3151393531570837,1.21678931170485,-0.008515886976387835,0.0,-5.446943657845862,-8.498327698676084,-0.5881472088180113,-0.6331888766415803,0.6384262225666857,-0.3003971223895108,-2.105512507295118,-3.979297467585201,-0.846398956495441
-3.913715848151672,-1.3926520498282977,1.5716684668544554,0.14211509024788221,0.002528840729442869,-0.04996346511436725,0.00999334305597784,-1.0912361915876003,-9.067937920336488,0.1581761366021262,0.0,-8.50377497596001,-0.3921651126862075,-0.6993364809415421,-0.5339473384689688,-0.41550112932583,-1.1677122617645281,-0.9339666213841683,-1.1733736924241749,-0.39010124260624346
-3.913715848151672,-1.3926520498282977,1.5716684668544554,0.14211509024788221,0.002528840729442869,-0.04996346511436725,0.00999334305597784,-1.0912361915876003,-9.067937920336488,0.1581761366021262,0.0,-8.50377497596001,-0.3921651126862075,-0.6993364809415421,-0.5339473384689688,-0.41550112932583,-1.1677122617645281,-0.9339666213841683,-1.1733736924241749,-0.39010124260624346
-3.913715848151672,-1.3926520498282977,1.5716684668544554,0.14211509024788221,0.002528840729442869,-0.04996346511436725,0.00999334305597784,-1.0912361915876003,-9.067937920336488,0.1581761366021262,0.0,-8.50377497596001,-0.3921651126862075,-0.6993364809415421,-0.5339473384689688,-0.41550112932583,-1.1677122617645281,-0.9339666213841683,-1.1733736924241749,-0.39010124260624346
-3.913715848151672,-1.3926520498282977,1.5716684668544554,0.14211509024788221,0.002528840729442869,-0.04996346511436725,0.00999334305597784,-1.0912361915876003,-9.067937920336488,0.1581761366021262,0.0,-8.50377497596001,-0.3921651126862075,-0.6993364809415421,-0.5339473384689688,-0.41550112932583,-1.1677122617645281,-0.9339666213841683,-1.1733736924241749,-0.39010124260624346
-1.768890620888234,-3.916275850190954,-5.245641344345713,0.004047939636356503,0.13325807125915576,0.03863902064901904,0.004716984518309351,-0.3316384327488559,-3.393425697792183,-0.038067610268644705,0.0,-5.354061973779822,-3.5720074001994053,-0.8692110664082184,-0.166957911487355,-6.307363132881613,-0.39406468409337003,1.4338739548543542,-0.08358359326328671,-0.9003609504185458
-2.4123863850217657,-2.3880294585433233,-2.611756408460537,0.11030766824768333,0.14652468448958936,0.027555731944309467,0.009614934481800168,-0.364021557805133,1.0517710861463867,-6.662369060589736,0.0,-4.081120134962183,-0.6201082257136803,-0.43994950691771084,-0.1706917823097822,0.22782377797145242,-2.255466819396664,0.6436181341158088,-0.26805839559626,0.010433923429369088
-3.1107480178881985,-2.6666745119905397,-4.002843384740777,-0.02723474365257433,0.07892781228642172,0.0011925358517198377,0.009551699970255428,-0.3625385543062067,0.8116801854344711,-7.270021374161067,0.0,-4.195025678375413,-1.423862477123419,-0.5171045743328042,-0.6244116974097101,0.07256186753342102,-2.3719658658943197,-2.9447202893460385,-0.7623811613544131,-6.3381647493657365
-2.885221122954458,-2.923479716824718,-4.258941201588604,0.11845675155877639,0.09670700816733123,0.021684171585914815,0.009439637495968397,-0.36052869590587105,0.6449784154964013,-6.357316901070194,0.0,-3.571378679328617,-0.657303110651744,-0.019491194164600167,-0.5185205474271608,0.35554547400644826,-1.4304495281342424,-2.3924328621919737,0.4995535274360275,-2.850757469149862
-1.6925302345225168,-2.356607813186723,-0.39155503228223904,0.0922524174274812,0.1549143705700518,0.028163691980493826,0.005225278075586022,-0.38504631638308884,1.2455566322259555,-5.814556378215204,0.0,-1.3291599325384202,-0.6034847758541907,-0.42655533445729565,-0.37225673598513487,0.32702924179886783,-0.7147700493482732,1.087887025398033,0.20492534228362236,1.1755663484649828
-2.880298083781473,-2.955016646358485,-2.8145374976716493,0.06432326275372202,0.12428733969925329,0.03966160489387029,0.009551699970255428,-0.36908573515056986,1.1438826741711576,-6.78017522756025,0.0,-2.392825565059883,-0.8652801429656117,-0.6673961815207831,-0.408713322833621,0.34032832849596956,-1.8454688485297812,-2.585069095265894,-0.40423323713248227,1.4964601538297162
-3.0013320303660174,-3.2851585742119527,-4.577340993648028,-0.036143261660128226,0.09678411242159568,0.018934959301079423,0.009551699970255428,-0.3570031645647278,0.8888814890954753,-7.196573725996472,0.0,-2.795924584047684,-1.3001625715249665,-0.5154114256160685,-0.6316838510856887,0.10696722420658583,-1.9557228706502978,-3.6209320859730765,-0.8574598673678341,-6.531408591008916
-2.3368417059827573,-2.6126640635469225,-1.8153707178999832,0.2042259331774799,0.17249378938409474,0.022723468607901,0.009439637495968397,-0.37427422806705224,0.9071766737901501,0.6420777367076681,0.0,1.1792116369796877,-0.632570754984674,0.15362850315755391,-0.29977916201511845,0.5029338228420847,-1.2408956067275643,-2.2398748773428556,-0.28396508062413733,-2.4557936190986402
-2.1452447958019776,-0.8153181096611493,3.903612525357068,0.28660243903092353,-1.8466736713150804,-0.04952753376062131,0.009551699970255428,-0.31345417113336,1.2635911613257667,0.21502621054515086,0.0,1.0681116631248024,-0.8960561887360764,-0.06827389306539657,0.29988703220744845,0.42273545726207773,0.5100002211009649,-0.4449487977565634,-0.6931775098241485,-0.7208473581046828
-2.2059642969324122,-0.9319435507336904,3.0644977562222704,0.28677858844473963,-1.7862313268425083,-0.04081713012262991,0.009551699970255428,-0.2936040219534464,1.1657727602181673,0.21100224851863364,0.0,1.1229065144088004,-0.8461411465149539,-0.07138072930340711,0.3131374406099213,0.5679796051727414,0.49563163007741345,-1.2434126359287998,-0.6447148199372881,-1.3817757095728844
0.6222506024463217,2.3777019803976747,-1.0319881951444887,0.24291505193752583,0.32781021013962064,-0.04013791364046205,0.007429879636191179,-0.21915851523592159,1.9696552889310321,0.38673276704812254,0.0,1.6490393594815733,2.3312813923477798,0.7399840723181225,0.9606316908240916,1.3342128792893402,0.4100197713676818,0.928728815438226,-0.09887405252523462,-0.20900420269946068
0.4771757642443386,-0.4219177961198804,2.785208484221789,0.22823515933714106,0.14697779867315733,-0.04548725637724167,0.008060246955755173,-0.42683100555793985,2.7321828226193077,0.2769223033518362,0.0,0.9236076107085571,1.692006746129706,-0.3170094785864582,0.3526281251085899,0.5448817724393921,-0.2627805696486504,0.2124647162760612,-0.21015928524120003,0.5009077106326794
0.4771757642443386,-0.4219177961198804,2.785208484221789,0.22823515933714106,0.14697779867315733,-0.04548725637724167,0.008060246955755173,-0.42683100555793985,2.7321828226193077,0.2769223033518362,0.0,0.9236076107085571,1.692006746129706,-0.3170094785864582,0.3526281251085899,0.5448817724393921,-0.2627805696486504,0.2124647162760612,-0.21015928524120003,0.5009077106326794
0.4771757642443386,-0.4219177961198804,2.785208484221789,0.22823515933714106,0.14697779867315733,-0.04548725637724167,0.008060246955755173,-0.42683100555793985,2.7321828226193077,0.2769223033518362,0.0,0.9236076107085571,1.692006746129706,-0.3170094785864582,0.3526281251085899,0.5448817724393921,-0.2627805696486504,0.2124647162760612,-0.21015928524120003,0.5009077106326794
0.965723026053102,-0.5502964352528399,2.7528229144712544,0.33698510729806186,0.14406757973628367,-0.044614265410544605,0.008060246955755173,-0.41355153349749807,2.553189061343709,0.2760836970504318,0.0,0.9767417150177118,1.8983584212724744,0.10056572062916806,0.3626239514528,0.6157814952941142,-0.1085960995823706,0.3102294436325275,-0.24414754248484505,0.4937196115401492
2.904586661849289,-1.2539614724734087,-5.2814694434137195,0.12089459458593521,0.22420625302621017,-0.003276344337164182,0.002972367965301936,-0.28750836811288044,1.2996607023075792,0.12169306208859945,0.0,1.251972773523904,-1.4027558338140582,-0.16998226141812103,0.23343558543732415,0.9154824365349995,-0.0704904855659675,-0.14305810436475774,-0.8213054446826019,-1.402802752723553
3.1980206568553573,-1.2490149272949371,-5.072635360012911,0.15079411623200828,0.22420625302621017,0.004701019608969568,0.002972367965301936,-0.2774931090344029,1.3364532409673606,0.14436921149719442,0.0,1.3268128187318298,-1.5694270419517358,0.13549521162765,0.17779596006732976,1.0257512092133614,0.010724779904480654,0.1339325132954641,0.8476071995032464,0.015545593859136465
-1.5889219164921664,-1.6836999192478934,-6.269632772041665,0.09769752684292542,0.15786916132973636,0.003031808827126007,0.003294392949378345,-0.33423195280148993,0.974774767389249,0.060115950975252234,0.0,1.041416250888868,-7.329152652663064,-0.27051195335534295,0.07870019559763893,0.7874147244797378,-0.09195451825612314,-2.7925107518725234,-0.7046970432665169,-2.9671425143864365
-1.6279879462386004,-1.9781327794219137,-6.0786196007717965,0.12388320397751008,0.15786916132973636,0.01100917277325976,0.003294392949378345,-0.3256317373162033,0.9531125849837845,0.07236710323571424,0.0,1.071974165991392,-7.221696726601974,-0.007932711374427848,0.032926293072667395,0.8484097978969579,-0.014107022555722677,-2.3361447053191826,-0.13245853394810292,-2.347074737682853
-3.076125255192602,-0.9579582708290223,2.115355459145992,0.20308285961275482,0.09822312055283826,-0.0486143365022627,0.00999334305597784,-1.1126084074811111,-7.266562706311688,0.1626452037618822,0.0,1.7447064466456217,-0.11085626388177654,-0.5779792304317761,-0.03531939695171761,-0.30315418300144503,-0.9705340429852145,-0.8125538530988345,-0.8203419528233385,-0.03950021738959997
-3.076125255192602,-0.9579582708290223,2.115355459145992,0.20308285961275482,0.09822312055283826,-0.0486143365022627,0.00999334305597784,-1.1126084074811111,-7.266562706311688,0.1626452037618822,0.0,1.7447064466456217,-0.11085626388177654,-0.5779792304317761,-0.03531939695171761,-0.30315418300144503,-0.9705340429852145,-0.8125538530988345,-0.8203419528233385,-0.03950021738959997
0.823122088560563,-0.545741506507509,3.647830656010572,0.6118136067064652,0.14682306795410865,0.021450230955157502,0.009614934481800168,-0.30223736562475745,1.7083559053532869,0.35604505204209447,0.0,1.0293358327692936,0.03812469213370824,0.3979568577771545,0.128736391697036,0.8946061617839446,-0.11692520686158318,1.1112382776022733,1.4775945700574713,2.935369598522309
0.9243296988918744,-0.5949845010227475,3.703103037286983,0.5218470092343594,0.1452139893908461,0.010431307594173172,0.006691668877689978,-0.042959121050749144,1.6703252029235147,0.3262674652622655,0.0,0.9434496992094016,0.37499257713690654,0.49481894825264416,0.08523096645366168,-0.5495120850454838,-0.048782622855460304,0.9942747830746609,1.1239364003846135,3.500257410314769
0.8557638292470539,-0.48750702638097215,3.584723640429214,0.5058553004066338,0.17050060808071538,0.0041855210106988994,0.006691668877689978,1.9884775756977429,1.1790811621448822,0.30255713790225647,0.0,1.0050481354723833,0.312554567894812,0.4274254341238153,0.1729909011581366,-1.641508560220351,0.0447438052317435,0.28316994815576924,0.9484639536543674,2.9100278333387846
0.932553474939636,-0.5534199240533832,3.5078326834121167,0.5035323362835347,0.15923797817435756,0.0017689106547487947,0.0064337862424716525,3.055478691740109,0.8706030126161256,0.34431325801613316,0.0,0.9740990548484519,0.20669473885305364,0.3745217803572932,0.17713691770601006,0.2862784135277687,0.025769500003181775,0.3841534969666579,1.050414706128747,2.9630718195194965
-2.5326615000288797,-4.283968625858231,0.7789167970707258,-0.27246030559270873,0.1695747841195557,0.021623605392444317,0.009614934481800168,-0.3753250367186957,1.1382525737657359,-1.5522562540812066,0.0,0.5664040051106691,-0.976859361002186,-0.30631915121249004,-0.26224173403808515,0.4680445865817574,-2.174313048433981,-0.9671765932578154,-6.247555510777942,-0.6892057222778292
-2.2951741037165014,-1.3436546606990656,2.8307006070928415,0.20575563025868226,0.17969460699897147,0.018842090676231465,0.009614934481800168,-0.35440862120904465,1.5581362457224113,-0.10854228328601853,0.0,0.8250001796402494,0.04081964434295668,0.4350043852612178,-0.11487704848138862,0.6144799194179822,-0.06523927352407813,0.6819485937603355,5.775808134573403,0.049545482348549524
-2.3312600520242723,-1.3660746936237387,2.718566605382295,0.20575563025868226,0.16331789856069345,0.01703005914210999,0.009024305855775839,-0.3544703454702799,1.5396918182313246,-0.5074085032902083,0.0,0.7829909537280808,0.04034508544214787,0.4350043852612178,-0.14882828627784764,0.5598612545560548,-0.3187053407111311,0.40706025074160745,1.6472417390855965,-0.18311076819666372
0.5245175772593285,1.7020089318201523,3.9553001698895325,0.26501081408683463,-0.675748631272031,0.1942881163597596,0.008060246955755173,-0.3016029824283227,1.5063285986792743,0.1878093421541267,0.0,1.582938491906329,0.3657403892834065,0.5453094449810233,0.9370460700353249,0.9780258551099967,0.2865846477436152,0.12214342049810965,0.36435530399133037,0.31740432575118077
1.1843689610076245,1.3751264926291333,3.5780047181545336,0.17231452863225444,-1.0371156046447454,0.1860685651429215,0.007070077451867653,-0.2827517656765062,-0.6388446238803321,0.14979103511682015,0.0,1.7339196286847205,0.07892025521314405,0.8122546237318178,0.7394157410364696,-2.85426519464507,0.33523665565003324,1.3194034787986253,0.3052352601298393,3.1740875012595104
1.1843689610076245,1.3751264926291333,3.5780047181545336,0.17231452863225444,-1.0371156046447454,0.1860685651429215,0.007070077451867653,-0.2827517656765062,-0.6388446238803321,0.14979103511682015,0.0,1.7339196286847205,0.07892025521314405,0.8122546237318178,0.7394157410364696,-2.85426519464507,0.33523665565003324,1.3194034787986253,0.3052352601298393,3.1740875012595104
0.5245175772593285,1.7020089318201523,3.9553001698895325,0.26501081408683463,-0.675748631272031,0.1942881163597596,0.008060246955755173,-0.3016029824283227,1.5063285986792743,0.1878093421541267,0.0,1.582938491906329,0.3657403892834065,0.5453094449810233,0.9370460700353249,0.9780258551099967,0.2865846477436152,0.12214342049810965,0.36435530399133037,0.31740432575118077
0.41491278311760665,1.6656046333559347,3.7331206945440147,0.257995584649372,-0.8597162464203354,0.19082888421659827,0.008060246955755173,-0.2884044029931102,1.3434992320308883,0.16804988209632662,0.0,1.440805620435641,0.15431548283888388,0.5384854386567718,0.8650525584284642,0.3610573965334565,0.27783140974178383,-0.9503310245339835,0.387125896985359,-0.7711701558040823
0.41491278311760665,1.6656046333559347,3.7331206945440147,0.257995584649372,-0.8597162464203354,0.19082888421659827,0.008060246955755173,-0.2884044029931102,1.3434992320308883,0.16804988209632662,0.0,1.440805620435641,0.15431548283888388,0.5384854386567718,0.8650525584284642,0.3610573965334565,0.27783140974178383,-0.9503310245339835,0.387125896985359,-0.7711701558040823
-3.1422763423587834,-2.2691682935710196,-6.535298052405391,-5.024659009792479,0.17249291171146522,-0.05561309472412442,0.007679591892191873,-0.39060538623766894,0.957351981360557,0.008127083833105442,0.0,-0.23827916875747363,-1.0432647030838391,-0.43400576461379575,-2.0542998649624074,0.2938849799556268,-3.0279273141779783,-1.1871393930999319,-1.404267179630421,-0.4126745132545212
-3.0384089931543325,-2.23577705677768,-6.376998455899098,-4.7730672833562675,0.15425711476612983,-0.049543862869856126,0.007679591892191873,-0.3777327118492244,0.5759496232097504,0.007402579947140061,0.0,-0.13343055674196147,-0.9834508156078218,-0.26334727266380614,-2.0939044633136614,0.07742204957908164,-2.981890821860783,-1.509609621431266,-1.3375887923737562,-0.11203015548656715
-3.1059173908563475,-2.2909341754459245,-6.450641860122209,-4.888173944353842,0.17080792354490096,-0.05561309472412442,0.007679591892191873,-0.39666625269626343,0.8248908829139201,0.008907166213176639,0.0,-0.22244133286051318,-1.039042404881018,-0.31843471943806934,-2.225050963019402,0.4089183036116667,-3.0371100450039474,-2.07243281740238,-1.3377557429239453,-0.31978845827365454
-3.0968064279891334,-2.2919491984116522,-6.466289013353426,-4.9164685880058006,0.17080792354490096,-0.05561309472412442,0.007679591892191873,-0.3995266678895349,0.6899956702243388,0.0096712904333122,0.0,-0.2374121879418905,-1.0934966295693112,-0.36640420305703003,-2.225050963019402,0.40545920185357226,-3.0557518438773497,-2.0751907892615424,-1.3684884092130774,-0.3200435336851116
-3.0715632553572325,-2.384483420868434,-6.472288007259465,-4.188334501671531,0.12224327484550099,-0.06042235153388393,0.008622783644117034,-0.6610955765547177,-1.8682837538508008,0.003739677661043323,0.0,0.0031054253530539357,-1.0075586576052722,-0.21037377554157405,-2.1368371507682156,0.33089092816441174,-2.9243022018347915,-2.176245348885293,-1.4038492936802123,-0.25896703948110594
-3.1221258504712206,-2.3854523553536633,-6.428037227813016,-4.468217595071506,0.1627156222701837,-0.060464447609539854,0.007679591892191873,-0.4921001750162455,0.018253964587684107,-0.002733931963615848,0.0,-0.06787825430077031,-0.9938184249208089,-0.2521946054982516,-2.1744661111146613,0.4459950840417124,-2.9736569795129038,-2.120025044991611,-1.3407231327307965,-0.29624470508468054
-2.877191908593938,-2.242094692816589,-6.39758376270618,-3.774517435106432,0.10842575503952892,-0.044500858389492776,0.008622783644117034,-0.4544839267640695,0.5150662168963479,0.0027350998952429735,0.0,0.1276408169650627,-0.8970202063310563,0.019525461433545395,-2.0048850275814414,0.48816751298117084,-2.7774237057494173,-1.196790355902749,-1.0846150782947401,-0.07012844615339306
-0.6594071073558385,0.022323613520197384,3.9881769323814664,0.2291429933923499,0.17864196107052097,0.02144383337551122,0.00528851258713076,-0.27776149951105616,1.3983458293897408,0.272749862411336,0.0,1.1273485917048203,0.1755855180260008,0.11442712996344354,0.22580011563435468,0.8736859224978226,0.4761340969337129,0.10587166926960537,-0.4656703072428567,-1.9890065632853906
-0.673242831311887,0.6036795138041364,3.99643156205267,0.2291429933923499,0.1781566484347734,0.02362014353345926,0.00528851258713076,-0.27868945860018535,1.4727521461773545,0.2790728769934486,0.0,1.1761081760743117,0.23652236086091066,0.11442712996344354,0.23239630577377188,0.8615877811447791,0.47479383288073274,0.05915514196713849,0.20978595677800566,-2.0049766442925394
-0.6563162489034361,0.8001729976919296,4.004621933429502,0.21488111192695886,0.1781566484347734,0.02362014353345926,0.00528851258713076,-0.297357061169489,1.562425886130391,0.3033292870175612,0.0,1.1033432558845446,0.38142071910998226,0.00648915040652677,0.2387386207890931,0.8940434764804212,0.41821236783138954,0.4407333415467777,0.4044375836724293,-2.4768346264953944
