pred,true
43.035538,14.697
42.432724,8.66667
32.75143,24.5
43.515617,9.51515
42.427124,7.15152
42.453995,9.36364
