pred,true
39.11763011163546,40.7
36.14736067110546,30.39
37.86350041386182,37.2
20.21779339300471,30.98
9.735352894750246,26.7
25.128799529840123,12.09
36.21158197283077,42.3
19.74293164820834,12.94
12.340577566865925,14.64
35.11772782034443,35.42
16.49237658583909,13.65
10.619123369542393,7.15
16.47436620732117,16.95
22.122959866257407,13.35
