pred,true
0.182318857796321,0.17
0.18228571428571425,0.28
0.18206912981804718,0.06
0.18653060368513688,0.31
0.18228571470072177,0.21
0.1632509297600462,0.05
0.18228571428571425,0.3
0.18228571428571425,0.28
0.3790372534467849,0.34
0.37999381620133454,0.31
0.18228571428571425,0.36
0.18225420413051083,0.03
0.18228571177566263,0.15
0.1778409662420031,0.12
0.17767137874432498,0.01
0.18228571428571425,0.07
0.18228571428571483,0.36
0.24297762246432061,0.2
