pred,true
1351.833644101571,16.545
10.825887838645478,0.594
61.04942049002923,98.76
1.1071282276832748,0.00765957
50.86249643892926,59.1108
65.17362369893003,15.1692
1314.9074239581794,43.017
9.31773536070021,0.132
279.0858122010461,3.549015
2192.8040252277874,770.0
2994.6711596852647,2830.0
11407.84171,13280.0
4722.807347292355,10947.075
49.09271838570601,92.790225
5.6342086286518445,4.8047535
22.838343753500855,0.0776
