pred,true
51.37952043076202,92.790225
196.74194531107892,1.3885725
0.7148271937486886,0.555048
0.08546826879225525,0.035175
196.74194531107892,3.549015
7.992092687772169,4.8047535
2022.5735630899997,2480.0
9944.604825,13280.0
2817.4582014350003,2830.0
4.688651860666377,0.0776
36.09771432902046,19.284
101.10925836590351,0.076138178
0.7148271937486886,0.405612
51.704048071521534,15.1692
6.822692567821051,0.1535
17.576785712413784,0.099
