pred,true
59.33993882013627,92.790225
63.169213166620146,1.3885725
0.7641517219017223,0.555048
0.25428000991802824,0.035175
63.169213166620146,3.549015
4.858297554839847,4.8047535
2037.162880903746,2480.0
10134.414077500003,13280.0
2322.381543923,2830.0
6.40509343624277,0.0776
36.692329506010026,19.284
5.007199076392505,0.076138178
0.7641517219017223,0.405612
56.11141479126113,15.1692
6.584802875098834,0.1535
5.176213531376303,0.099
