{"rf(k)": 9.128062494025114, "xgb(k)": 8.79109827689738, "lgb(k)": 9.337190861844782, "cat(k)": 8.945065949848994, "lr(k)": 10.572313839575257, "ridgelr(k)": 10.366131736498916, "mlp(k)": 10.331692193564335, "svr(k)": 11.727748889031623, "gsr(k)": 20.388440159650372}