{"rf(k)": 137.57557895219585, "xgb(k)": 136.48401284328546, "lgb(k)": 147.55718574409346, "cat(k)": 152.26051431215123, "lr(k)": 164.9059878925565, "ridgelr(k)": 157.23341425553082, "mlp(k)": 202.9469741005266, "svr(k)": 219.8364937135175, "gsr(k)": 641.9500715364534}