{"rf(k)": 0.3778179018589657, "xgb(k)": 0.382754482152315, "lgb(k)": 0.3326763360091167, "cat(k)": 0.31140565076825966, "lr(k)": 0.25421681431802434, "ridgelr(k)": 0.28891583575761415, "mlp(k)": 0.08217741027195324, "svr(k)": 0.00579498230444131, "gsr(k)": -1.9032030644706404}