{"rf": 0.4398313165240053, "xgb": 0.43701526607814234, "lgb": 0.47331230824073744, "cat": 0.4739522719607582, "lr": -0.3193244557603738, "ridgelr": -0.28726610973927924, "svr": -0.09851973845985018, "gsr": 0.28919064667226413}