{"rf": 0.004849590519871589, "xgb": 0.004873970125423606, "lgb": 0.00455973300941988, "cat": 0.004554192603322174, "lr": 0.01142188694588893, "ridgelr": 0.011144345813132398, "svr": 0.009510297641897729, "gsr": 0.006153743333068645}