{"rf": 0.05216621029118284, "xgb": 0.05480021142957466, "lgb": 0.048753043446372844, "cat": 0.05063995281689264, "lr": 0.0928263126328402, "ridgelr": 0.09129067468460479, "svr": 0.08472441206371246, "gsr": 0.06040090095284063}