{"rf": 0.22271488307644077, "xgb": 0.24826834749582466, "lgb": 0.25609984981516104, "cat": 0.21408226933619542, "lr": 0.28322799354562284, "ridgelr": 0.27352463461356163, "svr": 0.22369433180525505, "gsr": 0.2956085904264003}