{"rf": 0.10130778097478073, "xgb": 0.12789620338730648, "lgb": 0.12672236150744384, "cat": 0.09172762198032476, "lr": 0.15896213199069215, "ridgelr": 0.14493871329127545, "svr": 0.1180113852877289, "gsr": 0.16053896886512956}