{"rf": 0.47085346938535877, "xgb": 0.33197794236530775, "lgb": 0.33810910378492376, "cat": 0.520892151961132, "lr": 0.16971569377360474, "ridgelr": 0.2429622231196582, "svr": 0.3836079075350153, "gsr": 0.1614796258879455}