pred,true
36.3788415650406,37.1
41.24330520325209,42.3
34.531168377177636,36.4
11.811859088027493,8.07692
38.03307418699179,45.38
42.57033900406485,40.7
14.552809471302766,16.9527
20.471481773938628,13.4
14.552809471302766,10.9172
5.873244911542839,6.19
39.58994199864504,38.8
14.552809471302766,12.9586
