pred,true
0.20908175036076196,0.17
0.1919374763990105,0.28
0.0697905973889254,0.06
0.258999185217215,0.31
0.2103626739467312,0.21
0.07300165169546355,0.05
0.18188031415853917,0.3
0.19183441795596673,0.28
0.33297619051969335,0.34
0.3236798368184559,0.31
0.20536898710653875,0.35
0.17478635508816157,0.03
0.12973821063420224,0.15
0.12367351177341065,0.12
0.036547327917137995,0.01
0.14567350048196243,0.07
0.26239294481206143,0.35
0.2061840112592092,0.2
