pred,true
0.20459924338425584,0.17
0.2224681779610882,0.28
0.04463537159601183,0.06
0.2520761473245887,0.31
0.17190871679191688,0.21
0.07513531639788107,0.05
0.4530481205293584,0.3
0.40249781375535,0.28
0.2858406819310292,0.34
0.2885098414356213,0.31
0.18647795253267407,0.36
0.23872710563393063,0.03
0.17346774524741204,0.15
0.1486431882221464,0.12
0.07907252413066729,0.01
0.10633067739765478,0.07
0.26689797256729697,0.36
0.046766629637225166,0.2
