pred,true
21.77325491426753,13.648
37.3846534846298,51.5
12.879239471584548,12.09432553
34.859861273841624,15.25488117
15.69920707293696,17.0414
15.763580615404289,10.9172
22.33328692343422,12.943
30.463604226244108,60.2
7.368151285604084,13.35330033
12.54571074944275,11.8935
35.358071277675194,24.5
48.239877977455386,14.697
36.979447505473246,42.9
11.541278203368387,8.07692
42.82783833854185,23.9
15.259623239680637,12.9586
8.441969160262255,7.15152
