pred,true
13.254916217702906,8.07692
4.619660455913159,13.35330033
9.484851166603384,5.167
11.238603032162878,15.59457151
46.58481282356668,42.3
42.826798725963734,23.9
18.72312163465879,11.4497
50.952823699401364,14.697
27.33618048911762,24.5
21.864773374659357,12.9586
26.94631226647632,21.8343
40.489085120012746,24.52
12.8886114640293,12.83668421
20.62955351263923,10.9172
6.1099750083972815,7.15152
59.278208598364536,59.0
10.205926752862709,10.8284
