pred,true
8.434515754819126,8.07692
-31.60224764236494,13.35330033
8.845650762271893,5.167
6.98051822343906,15.59457151
50.17167908050846,42.3
41.48618737441215,23.9
17.520572889369202,11.4497
64.33041671454072,14.697
29.027188256909273,24.5
14.9942576534014,12.9586
18.493736749525166,21.8343
21.652124143118318,24.52
12.164640183729018,12.83668421
16.56416480848311,10.9172
4.465740921623662,7.15152
58.99736212492883,59.0
9.731217053247933,10.8284
