pred,true
13.867012328612658,9.36
13.867012328612658,7.36
39.50517618605532,24.5
22.674450204168668,5.17
11.833302152479023,14.7
55.54289514783001,45.38
37.39284154273971,9.8
30.229489572576814,35.38
24.827829625119914,11.8
37.03728011159488,33.3
34.40061734333549,40.7
16.214772292745742,10.92
