pred,true
42.78162935325664,40.7
37.22593748190226,30.39
42.23457203460939,37.2
27.419165101370993,30.98
8.220413766177536,26.7
18.11790999887949,12.09
37.45289692189826,42.3
19.073191081744874,12.94
11.536569074231956,14.64
36.13679072420957,35.42
15.936045975017535,13.65
7.747618180066162,7.15
13.920172617780452,16.95
15.462530352946821,13.35
