pred,true
0.21442351569965618,0.17
0.2169762810685002,0.28
0.1337393984779779,0.06
0.25858635728524904,0.31
0.18940769821521733,0.21
0.14123974920327015,0.05
0.24331896066280295,0.3
0.21839040516456365,0.28
0.2431205625141417,0.34
0.2431205625141417,0.31
0.20390272214427466,0.36
0.2557887951965811,0.03
0.11929145320725366,0.15
0.1806788909226898,0.12
0.07558528789196227,0.01
0.10109114569908645,0.07
0.2607355533787359,0.36
0.1725941146667235,0.2
