pred,true
0.17610391117211632,0.17
0.17713989685328607,0.28012436
0.022298330052194996,0.06
0.27270002756185496,0.31
0.22841069878238485,0.211626934
0.022298330052194996,0.05
0.19921374948157144,0.3
0.23618553690025107,0.283
0.336055733603394,0.34
0.35987510734610023,0.31
0.22639254092901,0.355
0.17788425241526754,0.03
0.031894586008885444,0.147816393
0.13896648002706627,0.12
0.04748256066189781,0.009720585
0.12435674339059676,0.07
0.2631627635831198,0.355
0.10609025313940876,0.197
