pred,true
8.038732255106662,4.484824281
-1.7746348034099326,0.18
0.7007816336944293,0.6
1.8776661354553696,3.306709265
0.75796727047725,1.12
-0.5953474471543776,0.17571885
1.2847397853905775,0.008
0.3803468967397614,0.03
4.492332250254886,1.7
2.454606342507172,0.4
2.673392546591941,1.1
-0.18343486352747496,0.08
