pred,true
0.21311926605504602,0.17
0.19232415902140657,0.28
0.06064220183486223,0.06
0.26571865443425086,0.31
0.2171559633027524,0.21
0.059724770642201684,0.05
0.22703363914373148,0.3
0.22333333333333383,0.28
0.3581651376146777,0.34
0.3548318042813444,0.31
0.23344342507645285,0.36
0.15208970438328245,0.03
0.1128134556574924,0.15
0.1329969418960248,0.12
0.01532110091743107,0.01
0.13189602446483206,0.07
0.3285321100917432,0.36
0.20772171253822594,0.2
