pred,true
5.1156416,4.484824281
0.36525968,0.18
1.1923916,0.6
5.6038136,3.306709265
0.67975944,1.12
0.74219346,0.17571885
0.059058174,0.008
0.21273504,0.03
1.2552103,1.7
1.4402786,0.4
1.1128488,1.1
0.19512054,0.08
