pred,true
0.20600005830677043,0.17
0.20229930358302445,0.28
0.046808361082673305,0.06
0.26884135809690746,0.31
0.22457715719621815,0.21
0.05171297843785572,0.05
0.19152480386977658,0.3
0.20444669090600387,0.28
0.349513639976415,0.34
0.3448201998219135,0.31
0.21313370133555262,0.35
0.171136754315949,0.03
0.14170807112683897,0.15
0.1251163862311222,0.12
0.03161533774605488,0.01
0.13936094968546,0.07
0.28786987489846155,0.35
0.21613753233754665,0.2
