pred,true
1644.4074307500005,2830.0
168.64240099749776,17.671425
51.9281542450003,92.790225
1145.3352856125089,5.4021825
1209.3377992950002,2480.0
9129.081073445,13280.0
18.45486109499982,5.55165
