pred,true
0.30829098989691617,0.27
0.1700056863297726,0.05
0.14853953840048473,0.24
0.3055833530969503,0.21
0.07413817816434032,0.03
0.15567685278616256,0.04
0.21147011590175563,0.25
0.15588947410704146,0.14782
0.11137700974357123,0.12
0.19102288908322784,0.04746
0.21026586884791054,0.06
0.16553601497615844,0.28012
0.021170004384671648,0.20367
0.17677883667878697,0.05
