pred,true
39.3914321523816,40.7
36.55920217910046,30.39
37.902638437883994,37.2
20.304714247138552,30.98
9.472610640340209,26.7
24.946265714501443,12.09
36.6208748582624,42.3
20.75319265814549,12.94
11.890205801068184,14.64
35.55872829199327,35.42
16.76425835848589,13.65
10.250684730348425,7.15
15.96074390322375,16.95
21.691549284070646,13.35
