pred,true
0.21820693043375017,0.17
0.2131674365761123,0.28
0.14886644809595476,0.06
0.26776397505097443,0.31
0.18364303720845868,0.21
0.1500003164909765,0.05
0.25158248878547684,0.3
0.2249210824550903,0.28
0.24546658276953084,0.34
0.2449115430918314,0.31
0.1881653298496478,0.36
0.25441076775795995,0.03
0.10462492991513807,0.15
0.1720631731786298,0.12
0.08738838935731222,0.01
0.094165651752784,0.07
0.2472585518475345,0.36
0.175490187050796,0.2
