{"rf": 0.007439165946253821, "xgb": 0.007085634471486548, "lgb": 0.005702438339215757, "cat": 0.013754909241249981, "lr": 0.011412072600040112, "ridgelr": 0.011107008634264646, "mlp": 0.5348567958410855, "svr": 0.014042215000809127, "gsr": 0.027007965742781203}