{"rf": 0.0684203984661646, "xgb": 0.06678994937723393, "lgb": 0.06201340220168101, "cat": 0.10532002969928161, "lr": 0.09160835303355037, "ridgelr": 0.08875692772039244, "mlp": 0.31436131383865035, "svr": 0.10160495110424725, "gsr": 0.12048020060387701}