{"rf": 0.46316133174071694, "xgb": 0.4886735151592595, "lgb": 0.5884902385600292, "cat": 0.007393138901757079, "lr": 0.17646119189357368, "ridgelr": 0.1984757744830732, "mlp": -37.59731212654935, "svr": -0.013339943604975035, "gsr": -0.9489981089947714}