{"rf": 3.9150106666666553, "xgb": 4.645408819743565, "lgb": 5.029944730912687, "cat": 3.37014857621307, "lr": 5.015146095779613, "ridgelr": 5.956617309484597, "svr": 6.534150081352431, "gsr": 9.287131176188385}