{"rf": 5.881618155867673, "xgb": 5.440110388544256, "lgb": 6.070933109160232, "cat": 5.731920273649888, "lr": 9.588667792029996, "ridgelr": 9.587047468885263, "svr": 9.541409723026899, "gsr": 7.686080840612828}