{"rf": 60.307522267946496, "xgb": 53.620203316888826, "lgb": 67.37636042267606, "cat": 59.74401806934223, "lr": 137.28551992160763, "ridgelr": 136.81273007919498, "svr": 147.7157644423207, "gsr": 108.10810761400623}