{"rf": 0.6381697985093855, "xgb": 0.6782920564383812, "lgb": 0.5957585198223523, "cat": 0.6415506841776093, "lr": 0.17632087230715388, "ridgelr": 0.17915749429906436, "svr": 0.11374198770701727, "gsr": 0.3513781218377875}