pred,true
31.02744004378761,32.1
11.090099731225141,21.8343
10.685842406878677,12.07359141
29.955668817715637,24.52
21.140136650342594,30.39
10.685842406878677,11.37670302
-19.509498109635384,19.2604
10.685842406878677,23.66981428
22.082934021385594,12.09027942
11.31665731026737,14.645
13.57043943538142,26.7
34.67394748384956,42.5
17.992732672716546,35.42
12.244026544440679,16.9527
34.153737006521766,37.2
