pred,true
40.36347826086959,40.7
36.297652173913086,30.39
36.42843478260875,37.2
20.066144927536218,30.98
11.719043478260874,26.7
27.934434782608676,12.09
36.27886956521737,42.3
10.741304347826098,12.94
16.34791304347825,14.64
36.20147826086961,35.42
14.419637681159418,13.65
8.506173913043483,7.15
16.467463768115945,16.95
18.317333333333323,13.35
