{"rf": 0.25026162301135996, "xgb": 0.26021027696921545, "lgb": 0.2555817234393029, "cat": 0.2204379555660434, "lr": 0.4116929699893753, "ridgelr": 0.4136606321008941, "svr": 0.3512542519306837, "gsr": 0.46744867721774425}