{"rf": 0.730492135237679, "xgb": 0.7207131412307255, "lgb": 0.7459565155670802, "cat": 0.7922499378599619, "lr": 0.28249383863354116, "ridgelr": 0.27733379209640197, "svr": 0.33835269775369836, "gsr": 0.11553257304415931}