pred,true
40.97481999999985,40.7
35.3554599999998,30.39
35.145319999999856,37.2
21.041740000000107,30.98
12.286079999999972,26.7
14.174119999999933,12.09
35.67516000000001,42.3
11.995000000000049,12.94
15.20959999999998,14.64
35.144139999999794,35.42
12.949030666666689,13.65
8.542460000000029,7.15
15.533579999999954,16.95
22.50374000000001,13.35
