pred,true
91.02714614944806,88.56
82.83844875356733,75.7692
91.13161419009425,103.0
75.08645144121508,85.7143
85.95144574617096,77.8462
88.53214126597503,52.0
90.07990707914688,56.41
88.29308380769196,65.5
66.22506433390129,66.1479
80.31772853537016,85.7977
81.32287832892808,102.028
94.68235744052313,85.6
98.95630908506189,107.9
57.045266282101515,52.5
86.65217196091236,103.327
57.400449696697024,51.5
84.39363230561013,94.3868
97.83547674148215,81.0
