pred,true
55.762558,59.3214
51.450886,47.7
54.107307,52.88
30.89219,29.97245
34.08669,40.8
53.127956,43.8
63.431187,65.7655
44.176594,49.13
52.80217,54.2
56.26076,60.1
51.01336,44.0
54.107464,55.3
37.691673,45.0
16.03653,16.94
42.433323,43.09
33.715496,56.3
17.30381,17.17
57.457714,60.6
46.800148,61.6828
60.120773,62.73
43.751774,48.9
49.127064,48.8
42.191273,47.0
52.591496,41.0
50.657684,69.28
53.441628,52.1
34.63247,28.0
57.536724,54.13
