pred,true
-2.7952784255915617,50.3
72.06273949017387,32.42727273
249.18541682201885,3.172581818
249.88049787662857,4.066472727
-467.85669856937506,57.35448
-129.4932229598724,57.1375
-506.9638299663347,873.77
109.6222038131007,27.6
-27.147218751031744,43.75
520.249820170375,13.16755653
160.07645252795754,18.42655855
1182.2750618154168,1464.37
-493.8275095817755,50.772096
346.55455611542067,6.8
223.28246028047278,29.9307
793.0525988130091,1304.756602
