pred,true
70.59651050514272,2830.0
60.539341164477015,17.671425
61.13204718148923,92.790225
60.65506104583774,5.4021825
69.75497130511053,2480.0
70.7700119458398,13280.0
60.65286872322279,5.55165
