pred,true
0.0,0.02
0.0,0.136
0.8370089530944824,0.327734621
0.0,0.9
0.0,0.279
0.0,0.067086304
0.0,1.03
0.0,1.27637
0.0,0.47
0.0,1.0
1.049999999895,1.07
0.0,0.41
0.0,2.06
0.0,1.24
0.0,1.45
0.0,0.645
0.0,1.2
0.8370089530944824,1.098572328
0.0,0.07
0.0,0.153571429
0.0,1.5
0.0,0.0149
0.0,0.4
0.0,0.170499603
0.0,0.228125
0.0,1.4
0.0,0.13
0.0,0.1
0.0,2.02
0.0,1.97
0.0,0.042231076
0.8370089530944824,0.490720134
0.0,2.1
0.0,0.01
0.0,0.11
