pred,true
0.19490569276452088,0.02
0.24370160275054306,0.35
0.2495692124432355,0.15
0.22453407006715242,0.31
0.22945482927417618,0.06
0.17812953379650928,0.16
0.2488986439052468,0.27
0.24818302938382764,0.15
0.2495692124432355,0.34
0.2495692124432355,0.28
0.19344116240117357,0.4
0.24818302938382764,0.02
0.22945482927417618,0.09
0.24885359792181633,0.3
0.2495692124432355,0.41
