{"rf(k)": 0.6707204353641467, "xgb(k)": 0.7013078712503805, "lgb(k)": 0.6325664488905314, "cat(k)": 0.7014725954793692, "lr(k)": 0.22733957563608742, "ridgelr(k)": 0.23683004662298301, "mlp(k)": 0.48958261656974356, "svr(k)": 0.20736957905930042, "gsr(k)": -0.7095626996530047}