{"rf(k)": 8.835080573312766, "xgb(k)": 7.675841491540172, "lgb(k)": 8.410739784304377, "cat(k)": 7.8493352614400305, "lr(k)": 14.82107012444343, "ridgelr(k)": 14.63035019866587, "mlp(k)": 10.699861364832403, "svr(k)": 13.880324452741577, "gsr(k)": 21.56715992717022}