{"rf(k)": 152.48740721919916, "xgb(k)": 138.32254765090687, "lgb(k)": 170.1562913446749, "cat(k)": 138.2462648405465, "lr(k)": 357.8144453101306, "ridgelr(k)": 353.41946466296787, "mlp(k)": 236.37125336023033, "svr(k)": 367.062431906378, "gsr(k)": 791.6883145695114}