{"rf": 0.26964539215686273, "xgb": 0.2419868308656356, "lgb": 0.25929888822878716, "cat": 0.22122915762445194, "lr": 0.4226438658423715, "ridgelr": 0.4297604709556656, "svr": 0.34065647614188516, "gsr": 0.4685277085832511}