{"rf": 0.6912439466030387, "xgb": 0.7620537492104458, "lgb": 0.739880925588408, "cat": 0.7920552048276049, "lr": 0.22771276689323472, "ridgelr": 0.2116697597599505, "svr": 0.34730493326388256, "gsr": 0.11422457976148359}