{"rf": 0.12552194235441178, "xgb": 0.09673486639840816, "lgb": 0.10574902452712898, "cat": 0.08453804971710464, "lr": 0.3139662930930235, "ridgelr": 0.3204884305359013, "svr": 0.2653471944614064, "gsr": 0.360103874935811}