{"rf": 0.539155817118243, "xgb": 0.5108758551425197, "lgb": 0.4699131781498401, "cat": 0.5176190950376559, "lr": 0.2059281860822807, "ridgelr": 0.22115937580614675, "svr": 0.23488105131654613, "gsr": 0.2518052127814139}