{"rf": 5.071305943474728, "xgb": 5.096272227037941, "lgb": 5.10837764151489, "cat": 4.967894835513238, "lr": 6.700275881893379, "ridgelr": 6.632986883268999, "svr": 6.541357242133353, "gsr": 6.21653098633237}