{"rf": 43.25065421513322, "xgb": 45.90475488964027, "lgb": 49.749140137725625, "cat": 45.27189556792663, "lr": 74.52437661462437, "ridgelr": 73.09491532488288, "svr": 71.80712334486601, "gsr": 70.2187750861968}