pred,true
40.66334229390178,40.7
35.956833614672156,30.39
32.79904457296287,37.2
22.479873930649884,30.98
12.214614668891578,26.7
23.06227962611784,12.09
40.383722015119275,42.3
10.925203043045743,12.94
15.178498422092222,14.64
35.85378270835602,35.42
16.928758595659662,13.65
8.86055991320098,7.15
14.872164140693846,16.95
17.79689358021907,13.35
