{"rf": 0.7361212989341082, "xgb": 0.7506201539426293, "lgb": 0.7031808541759311, "cat": 0.7990185834362398, "lr": 0.324167376057777, "ridgelr": 0.3279028548337102, "svr": 0.3975299587101613, "gsr": 0.09041268935922142}