{"rf": 0.25216681823855425, "xgb": 0.25562467541764766, "lgb": 0.28117556199000854, "cat": 0.1883953573549001, "lr": 0.40409109136702337, "ridgelr": 0.40390841241053627, "svr": 0.3598150192761993, "gsr": 0.47678239975112147}