{"rf": 0.10727746626934928, "xgb": 0.1013830897136135, "lgb": 0.12066910203672526, "cat": 0.08170715199481371, "lr": 0.2747535561825569, "ridgelr": 0.27323493153886136, "svr": 0.24492867090711257, "gsr": 0.36978438063452684}