pred,true
10.750659570451063,8.07692
-4.793075145772129,13.35330033
9.670690062052813,5.167
5.637438489523774,15.59457151
38.63685764871459,42.3
40.05351379658646,23.9
19.79996207877448,11.4497
35.50863636375269,14.697
31.89961640449453,24.5
16.111087381947513,12.9586
24.977035060005807,21.8343
27.58953265084807,24.52
15.644447659475063,12.83668421
18.29467022478871,10.9172
5.970597912530955,7.15152
40.45491021375396,59.0
13.100375213243595,10.8284
