pred,true
-1856.2380140596638,13.648
49.572316514789975,51.5
18.125848369298275,12.09432553
27.362007122383247,15.25488117
15.422787806979269,17.0414
7.037372708353814,10.9172
12.3724407441307,12.943
50.25638229856501,60.2
-6.419785385691661,13.35330033
14.123590484905186,11.8935
42.81845373981104,24.5
18.38304919820999,14.697
37.50216941423247,42.9
5.894717526543154,8.07692
36.48309040387191,23.9
4.146441950119353,12.9586
3.4807971205544064,7.15152
