pred,true
10.998332016842902,8.07692
-4.312549209797766,13.35330033
10.022874007739404,5.167
5.796669945983787,15.59457151
37.93806047295645,42.3
40.490901250864425,23.9
20.61095583304227,11.4497
35.12814691521257,14.697
31.224228230912264,24.5
15.911596932883612,12.9586
25.402280702567495,21.8343
27.582874348315645,24.52
16.193111054052334,12.83668421
18.59888938993781,10.9172
5.705549280582439,7.15152
39.830315294032275,59.0
13.849290832280197,10.8284
