pred,true
42.483114905764445,50.3
38.64613777779888,32.42727273
3.939602958951683,3.172581818
4.26608770149845,4.066472727
134.8609527317908,57.35448
43.41986376253768,57.1375
454.98876270084935,873.77
38.95454189936813,27.6
42.4082182438542,43.75
431.2895694177442,13.16755653
21.61723349718171,18.42655855
131.24436519806753,1464.37
134.8609527317908,50.772096
7.518383333333435,6.8
26.680846167800464,29.9307
1213.844169518133,1304.756602
