pred,true
34.609610935549256,37.1
37.68052231546591,42.3
-3.8372304842816334,36.4
11.90772270099643,8.07692
34.382691919377805,45.38
37.97604327472055,40.7
7.458270936905876,16.9527
10.920346298125708,13.4
8.8251560407096,10.9172
0.901728686792751,6.19
37.43767948906299,38.8
5.340154534582155,12.9586
