pred,true
33.45569433209716,40.7
30.889417811495704,30.39
34.00092113166458,37.2
19.91036314607801,30.98
8.677202701862408,26.7
15.38172191775558,12.09
36.72120236049723,42.3
10.256126266428563,12.94
15.58340980528931,14.64
30.889417811495704,35.42
8.692056593721011,13.65
13.833555294344967,7.15
15.58340980528931,16.95
20.4870361026362,13.35
