{"rf(k)": 54890.46171241782, "xgb(k)": 27099.040913509267, "lgb(k)": 111868.50613320142, "cat(k)": 16666.713143451896, "lr(k)": 122016.04709446621, "ridgelr(k)": 96198.87918378739, "mlp(k)": 4452.821869567766, "svr(k)": 3115582.457629001, "gsr(k)": 88267.61497720906}