{"rf(k)": 65.6924481191679, "xgb(k)": 50.14951156911174, "lgb(k)": 219.7009198473286, "cat(k)": 50.63580330498067, "lr(k)": 298.58537336619116, "ridgelr(k)": 243.38435182682383, "mlp(k)": 34.59974853845101, "svr(k)": 444.20501256261974, "gsr(k)": 64.1177894322211}