{"rf(k)": 0.9812308503652377, "xgb(k)": 0.9907338007734569, "lgb(k)": 0.961747876306233, "cat(k)": 0.9943010129055202, "lr(k)": 0.9582780436834958, "ridgelr(k)": 0.9671059214703517, "mlp(k)": 0.9984774097837849, "svr(k)": -0.06533688226291812, "gsr(k)": 0.9698179242490134}