pred,true
389.9389053682329,200.0
466.2064104831991,170.0
364.6925094114472,3.969924812
8.828988032543577,2.706
7.336593598461889,0.368384545
0.4679487544959784,0.774
35.100852838094795,2.177509091
17.163186257663995,0.527
49.09831056330603,1.042185455
-44.82160438803521,14.66
