pred,true
0.20657673236649354,0.17
0.2653933864681838,0.28
-0.011654484860247116,0.06
0.21130009342964062,0.31
0.1701525793182852,0.21
-0.006289580061763722,0.05
0.11291864962834097,0.3
0.03803885483330327,0.28
0.3015112767859781,0.34
0.30704779758791967,0.31
0.2768995824209025,0.36
0.14611224169084902,0.03
0.10518187237789567,0.15
0.15958444088338164,0.12
0.06619360505083638,0.01
0.12824796189442977,0.07
0.5315204611448031,0.36
0.09025159069656019,0.2
