pred,true
3512.235727276995,16.545
3322.301998699004,0.594
2362.6892547952884,98.76
8928.819460962863,0.00765957
48.89890150511201,59.1108
169.36023969448433,15.1692
7786.310137646906,43.017
-1082.5256189727515,0.132
-3392.173166864566,3.549015
6220.506425708467,770.0
5627.324494783701,2830.0
7580.4816777476735,13280.0
10957.290518423964,10947.075
3800.371896419718,92.790225
-4258.865732881604,4.8047535
3708.550533755355,0.0776
