pred,true
104.19348567653469,92.790225
-531.3750167755388,1.3885725
-1617.0152734646072,0.555048
-84.47070871211508,0.035175
-531.3750167755388,3.549015
-1115.3720224150766,4.8047535
4592.626095885849,2480.0
4013.853789581517,13280.0
10806.47751396616,2830.0
-3408.118867383834,0.0776
-2943.1823739801366,19.284
-2384.517504942831,0.076138178
-1617.0152734646072,0.405612
-1113.2526057430805,15.1692
-8553.80846361102,0.1535
2166.7707902273123,0.099
