pred,true
184.86706875222808,92.790225
-2953.4080364765523,1.3885725
-3589.1702371677693,0.555048
-826.7867420086786,0.035175
-2953.4080364765523,3.549015
-814.2432689101024,4.8047535
7366.9516486343655,2480.0
8282.43142592966,13280.0
9209.86215196179,2830.0
-5891.669635698572,0.0776
-1003.2320755385153,19.284
-1925.4725311997208,0.076138178
-3589.1702371677693,0.405612
-297.74132616717725,15.1692
2762.5908877513193,0.1535
-681.6229201517526,0.099
