{"rf": 0.10956595115323362, "xgb": 0.11354151149778442, "lgb": 0.10327904913172692, "cat": 0.08445888278841426, "lr": 0.29169555069478775, "ridgelr": 0.29379332029915606, "svr": 0.2689866437200991, "gsr": 0.35957212226044916}