pred,true
9.001801197183816,9.36
8.66990210138345,7.36
36.65558676175225,24.5
15.280222558078286,5.17
19.890652620656528,14.7
33.27079182548367,45.38
16.828905922393485,9.8
35.48222017284092,35.38
15.852447250521623,11.8
25.856213692017473,33.3
44.799923308786866,40.7
12.20499993185785,10.92
