pred,true
56.24791,55.63
57.424423,54.86
65.38523,53.94
58.433006,33.71
44.17273,55.1
50.59821,43.6
68.242805,63.12
61.032017,54.1
56.198666,55.3
43.470352,48.8
39.843777,31.4
55.651604,52.9
43.611153,34.44
46.439995,55.0
66.88823,68.4
62.0504,60.1
46.544853,37.55
38.79276,39.7
46.307907,60.6
52.63418,55.95
58.113476,56.55
45.17417,50.26
56.379086,52.99
60.414513,66.5
61.108063,68.08
58.92764,64.55
46.439995,43.0
51.17908,50.3
52.508263,59.37
