pred,true
0.21662673,0.17
0.23468879,0.28
-0.0006882951,0.06
0.27707654,0.31
0.21225916,0.21
0.013692326,0.05
0.19508514,0.3
0.20452169,0.28
0.3967064,0.34
0.419825,0.31
0.2633746,0.36
0.102286,0.03
0.17879082,0.15
0.13342802,0.12
0.031480376,0.01
0.097576044,0.07
0.39236,0.36
0.19712941,0.2
