pred,true
0.20632696765123126,0.17
0.2980704436078543,0.28
-0.018974734063402665,0.06
0.21368135071881855,0.31
0.19379982989147615,0.21
-0.017911540575891838,0.05
0.2807089148324533,0.3
0.19439325448285294,0.28
0.2754419330952653,0.34
0.28223885232331036,0.31
0.40568025261502394,0.36
0.1686889409172645,0.03
0.15984613756127675,0.15
0.1601351099886873,0.12
0.07117994727694432,0.01
0.13244634959899104,0.07
0.4377058859556783,0.36
0.081489465261675,0.2
