pred,true
2.7288485,0.73
8.856453,11.219
0.19916749,0.29833
3.1408365,9.3
0.51765203,0.221071429
1.6262678,1.4
1.4504474,0.228125
2.0699549,1.5
1.3197737,1.2
0.19013357,0.0149
0.642968,0.067
1.2984735,2.01
0.78650284,0.68
0.69594985,0.1
1.0301124,1.3
1.6193966,1.0
0.17219497,0.170472
1.8437122,1.976
1.1036019,1.42
0.91602904,0.8
0.26958448,0.5
