{"rf(k)": 7.82727187547912, "xgb(k)": 7.388967310179159, "lgb(k)": 8.509408938178106, "cat(k)": 7.196069740540017, "lr(k)": 10.31696146177968, "ridgelr(k)": 10.135005716534312, "mlp(k)": 9.799525627224064, "svr(k)": 9.713425070748235, "gsr(k)": 10.79479379419285}