{"rf(k)": 311.48979432233585, "xgb(k)": 291.0596948699252, "lgb(k)": 337.2885809370065, "cat(k)": 294.5426702032897, "lr(k)": 380.57528598425296, "ridgelr(k)": 373.50616996667276, "mlp(k)": 482.5587416563652, "svr(k)": 377.9191545705269, "gsr(k)": 476.09021398397186}