{"rf(k)": 0.1299162839040615, "xgb(k)": 0.18698363306211518, "lgb(k)": 0.05785259341528082, "cat(k)": 0.17725464618561992, "lr(k)": -0.06306005884992483, "ridgelr(k)": -0.04331391356297987, "mlp(k)": -0.3479302077565467, "svr(k)": -0.05564069316598097, "gsr(k)": -0.3298616844936584}