{"rf": 0.005249164114724078, "xgb": 0.00554820652744054, "lgb": 0.006599609576427164, "cat": 0.007466887311410758, "lr": 0.006343859222404679, "ridgelr": 0.00641144194351406, "svr": 0.0126250771920221, "gsr": 0.012053655818497407}