{"rf": 0.053167313785293935, "xgb": 0.04956726187420544, "lgb": 0.061029567946101766, "cat": 0.06128751421161165, "lr": 0.0665614843556201, "ridgelr": 0.06531460364710577, "svr": 0.08343047148991874, "gsr": 0.07871156969321284}