{"rf": 0.684055899386582, "xgb": 0.6660567124558576, "lgb": 0.6027733813512927, "cat": 0.5505724445977964, "lr": 0.6181668447327371, "ridgelr": 0.6140990804999488, "svr": 0.2401040296264254, "gsr": 0.2744975460004192}