{"rf": 180.68735144271548, "xgb": 218.9344154194018, "lgb": 211.50109431728586, "cat": 192.71810799440874, "lr": 275.5543225291739, "ridgelr": 275.5170461084106, "svr": 276.6430891915278, "gsr": 251.86398574884544}