{"rf": 10.061288783413577, "xgb": 11.121237268066405, "lgb": 10.96824974364147, "cat": 10.31924546920707, "lr": 12.393474233592928, "ridgelr": 12.392717740830994, "svr": 12.606894478498612, "gsr": 11.939878861927552}