{"rf": 0.39454112944658315, "xgb": 0.26638039228147836, "lgb": 0.29128844568429135, "cat": 0.3542276918122911, "lr": 0.07665474333150013, "ridgelr": 0.07677965157456967, "svr": 0.07300643353880276, "gsr": 0.15603785695578254}