{"rf": 50.153647101779335, "xgb": 26.97608724573359, "lgb": 50.21109497917166, "cat": 38.30208772210334, "lr": 79.86186367896698, "ridgelr": 65.59436479444507, "svr": 54.2725861510467, "gsr": 127.330831165568}