{"rf": 4.788563146997929, "xgb": 4.3157439129693165, "lgb": 5.514910484456271, "cat": 4.290874617978917, "lr": 6.264762059948048, "ridgelr": 5.854518847926373, "svr": 5.436600250815709, "gsr": 10.145810301780665}