{"rf": 0.6344982629259257, "xgb": 0.8034079809237322, "lgb": 0.6340796034626268, "cat": 0.7208681640323686, "lr": 0.4179954681780307, "ridgelr": 0.5219718672505154, "svr": 0.6044809169420073, "gsr": 0.07205871031361843}