{"rf": 0.8128103293967108, "xgb": 0.6726154003402813, "lgb": 0.07396177519708458, "cat": 0.6514917709134156, "lr": 0.05313411420500702, "ridgelr": -0.16151704249907106, "mlp": -38169.63875143085, "svr": -0.19110307969977702, "gsr": -0.1940842232269422}