{"rf": 276.38542235873774, "xgb": 316.22248120313225, "lgb": 1718.698871029268, "cat": 484.3338954040192, "lr": 6978.431090405403, "ridgelr": 2842.395413288795, "mlp": 3056.9760283362857, "svr": 1167.0243517933375, "gsr": 1159.3303598243588}