{"rf": 0.9322459551229886, "xgb": 0.9151844657795067, "lgb": -0.07116282949478547, "cat": 0.894929659685688, "lr": -9.674575678493124, "ridgelr": -0.5790158901089044, "mlp": -0.5299241234650811, "svr": -0.12595593953028472, "gsr": -0.12449675789955172}