{"rf": 2986325.18468553, "xgb": 5222921.07193242, "lgb": 14773524.969608203, "cat": 5559916.304340854, "lr": 15105798.477854019, "ridgelr": 18530229.71447806, "mlp": 608954219811.1461, "svr": 19002229.73308357, "gsr": 19049789.32312742}