{"rf": 0.9385599572920823, "xgb": 0.8274016171505275, "lgb": 0.6845012913967061, "cat": 0.7660246119674666, "lr": -1.8322193099488047, "ridgelr": -0.07843154387510864, "mlp": 0.21508531710667145, "svr": -0.12511448390158209, "gsr": -0.12515773690961485}