{"rf": 647443.3358994812, "xgb": 1818808.5137596673, "lgb": 3324664.6220799466, "cat": 2465587.5723640597, "lr": 29845381.565723978, "ridgelr": 11364303.889322475, "mlp": 8271279.743486418, "svr": 11856239.719576063, "gsr": 11856695.511443617}