{"rf": 796.8990685628087, "xgb": 1049.3539996627542, "lgb": 2648.246871878499, "cat": 1333.2607031610014, "lr": 2765.654805501717, "ridgelr": 3502.09409447268, "mlp": 195582.70646791422, "svr": 1755.6982915661795, "gsr": 1759.1483228059515}