{"rf": 270.8031581395811, "xgb": 612.5180448323658, "lgb": 1165.2096482192974, "cat": 735.8224229266424, "lr": 4029.68319952071, "ridgelr": 2730.6416104569507, "mlp": 1427.333155475, "svr": 1167.0353057494717, "gsr": 1160.7156781770514}