{"rf": 713979.0745979146, "xgb": 893769.7630333221, "lgb": 11287707.577232175, "cat": 1107211.008309167, "lr": 112486622.43694079, "ridgelr": 16639365.31083583, "mlp": 16122045.72966015, "svr": 11865106.816915961, "gsr": 11849730.241948782}